channel_id,channel_name,created_at
1,Member_43be2b,2025-08-20 11:07:06+00:00
2,Relate_71b71c,2024-12-23 04:40:48+00:00
3,Successful_41da16,2024-01-17 01:53:41+00:00
4,Compare_12aec7,2024-08-31 14:07:01+00:00
5,Force_e8f9d5,2024-03-07 00:49:48+00:00
6,True_d9ac96,2025-05-06 17:46:40+00:00
7,Total_da810e,2024-08-11 01:41:40+00:00
8,Most_4bf0c7,2024-12-12 21:25:22+00:00
9,About_0f11c8,2025-03-11 19:28:37+00:00
10,Better_728848,2025-10-31 20:28:43+00:00
11,Brother_715471,2025-08-31 08:40:12+00:00
12,Size_20e444,2025-09-15 06:46:47+00:00
