review_category_id,name,created_at
1,Loss_0f6190,2025-01-20 14:04:07+00:00
2,Second_131864,2024-08-19 05:00:16+00:00
3,Security_0a9622,2025-10-25 21:48:29+00:00
4,Fine_689d22,2024-06-20 07:44:40+00:00
5,Take_8d3269,2024-09-09 18:56:34+00:00
6,Agree_211e4b,2025-02-11 13:21:50+00:00
7,Share_086203,2024-10-13 16:27:16+00:00
8,Hold_34a070,2025-06-17 04:29:05+00:00
9,School_cd4416,2024-06-18 02:56:49+00:00
10,Political_b6c163,2024-12-02 05:51:41+00:00
11,Yeah_8b2d00,2025-05-05 01:42:28+00:00
12,Together_d049e0,2025-04-27 08:57:44+00:00
13,Yourself_16c7df,2024-12-19 03:39:21+00:00
14,Politics_c08969,2024-02-24 01:03:27+00:00
15,Seek_25f4a5,2025-01-16 23:01:17+00:00
16,Very_0bff96,2024-03-22 16:43:30+00:00
17,Company_981273,2024-06-22 23:09:00+00:00
18,Near_ebd5fa,2025-05-14 01:32:03+00:00
19,Always_09ea82,2024-11-25 12:12:47+00:00
20,High_ca4d16,2025-11-19 21:41:39+00:00
21,Create_4bcb57,2024-08-19 20:21:00+00:00
22,Ever_9a6563,2024-10-12 07:09:46+00:00
23,Suffer_1dcae8,2025-01-16 10:10:57+00:00
24,Color_3076f0,2024-03-18 15:03:46+00:00
25,Could_72ac16,2025-11-15 21:47:26+00:00
26,Any_a56a8e,2025-12-30 21:57:44+00:00
27,Brother_f68505,2024-09-28 08:05:26+00:00
28,Per_a5a0c7,2025-12-22 16:35:13+00:00
29,Forget_547876,2025-05-26 01:09:56+00:00
30,Within_2b3fa5,2025-09-02 09:03:46+00:00
31,Strategy_fb9525,2025-01-23 14:37:15+00:00
32,Million_fc02a4,2026-01-09 03:29:50+00:00
33,Result_1a1f9d,2024-01-17 11:57:25+00:00
34,Teacher_077c51,2024-10-30 06:39:21+00:00
35,Director_97daf8,2025-03-15 16:12:27+00:00
36,Conference_671314,2024-08-17 04:22:08+00:00
37,Onto_b4fb8a,2024-07-08 03:45:39+00:00
38,Suddenly_177571,2025-01-27 06:31:00+00:00
39,Defense_448eae,2025-09-06 17:38:52+00:00
40,Close_c63bc2,2025-08-19 05:54:49+00:00
41,Itself_78e2bf,2025-02-02 16:03:48+00:00
42,Throw_251b88,2024-04-12 07:49:58+00:00
43,Than_532eeb,2024-10-28 15:41:00+00:00
44,Feel_a920a2,2024-05-18 03:10:23+00:00
45,Action_014048,2024-12-16 22:26:28+00:00
46,Explain_a22a7f,2025-03-07 10:18:30+00:00
47,Industry_c7d437,2025-09-22 11:55:30+00:00
48,Quickly_4db0e4,2025-10-15 05:13:12+00:00
49,Left_3fa44b,2025-12-26 21:17:49+00:00
50,Early_7311da,2025-05-07 18:06:44+00:00
51,Candidate_9086ed,2025-05-21 13:32:19+00:00
52,Him_8441f8,2024-01-21 13:49:07+00:00
53,Series_614890,2025-12-22 22:52:26+00:00
54,Kind_bd0075,2024-08-25 19:42:31+00:00
55,Thank_5b001b,2025-10-15 18:37:17+00:00
56,Discover_6603ad,2025-07-17 15:16:37+00:00
57,Three_4bf9b1,2024-04-16 04:01:24+00:00
58,Everyone_6f16e2,2024-09-19 15:39:55+00:00
59,Notice_500b57,2025-11-20 03:36:36+00:00
60,Him_70e6b3,2025-05-17 03:46:26+00:00
61,Force_baf5b9,2024-03-07 18:43:25+00:00
62,Effect_450e92,2025-03-10 04:31:03+00:00
63,Design_28905a,2024-05-03 19:06:39+00:00
64,There_f79ecf,2024-07-19 09:34:26+00:00
65,Building_f1fb4e,2025-04-01 06:00:58+00:00
66,Every_7c702a,2024-12-19 06:36:14+00:00
67,Huge_dc7845,2026-01-04 06:27:08+00:00
68,Human_4fadcc,2025-11-26 07:53:19+00:00
69,Fill_312ca8,2024-02-12 00:37:19+00:00
70,Support_a5cfdb,2024-02-15 21:17:23+00:00
71,Represent_2e5e18,2025-04-08 14:33:37+00:00
72,Wall_da1e08,2025-12-14 06:04:44+00:00
73,Game_915a95,2025-12-30 03:02:50+00:00
74,Magazine_9cff48,2024-04-06 06:06:15+00:00
75,From_72f9d4,2024-06-12 23:08:31+00:00
76,Soldier_18de37,2024-09-04 14:26:11+00:00
77,Program_fe8179,2024-07-12 22:48:08+00:00
78,Trade_04ac8f,2025-12-18 11:53:36+00:00
79,Shake_6a5769,2025-02-06 11:41:44+00:00
80,Improve_013d43,2025-08-10 15:04:15+00:00
81,Take_21869e,2024-05-24 03:18:16+00:00
82,Far_f65149,2026-01-04 09:30:43+00:00
83,Road_aa4c1e,2025-10-31 02:54:20+00:00
84,Grow_345fc0,2024-06-25 23:14:35+00:00
85,Stay_c59231,2024-04-30 10:03:03+00:00
86,Statement_9407bf,2025-12-19 07:48:39+00:00
87,My_626020,2024-08-10 18:45:16+00:00
88,Property_3a5a43,2025-09-18 14:05:02+00:00
89,Picture_c58f07,2024-01-12 02:26:36+00:00
90,Finally_fc4a0a,2024-10-17 16:22:05+00:00
91,Better_758207,2025-06-27 15:42:41+00:00
92,Heavy_6c875b,2025-12-17 03:26:31+00:00
93,Personal_06282f,2024-08-02 18:39:27+00:00
94,Ready_d61a80,2025-10-11 07:01:14+00:00
95,Others_2f780c,2024-02-10 16:45:37+00:00
96,Sometimes_1c9278,2024-12-06 14:18:04+00:00
97,Paper_97ca10,2025-05-31 23:10:58+00:00
98,Air_d92052,2024-04-27 07:39:49+00:00
99,Big_8b9428,2025-01-03 08:39:53+00:00
100,Myself_72fcae,2024-09-01 11:54:28+00:00
101,That_3eaec4,2024-04-10 23:01:03+00:00
102,School_05d2e0,2025-06-14 06:28:30+00:00
103,Material_a1f10f,2024-04-29 12:03:47+00:00
104,Treatment_5b41bf,2024-06-18 05:37:48+00:00
105,Issue_e406aa,2025-08-10 09:18:15+00:00
106,Popular_04ae5f,2025-10-15 01:15:57+00:00
107,Party_a2147d,2025-01-27 04:03:44+00:00
108,Similar_3ef6fd,2024-04-09 05:46:03+00:00
109,Exist_5fc49f,2024-04-15 01:24:23+00:00
110,Beautiful_7e1af7,2025-03-20 07:33:27+00:00
111,Assume_55a16e,2025-04-16 13:05:23+00:00
112,Return_abd8de,2025-06-13 03:29:46+00:00
113,Almost_35fe60,2024-11-08 19:49:11+00:00
114,Store_98c0c0,2025-08-07 14:46:04+00:00
115,Remember_1f19e5,2025-01-22 23:53:10+00:00
116,Three_19a173,2024-01-27 17:15:21+00:00
117,Believe_65f063,2024-03-21 00:29:43+00:00
118,Quality_a1fb97,2024-06-20 06:20:17+00:00
119,True_68928d,2025-01-10 04:28:33+00:00
120,No_1f8213,2025-02-20 04:41:29+00:00
121,Bag_704d9a,2025-06-19 00:10:23+00:00
122,Increase_a1137c,2024-07-23 16:37:30+00:00
123,Training_67eaf4,2025-01-01 04:11:42+00:00
124,Hold_59530d,2024-08-07 05:51:42+00:00
125,Manage_5157e8,2024-09-20 08:49:10+00:00
126,Eye_94ab4c,2024-05-18 07:00:36+00:00
127,Court_8a3f0d,2024-06-26 20:54:14+00:00
128,Husband_b78911,2024-07-29 06:19:24+00:00
129,Strategy_5a945e,2025-08-29 13:14:11+00:00
130,Do_e74c79,2024-12-27 07:45:56+00:00
131,Material_48f179,2024-10-13 06:52:06+00:00
132,State_647d17,2024-12-22 01:21:53+00:00
133,Blood_f5cd33,2025-04-13 06:43:08+00:00
134,Green_177e30,2024-01-19 18:15:34+00:00
135,Exist_897dfe,2025-07-22 03:34:01+00:00
136,Almost_1371ad,2025-05-18 05:03:20+00:00
137,Scene_e1863f,2024-11-15 19:26:05+00:00
138,Charge_9a8561,2024-10-13 21:10:29+00:00
139,Structure_2bdadc,2024-09-13 21:19:33+00:00
140,Space_9db9c3,2024-09-10 14:14:23+00:00
141,Give_a74047,2025-02-21 03:49:40+00:00
142,Trouble_8bb267,2024-08-20 07:02:55+00:00
143,Race_cae55b,2025-04-06 23:43:23+00:00
144,Truth_e63efc,2025-02-18 23:49:12+00:00
145,Before_3e2825,2024-11-29 17:09:18+00:00
146,Yet_9c8041,2025-06-23 07:29:59+00:00
147,Level_1f0950,2024-12-28 13:32:01+00:00
148,Stuff_1c6294,2024-11-18 23:43:54+00:00
149,Side_552eff,2025-07-18 18:15:07+00:00
150,Who_8842e5,2025-09-25 13:29:05+00:00
151,Character_ec0118,2024-03-07 17:32:24+00:00
152,Mind_0b1e4b,2025-02-26 20:58:57+00:00
153,Figure_a15913,2025-03-25 11:48:54+00:00
154,Include_fdd1f2,2025-01-17 22:32:12+00:00
155,Paper_812d60,2025-12-04 09:42:51+00:00
156,Or_920815,2025-01-15 12:28:00+00:00
157,Account_0206a6,2024-12-30 23:12:08+00:00
158,Gun_ab903f,2025-02-10 10:02:13+00:00
159,Report_22d821,2024-08-09 10:26:38+00:00
160,Population_96531c,2025-10-28 16:33:43+00:00
161,Agree_872a10,2025-02-01 06:19:01+00:00
162,Page_1948b4,2025-09-03 05:01:42+00:00
163,Thank_7dd328,2025-02-21 08:38:37+00:00
164,Try_a33152,2025-08-01 14:11:08+00:00
165,Professional_4155c8,2025-12-29 11:40:34+00:00
166,Turn_a91d24,2025-07-11 23:53:36+00:00
167,Plan_7f4086,2025-07-16 22:40:54+00:00
168,Voice_e96796,2025-09-20 22:39:43+00:00
169,Room_0bf766,2025-10-12 18:37:31+00:00
170,Dark_897942,2025-05-31 17:32:00+00:00
171,Parent_5c06a8,2024-11-22 16:17:50+00:00
172,Agreement_36fe4c,2025-05-23 22:20:57+00:00
173,My_839f42,2025-08-13 11:47:29+00:00
174,Similar_cbae05,2024-02-16 10:46:15+00:00
175,Sea_37938f,2025-08-22 21:08:30+00:00
176,Book_7ccd4c,2025-07-23 22:21:58+00:00
177,Until_1016fc,2024-02-03 04:03:34+00:00
178,Total_cfb192,2025-06-04 23:23:35+00:00
179,Whom_56a529,2024-10-10 05:44:51+00:00
180,Wish_2c036c,2024-12-11 00:27:01+00:00
181,Down_7cad0c,2024-08-12 17:29:58+00:00
182,Suffer_ed6c2c,2024-05-03 02:06:36+00:00
183,Season_e52e7b,2024-06-13 14:42:33+00:00
184,Check_ea8e78,2024-03-11 18:43:27+00:00
185,These_748fac,2024-04-16 19:25:08+00:00
186,Issue_1198ec,2025-07-30 15:37:43+00:00
187,Available_78ec75,2025-02-08 19:58:48+00:00
188,Nothing_72b83d,2024-09-27 10:57:23+00:00
189,Blood_e73b63,2024-03-03 21:33:57+00:00
190,Someone_c05f31,2024-12-09 03:07:06+00:00
191,Through_a83124,2024-08-05 22:21:59+00:00
192,Though_bfa72d,2024-02-24 11:25:27+00:00
193,Scene_0288c6,2025-08-21 20:16:47+00:00
194,Natural_7d08be,2024-07-01 18:39:56+00:00
195,Debate_34bd75,2025-01-03 19:47:36+00:00
196,Own_4d4cf1,2024-05-29 20:31:16+00:00
197,Message_6c1e68,2025-12-18 14:05:32+00:00
198,Inside_9390d3,2025-11-19 00:17:41+00:00
199,Painting_38faa3,2024-12-24 00:44:17+00:00
200,Fast_1255a7,2025-06-16 01:11:36+00:00
201,Rate_380164,2024-12-23 18:46:37+00:00
202,Food_145707,2025-04-29 00:42:41+00:00
203,Poor_217b4f,2024-05-29 22:32:39+00:00
204,Fly_50610e,2024-12-25 05:47:43+00:00
205,Civil_4d7c9f,2025-02-15 22:53:50+00:00
206,Sometimes_0e7823,2024-02-23 00:29:35+00:00
207,Kid_921d8a,2025-10-26 13:59:22+00:00
208,Treatment_4a2ec8,2024-05-17 07:58:19+00:00
209,Quite_5b9e8a,2024-02-25 20:22:42+00:00
210,Her_771433,2024-11-24 13:27:28+00:00
211,Collection_1854ed,2024-12-05 04:40:59+00:00
212,Movement_9026bb,2025-11-13 00:55:37+00:00
213,Defense_5d2a20,2025-02-14 12:11:12+00:00
214,Sometimes_f0baf0,2024-08-01 06:41:16+00:00
215,Hair_675d0a,2024-02-21 15:15:30+00:00
216,Traditional_40f2bb,2024-02-16 15:58:26+00:00
217,Nearly_7cfeff,2025-12-21 13:24:37+00:00
218,Continue_c94430,2025-02-12 20:02:13+00:00
219,Traditional_5640af,2025-06-11 22:40:56+00:00
220,Side_c4017a,2024-12-24 20:37:16+00:00
221,Score_9d136e,2024-08-05 20:12:36+00:00
222,Almost_bd8d38,2025-06-14 02:40:23+00:00
223,Idea_03e799,2025-05-19 04:47:38+00:00
224,Pass_2e5546,2024-04-09 19:21:29+00:00
225,College_e03cff,2025-09-15 20:59:27+00:00
226,Event_c5ad50,2024-03-24 06:15:35+00:00
227,Bag_f31e32,2024-10-30 10:37:44+00:00
228,Stage_4cb2c1,2024-05-18 13:16:47+00:00
229,Share_8971fd,2024-06-18 19:20:39+00:00
230,Wind_8bca27,2024-12-27 05:44:01+00:00
231,Policy_5c4b24,2024-08-04 05:45:09+00:00
232,Medical_88b935,2024-09-08 09:56:31+00:00
233,Stock_757870,2025-06-13 03:57:28+00:00
234,Ground_f76410,2024-06-26 00:48:08+00:00
235,White_da94c0,2025-02-17 08:18:43+00:00
236,Glass_1bfc8b,2024-02-20 12:27:24+00:00
237,Out_d9ba5f,2024-11-25 23:39:18+00:00
238,Form_f4c694,2024-03-04 11:42:13+00:00
239,Attorney_167347,2025-03-23 11:10:04+00:00
240,Art_2ab573,2024-02-25 17:24:24+00:00
241,Apply_68334f,2024-01-18 05:24:41+00:00
242,Perhaps_b5155a,2024-07-01 03:09:51+00:00
243,Effect_93805e,2024-12-31 06:51:56+00:00
244,Just_1cc393,2024-02-02 23:44:29+00:00
245,Seven_84d4cc,2024-09-14 03:20:07+00:00
246,Probably_423fcb,2024-07-14 04:46:15+00:00
247,Generation_52b99b,2024-06-23 18:21:07+00:00
248,Star_b2cd2f,2025-01-15 00:33:52+00:00
249,Rest_a13594,2026-01-04 21:19:29+00:00
250,Rock_77dcf6,2025-02-23 13:49:18+00:00
251,Girl_794bde,2025-04-30 13:27:13+00:00
252,Oil_745496,2024-04-03 03:49:23+00:00
253,Morning_55bdb0,2024-02-22 14:52:29+00:00
254,Reduce_9366a8,2024-05-08 04:11:29+00:00
255,Clear_9d6fe1,2024-08-16 19:23:26+00:00
256,Anyone_388120,2025-06-28 13:42:58+00:00
257,Buy_fd36f9,2025-01-09 10:00:29+00:00
258,Reflect_f96fd4,2025-07-14 18:46:05+00:00
259,Yourself_0c4db7,2024-10-20 17:15:25+00:00
260,Democratic_51ac2a,2025-09-18 15:13:31+00:00
261,Born_099321,2025-05-06 14:14:02+00:00
262,Treat_4acba6,2025-12-01 17:04:03+00:00
263,Push_6e1eac,2025-06-03 06:14:11+00:00
264,Official_9c8f0e,2024-03-18 02:17:42+00:00
265,Court_69ef85,2024-12-13 20:25:52+00:00
266,Star_a589e2,2025-06-28 10:18:23+00:00
267,Arrive_ae9fe5,2025-11-02 13:30:01+00:00
268,Kind_a43ee1,2025-02-24 16:33:51+00:00
269,Brother_468e46,2024-10-07 01:34:20+00:00
270,Standard_3c5ba0,2025-02-05 12:46:44+00:00
271,Give_20ec0d,2025-01-31 23:33:11+00:00
272,Summer_75b269,2025-04-14 09:16:55+00:00
273,Memory_2537c6,2024-03-14 21:12:22+00:00
274,Ready_c98e60,2025-06-06 22:42:51+00:00
275,Myself_2c8934,2024-02-09 03:07:06+00:00
276,Party_ffb9f2,2026-01-01 10:12:45+00:00
277,To_dafcb7,2024-04-03 21:49:59+00:00
278,Opportunity_986f03,2025-01-09 21:15:20+00:00
279,One_504234,2024-10-14 18:32:56+00:00
280,Either_97fc8e,2025-12-02 05:39:56+00:00
281,Heart_22d650,2025-08-13 11:12:38+00:00
282,Try_80e818,2025-10-27 10:01:22+00:00
283,Nation_7f8d2e,2025-03-04 15:31:15+00:00
284,West_62c34b,2024-12-13 21:20:44+00:00
285,Relate_66f582,2025-08-09 14:53:18+00:00
286,Win_445c19,2024-07-07 06:00:45+00:00
287,Move_6f68d0,2024-05-15 21:09:08+00:00
288,Phone_059b0b,2024-03-07 10:33:37+00:00
289,Do_258a22,2024-05-04 08:41:29+00:00
290,Finally_d8f149,2024-06-26 06:55:40+00:00
291,Sell_25135f,2024-06-06 15:56:12+00:00
292,Paper_68c038,2024-08-06 13:06:41+00:00
293,Mouth_d3d9f7,2024-11-11 02:13:58+00:00
294,Pick_84793b,2024-06-13 01:18:43+00:00
295,Hope_c9aa30,2025-08-27 13:54:56+00:00
296,Term_bac434,2025-11-20 05:59:30+00:00
297,Across_734f77,2025-01-28 23:33:39+00:00
298,Sort_a35c02,2025-01-24 03:50:06+00:00
299,Notice_faa152,2025-02-27 23:47:23+00:00
300,While_f20ef5,2024-12-03 20:32:29+00:00
301,Rather_982bb0,2024-05-16 04:09:18+00:00
302,Who_64063a,2024-06-07 14:43:38+00:00
303,Skill_e18cf3,2025-08-27 23:19:11+00:00
304,More_d706c3,2024-04-29 23:55:06+00:00
305,Voice_30c6b5,2024-09-30 22:37:27+00:00
306,Imagine_998bab,2025-11-10 10:33:27+00:00
307,Despite_744c3a,2025-08-10 05:24:11+00:00
308,Small_ba7a9b,2024-04-16 17:06:36+00:00
309,Traditional_727853,2025-08-25 18:15:19+00:00
310,Forward_912c2a,2025-09-17 00:17:46+00:00
311,Exactly_e6b5dd,2025-03-30 15:22:59+00:00
312,Ahead_439b15,2024-09-19 04:53:44+00:00
313,Myself_9cafc3,2024-10-09 09:53:41+00:00
314,Set_4ec507,2025-04-17 14:53:42+00:00
315,Member_c9b6fb,2024-11-19 04:34:23+00:00
316,Sign_0c6825,2025-05-26 22:12:20+00:00
317,Body_36ff77,2024-08-27 01:30:05+00:00
318,Clear_77e3c3,2025-12-28 14:37:48+00:00
319,Or_c5b8ab,2024-11-30 21:03:10+00:00
320,Often_674213,2024-05-15 13:53:22+00:00
321,Against_66aa02,2024-11-13 07:32:47+00:00
322,Year_ef6890,2025-05-08 20:13:33+00:00
323,Clear_bb9f6b,2024-06-30 21:03:10+00:00
324,Upon_0015d8,2025-12-08 01:12:23+00:00
325,Animal_00c091,2025-03-28 19:51:48+00:00
326,Well_ffc771,2025-07-03 21:40:00+00:00
327,Surface_018cbc,2025-01-15 20:35:18+00:00
328,Hotel_84bc02,2024-10-25 22:15:16+00:00
329,Land_0b9cdb,2025-06-19 00:43:07+00:00
330,Pass_b4a44d,2024-10-13 16:41:24+00:00
331,Consumer_9689e7,2025-09-21 13:25:02+00:00
332,Blue_edc86c,2024-10-27 14:29:46+00:00
333,Career_e4c76a,2025-11-20 22:39:50+00:00
334,Knowledge_d8db55,2025-07-16 11:48:01+00:00
335,Eye_65698b,2024-04-08 22:04:35+00:00
336,Stop_fa10d4,2024-11-26 13:38:54+00:00
337,Mention_d1dd01,2025-03-09 15:23:03+00:00
338,Kitchen_050f6e,2024-04-09 23:55:26+00:00
339,Director_700b3e,2025-12-25 05:45:38+00:00
340,Available_378042,2024-07-01 00:10:27+00:00
341,Court_b8d17d,2025-06-25 01:08:47+00:00
342,Bring_8be894,2025-12-27 11:09:46+00:00
343,Activity_45999a,2024-02-28 13:02:46+00:00
344,Care_9f5f03,2024-02-26 01:20:51+00:00
345,Soldier_c0ff0d,2024-04-08 22:08:45+00:00
346,Nature_a62738,2025-11-06 13:17:42+00:00
347,Their_e0e8f6,2024-07-28 23:37:09+00:00
348,Officer_f548ba,2024-12-20 17:19:15+00:00
349,Behavior_1a8eb2,2025-02-11 14:27:30+00:00
350,Property_4c2ae9,2024-06-11 18:37:59+00:00
351,Girl_ecb1da,2024-09-29 23:25:52+00:00
352,Even_0ad8ac,2025-05-06 05:23:51+00:00
353,Physical_4c9b73,2024-01-14 16:40:57+00:00
354,Wife_39b951,2025-09-19 16:56:04+00:00
355,Piece_aac039,2025-11-19 12:21:06+00:00
356,Region_2b16ec,2025-12-03 03:48:48+00:00
357,Sound_57ade1,2024-09-18 09:55:29+00:00
358,Dream_22073d,2024-01-13 17:24:08+00:00
359,Others_74debc,2024-08-08 21:43:00+00:00
360,Wall_a09809,2025-02-15 23:16:18+00:00
361,Might_772e11,2024-09-21 21:51:45+00:00
362,Point_8dc91a,2024-07-10 09:59:08+00:00
363,Environmental_0dc865,2025-08-09 15:10:59+00:00
364,Expert_4dbbbd,2025-06-27 16:59:25+00:00
365,Find_58f043,2024-07-18 21:01:20+00:00
366,Follow_2dfee2,2025-04-19 09:21:56+00:00
367,Of_2d8228,2025-09-05 08:57:53+00:00
368,More_9e0721,2024-01-21 04:00:20+00:00
369,Health_1878d9,2025-02-14 09:12:07+00:00
370,One_cb12d7,2025-03-15 07:29:10+00:00
371,North_7a8202,2025-01-01 15:57:31+00:00
372,Grow_572a53,2025-09-30 19:39:12+00:00
373,Past_1d8615,2025-12-06 19:51:31+00:00
374,Majority_88ddff,2025-02-05 17:16:32+00:00
375,Discuss_530303,2025-08-12 08:47:04+00:00
376,Tend_7be70c,2025-09-22 19:30:18+00:00
377,Long_395634,2025-06-14 22:02:44+00:00
378,Despite_041a63,2024-04-05 20:56:50+00:00
379,Message_a8c675,2024-10-26 08:23:34+00:00
380,Imagine_877f7f,2024-03-10 18:26:50+00:00
381,Ready_8119b2,2025-08-06 14:26:12+00:00
382,None_bf4b4a,2025-12-22 11:03:51+00:00
383,Address_7b57af,2025-02-21 15:39:45+00:00
384,Law_c71c71,2024-12-27 01:13:26+00:00
385,Clear_70d0c6,2025-01-18 00:22:16+00:00
386,Direction_42d938,2024-06-15 18:23:01+00:00
387,Decide_c92e7d,2024-04-29 10:12:10+00:00
388,Item_c78d1c,2024-06-18 04:35:39+00:00
389,Stock_7ad1fa,2026-01-08 12:33:17+00:00
390,Whatever_79b471,2024-08-17 08:32:50+00:00
391,Firm_6d7012,2025-05-09 00:32:28+00:00
392,Simply_220c9d,2024-08-23 17:29:59+00:00
393,Ever_62f893,2024-05-25 00:29:14+00:00
394,Kind_0d7a39,2025-10-24 07:28:48+00:00
395,Part_efa3e2,2024-11-20 19:28:34+00:00
396,Try_e0283a,2024-06-03 16:15:55+00:00
397,Story_f9c007,2024-10-29 21:37:41+00:00
398,Stuff_d60063,2024-07-29 10:25:52+00:00
399,Poor_01ecc8,2025-04-27 01:52:15+00:00
400,Good_61258b,2025-12-13 03:18:49+00:00
401,Civil_2af8bc,2024-03-06 12:45:35+00:00
402,Born_5fb4bf,2024-05-24 08:15:51+00:00
403,Policy_7f97f9,2025-03-28 08:39:51+00:00
404,Whether_87f77d,2025-08-21 02:17:38+00:00
405,Lead_a96158,2024-08-14 20:02:27+00:00
406,Black_2de38f,2024-04-06 20:55:48+00:00
407,Them_cec9f0,2024-12-28 04:08:01+00:00
408,Create_03be29,2025-06-27 22:27:16+00:00
409,And_809bdb,2025-09-17 23:07:16+00:00
410,Ability_f02137,2025-05-18 20:16:40+00:00
411,Early_f27ba4,2025-09-10 14:38:37+00:00
412,Fire_6f9301,2025-03-12 18:50:16+00:00
413,Design_a0f871,2025-03-09 09:51:12+00:00
414,Past_2837ff,2024-01-14 00:48:18+00:00
415,Manager_fc4a7a,2025-07-16 19:35:40+00:00
416,Image_65dce4,2024-06-09 06:31:48+00:00
417,Believe_082033,2024-04-13 18:09:21+00:00
418,Offer_38f70c,2025-04-09 15:11:24+00:00
419,Short_bc1004,2025-11-06 10:51:30+00:00
420,Nice_ab1d27,2025-08-02 02:05:23+00:00
421,Image_e978e8,2024-09-08 17:36:42+00:00
422,Forward_268522,2025-11-08 17:06:10+00:00
423,Make_9cd1f5,2025-03-18 05:46:38+00:00
424,Share_0e9d71,2025-06-09 10:58:56+00:00
425,Read_08fd27,2025-10-12 03:11:03+00:00
426,Member_0c0f20,2026-01-02 09:53:03+00:00
427,Clearly_893f5d,2024-05-14 05:39:07+00:00
428,Number_39e7f3,2024-08-15 22:08:53+00:00
429,Apply_156efe,2024-05-26 23:44:01+00:00
430,Suffer_a17599,2024-04-12 14:12:02+00:00
431,Series_fdc538,2025-10-01 14:14:59+00:00
432,Special_c603cd,2024-01-22 17:52:11+00:00
433,Full_e5e070,2025-11-29 03:02:32+00:00
434,Discuss_6162be,2025-05-18 22:27:00+00:00
435,Thank_6230ec,2025-04-23 21:51:18+00:00
436,Poor_4a9787,2025-01-23 06:15:33+00:00
437,Administration_b58eae,2025-09-26 12:31:49+00:00
438,Trouble_db59f4,2024-02-22 04:55:39+00:00
439,Experience_d7a8cf,2024-04-11 14:06:04+00:00
440,Yet_b01e40,2025-02-15 19:24:01+00:00
441,Pick_08da16,2024-12-06 20:24:44+00:00
442,Establish_0dca10,2025-05-17 04:13:56+00:00
443,Drive_9bac60,2024-11-06 21:18:27+00:00
444,Drug_8a2716,2025-01-23 16:48:18+00:00
445,Story_e87fa4,2025-07-13 08:15:05+00:00
446,Several_10c9b6,2025-11-29 05:34:55+00:00
447,Quite_e8312f,2025-05-19 06:29:35+00:00
448,Unit_5bf38e,2025-05-29 23:30:45+00:00
449,Go_b5b27b,2024-11-07 11:00:37+00:00
450,Fight_53203d,2024-02-08 06:05:54+00:00
451,Structure_8d8e9a,2025-12-30 14:55:28+00:00
452,Herself_aff263,2024-12-05 17:41:32+00:00
453,Development_25ad95,2025-11-20 13:06:52+00:00
454,Store_196f83,2024-07-31 13:07:48+00:00
455,Set_b14441,2024-11-03 16:04:16+00:00
456,Down_55fb52,2025-01-04 05:49:13+00:00
457,Soldier_8b63ec,2025-12-07 05:08:09+00:00
458,Conference_21fc67,2025-05-11 08:10:01+00:00
459,Difference_b3c0ae,2024-05-03 16:21:10+00:00
460,Air_618fc9,2025-06-23 06:02:28+00:00
461,By_5ba972,2024-04-18 05:41:45+00:00
462,Down_9da8a7,2025-11-13 05:23:50+00:00
463,You_a8e557,2024-11-02 16:07:22+00:00
464,Yes_929d54,2024-09-13 00:49:19+00:00
465,Test_e8aa0b,2025-11-23 19:36:34+00:00
466,Ever_b59312,2024-09-29 11:35:19+00:00
467,Other_89f671,2025-04-08 05:47:50+00:00
468,Forget_d6582e,2024-09-14 09:09:48+00:00
469,Always_1d1157,2024-04-10 22:46:32+00:00
470,Management_978453,2025-08-17 08:00:25+00:00
471,Claim_40a816,2024-02-14 05:23:23+00:00
472,Human_637b31,2025-04-24 04:26:29+00:00
473,Question_8fa3b3,2024-09-28 15:33:26+00:00
474,Detail_39b76b,2024-06-22 10:28:10+00:00
475,Teach_392d58,2025-09-24 11:57:40+00:00
476,Himself_b43a40,2024-04-16 11:18:39+00:00
477,Air_cfbe22,2025-12-29 10:23:59+00:00
478,Analysis_af8d91,2024-11-06 16:04:10+00:00
479,Building_6e53c4,2024-04-30 18:00:21+00:00
480,Pm_79ddd1,2024-11-12 14:42:54+00:00
481,Contain_a8418d,2025-08-16 06:13:39+00:00
482,Even_10950b,2024-08-08 18:48:13+00:00
483,Go_085483,2025-07-01 06:00:39+00:00
484,Activity_47be0a,2025-03-30 09:19:52+00:00
485,I_a0d994,2025-07-15 08:25:46+00:00
486,Interest_f8bfe2,2025-04-07 20:58:16+00:00
487,Feel_ba3d3f,2025-12-16 01:54:21+00:00
488,Prove_da60b0,2026-01-09 17:36:22+00:00
489,Tree_449b90,2024-12-29 13:16:11+00:00
490,Break_a29eb5,2024-04-07 19:20:08+00:00
491,Because_539e10,2025-09-18 16:44:56+00:00
492,Personal_681b72,2025-12-05 16:57:22+00:00
493,Bring_72d878,2024-12-30 03:32:45+00:00
494,Ball_4a4a84,2024-09-17 20:35:30+00:00
495,Treat_6d57e3,2024-03-22 16:39:43+00:00
496,Such_5bebfc,2025-04-12 02:08:35+00:00
497,Draw_4f87c9,2025-11-27 10:27:53+00:00
498,Beyond_fe3630,2025-11-13 22:13:29+00:00
499,Own_07e66f,2024-12-18 09:31:57+00:00
500,That_cd44aa,2025-05-10 20:19:02+00:00
501,Himself_b5beab,2025-02-21 19:33:20+00:00
502,Already_8ea552,2024-11-05 17:42:13+00:00
503,Two_980505,2025-03-28 17:14:07+00:00
504,Toward_2c6b69,2025-07-03 11:18:55+00:00
505,Model_0d435b,2024-09-21 02:02:09+00:00
506,Trip_2214c0,2024-11-26 00:22:39+00:00
507,Level_2f66aa,2024-02-14 07:27:47+00:00
508,Option_61736f,2024-09-21 01:07:20+00:00
509,Late_1b04f1,2024-01-18 05:12:32+00:00
510,Smile_db83ca,2024-08-15 12:21:06+00:00
511,Watch_2542f1,2025-04-06 10:59:08+00:00
512,Office_09f545,2024-10-12 11:34:11+00:00
513,Likely_94b654,2024-12-31 04:35:50+00:00
514,Test_58a716,2024-09-25 15:34:54+00:00
515,According_8ea246,2025-07-01 04:46:04+00:00
516,Million_38cb9f,2025-07-20 02:10:18+00:00
517,Third_257aed,2024-05-08 01:01:20+00:00
518,Floor_259553,2025-04-02 10:37:10+00:00
519,Of_72e154,2024-02-17 02:28:40+00:00
520,Ask_0e42e1,2024-08-05 16:33:49+00:00
521,Pull_2ef208,2024-11-08 17:25:35+00:00
522,Light_bc8a51,2025-03-12 11:00:47+00:00
523,Interview_ad6674,2024-05-12 19:21:07+00:00
524,Have_a0bfb5,2024-09-28 17:19:30+00:00
525,Play_e9200f,2024-06-01 22:03:41+00:00
526,Source_9c05f2,2025-10-30 06:30:46+00:00
527,Meet_c01b80,2025-05-03 19:35:56+00:00
528,None_525d2b,2024-10-22 16:47:02+00:00
529,Author_9c273d,2024-03-16 09:52:22+00:00
530,Security_360cdf,2025-12-30 13:51:44+00:00
531,Mother_50c605,2025-03-15 22:39:02+00:00
532,Feel_98a5ac,2025-11-23 22:28:15+00:00
533,Reality_aab600,2024-12-15 20:05:19+00:00
534,Leg_19c8a3,2024-06-25 11:44:15+00:00
535,Black_a696a5,2024-05-06 20:47:16+00:00
536,Section_a9b6e4,2025-09-21 17:38:23+00:00
537,Off_724e1c,2024-10-11 15:41:23+00:00
538,Box_aed81a,2025-12-21 07:14:53+00:00
539,Brother_9b08f4,2024-09-18 01:17:46+00:00
540,Sit_3a4898,2024-08-06 02:31:24+00:00
541,Fund_571295,2025-11-02 21:57:40+00:00
542,Ready_f8807b,2025-09-10 08:04:57+00:00
543,Civil_b2b1fb,2025-02-16 10:03:08+00:00
544,Subject_6b7475,2025-03-27 09:37:08+00:00
545,Reach_b60f2c,2024-04-08 06:56:41+00:00
546,Control_7e8c4e,2025-06-11 10:24:51+00:00
547,Threat_11b83e,2025-02-10 11:23:58+00:00
548,Science_9402fd,2024-05-02 06:14:11+00:00
549,Chance_9ca0a5,2025-10-09 19:40:51+00:00
550,Two_dc70b7,2024-05-18 00:00:31+00:00
551,Effort_939771,2024-03-22 17:27:23+00:00
552,Never_4e0b63,2024-12-09 11:19:57+00:00
553,Establish_54fe7f,2025-08-17 01:34:02+00:00
554,Bit_698df6,2024-05-09 11:29:30+00:00
555,Level_7cabbf,2025-11-21 11:06:21+00:00
556,Edge_65afbc,2024-03-07 20:17:47+00:00
557,Seem_ca7563,2025-07-26 23:41:11+00:00
558,Person_52264f,2025-09-09 22:54:59+00:00
559,Item_724474,2024-04-09 10:58:42+00:00
560,This_6a99a9,2024-08-06 17:03:59+00:00
561,Relationship_463d3b,2025-01-20 10:53:52+00:00
562,Eat_239b41,2024-11-28 19:42:09+00:00
563,Certain_c4210b,2024-06-16 15:02:46+00:00
564,Suddenly_5a0be9,2024-04-06 14:52:33+00:00
565,Other_4dace4,2025-02-23 13:35:24+00:00
566,Seat_4cefa1,2025-11-29 09:31:02+00:00
567,Would_293c54,2025-05-01 00:40:28+00:00
568,Moment_7f6d08,2025-02-25 13:17:35+00:00
569,Job_4801c3,2025-02-10 14:03:44+00:00
570,Magazine_57abf0,2025-07-31 03:54:11+00:00
571,Top_df2cbd,2025-11-25 17:40:08+00:00
572,Community_d11bcb,2025-01-07 09:02:20+00:00
573,Student_84aa36,2025-11-10 23:32:10+00:00
574,Nation_04f827,2024-05-30 07:09:34+00:00
575,Those_04c52e,2024-02-24 03:54:39+00:00
576,It_e4bb10,2024-07-25 06:11:18+00:00
577,Appear_406d86,2024-01-13 19:38:15+00:00
578,News_d669a1,2024-10-16 11:04:04+00:00
579,During_f2f6ad,2024-07-24 01:34:01+00:00
580,Beautiful_f735c2,2024-01-15 10:01:29+00:00
581,Mrs_e44aaf,2024-02-26 03:18:32+00:00
582,Difference_c2b391,2025-01-12 15:54:39+00:00
583,Meet_d9e505,2025-11-16 18:57:48+00:00
584,Wait_e8dc42,2024-08-31 19:51:42+00:00
585,Film_6ef397,2025-05-11 19:43:29+00:00
586,Specific_af1176,2024-02-01 11:54:19+00:00
587,Staff_a653c2,2024-08-24 08:56:07+00:00
588,Anyone_b0287c,2025-08-15 07:54:54+00:00
589,Six_34b13f,2024-04-08 02:36:54+00:00
590,All_7f79df,2024-05-28 00:44:16+00:00
591,Miss_1aee0b,2024-07-23 08:10:37+00:00
592,A_7275e8,2025-03-29 05:02:58+00:00
593,Real_0c9e2a,2025-02-24 11:22:27+00:00
594,Magazine_e522a2,2024-07-31 12:07:53+00:00
595,Help_f797e1,2025-08-27 11:13:06+00:00
596,Finish_69c5ba,2025-09-16 13:37:20+00:00
597,Value_27bc11,2025-02-08 17:36:10+00:00
598,Say_efe993,2024-04-16 12:39:01+00:00
599,Democrat_c2133d,2024-05-05 09:52:42+00:00
600,Direction_a22ff6,2024-06-23 01:37:12+00:00
601,Same_819629,2024-03-06 06:41:46+00:00
602,Public_cb6a4d,2025-05-08 23:58:52+00:00
603,State_69aff1,2024-12-02 13:35:12+00:00
604,Someone_f131ce,2025-08-20 12:02:53+00:00
605,Anyone_38489b,2025-05-04 22:34:14+00:00
606,Involve_8ce42c,2024-05-04 21:11:39+00:00
607,Test_e64b89,2025-03-26 01:04:41+00:00
608,Five_30a6b0,2024-11-27 16:27:57+00:00
609,Center_558663,2025-10-14 05:30:58+00:00
610,Main_af1f31,2024-03-28 20:41:50+00:00
611,Give_5fdb76,2024-11-30 02:35:44+00:00
612,On_8931f5,2024-01-23 13:39:14+00:00
613,Rate_156833,2024-12-05 15:26:44+00:00
614,Policy_56fad4,2024-09-11 15:14:00+00:00
615,Old_ba3332,2024-06-25 15:55:03+00:00
616,I_2a2bf1,2025-08-06 10:48:19+00:00
617,Long_dc776c,2024-03-09 13:53:22+00:00
618,Visit_368da5,2024-11-29 15:59:31+00:00
619,Approach_a11ca7,2024-12-30 00:36:12+00:00
620,Population_6bae05,2025-02-23 20:59:40+00:00
621,Mrs_955884,2024-06-27 21:21:01+00:00
622,Goal_ff67a4,2025-03-28 15:44:40+00:00
623,Protect_c1c7d8,2025-03-08 13:44:27+00:00
624,Evening_7eeded,2025-06-04 03:00:18+00:00
625,Carry_f6eef4,2025-10-03 14:44:12+00:00
626,Again_6faea3,2024-04-17 07:28:19+00:00
627,Business_925c3a,2025-12-27 06:48:28+00:00
628,Authority_727b8c,2024-06-13 02:02:07+00:00
629,Card_9076c5,2024-04-07 19:24:35+00:00
630,Television_d06370,2025-10-22 11:50:16+00:00
631,Better_b49faf,2024-10-12 04:57:56+00:00
632,Pattern_3a60c8,2025-11-20 06:09:49+00:00
633,She_6eae56,2025-09-20 13:17:23+00:00
634,Necessary_3d76da,2024-01-18 09:35:15+00:00
635,Vote_3a75f5,2025-08-28 16:13:05+00:00
636,Country_96ee40,2025-02-12 11:10:22+00:00
637,Power_5ad83a,2024-08-20 16:06:39+00:00
638,Point_447c2d,2025-10-21 03:12:08+00:00
639,Window_3a6e1e,2025-04-28 18:25:59+00:00
640,Civil_35cd52,2025-09-22 19:15:03+00:00
641,Edge_5b6f35,2025-10-13 02:51:30+00:00
642,Minute_b0acd0,2025-02-03 12:20:28+00:00
643,Style_11708e,2025-12-27 21:02:39+00:00
644,Unit_f99a30,2024-04-08 15:45:26+00:00
645,School_c099ae,2024-04-10 04:13:48+00:00
646,Start_566756,2025-03-08 23:39:46+00:00
647,Become_e6406d,2025-11-04 07:53:20+00:00
648,Hard_3e6410,2025-01-16 15:19:02+00:00
649,Song_507c7c,2025-03-30 21:37:06+00:00
650,These_3a3b31,2024-04-26 10:17:05+00:00
651,Shake_ccb473,2024-02-10 02:25:48+00:00
652,Business_e5af4e,2024-03-01 18:57:38+00:00
653,Might_d660b9,2025-02-16 09:40:15+00:00
654,Poor_eafc3a,2024-10-26 00:56:34+00:00
655,For_595d81,2024-03-23 22:37:00+00:00
656,Former_6a70b0,2024-11-13 20:27:15+00:00
657,Even_db0384,2024-12-31 00:27:37+00:00
658,Space_1e40ca,2025-02-08 14:34:05+00:00
659,Eight_17e217,2025-11-27 19:29:19+00:00
660,Civil_9ba483,2025-12-06 08:09:51+00:00
661,Past_e81999,2025-03-29 22:21:28+00:00
662,Nice_b8b1bd,2025-04-27 06:14:40+00:00
663,Son_c96534,2025-01-19 02:35:39+00:00
664,Majority_d103f4,2024-10-02 15:24:50+00:00
665,On_5cdcf6,2024-04-07 08:22:52+00:00
666,Rule_e44c16,2024-03-24 05:46:28+00:00
667,American_aee762,2024-02-20 13:54:39+00:00
668,Fund_ed8cef,2025-08-31 19:00:20+00:00
669,Throughout_fa6daa,2025-04-07 21:48:22+00:00
670,Baby_270be6,2024-03-25 21:04:06+00:00
671,Prove_8898a0,2024-10-07 06:52:15+00:00
672,Safe_f64f61,2024-06-27 01:14:07+00:00
673,Least_e8276f,2024-11-22 15:18:48+00:00
674,Trade_0c3f2f,2024-02-21 00:05:02+00:00
675,Short_c55dcf,2024-02-06 21:08:16+00:00
676,Security_571f42,2025-04-18 00:34:28+00:00
677,Field_7dd2c2,2025-02-14 07:16:24+00:00
678,Southern_919181,2024-01-23 02:31:06+00:00
679,North_d250a4,2024-11-30 22:12:44+00:00
680,Night_9aec9d,2025-02-14 19:34:33+00:00
681,Nation_eeca81,2024-06-26 16:56:09+00:00
682,Deep_4f7d38,2025-06-23 04:30:46+00:00
683,Just_db1b4a,2025-10-06 02:13:27+00:00
684,Price_373a5c,2024-12-07 08:01:08+00:00
685,By_5f6f65,2024-11-21 12:17:31+00:00
686,Go_66033f,2025-04-21 18:22:32+00:00
687,Major_d567fa,2025-11-17 13:11:08+00:00
688,Attack_82b219,2024-01-22 19:14:21+00:00
689,Final_0e0115,2024-07-29 03:50:21+00:00
690,Should_6f81dd,2024-07-06 09:18:01+00:00
691,Issue_60a4c2,2024-03-31 06:46:40+00:00
692,Turn_7ef5ce,2025-05-28 15:04:16+00:00
693,During_538705,2025-05-09 22:06:36+00:00
694,Radio_304aef,2024-07-10 12:11:52+00:00
695,Risk_7ef304,2026-01-10 04:51:27+00:00
696,Kid_2aa88f,2024-06-17 07:40:56+00:00
697,Important_6b4c8b,2025-09-27 21:27:14+00:00
698,Later_3fcc58,2025-04-19 11:27:04+00:00
699,Cover_2a5820,2024-09-04 23:03:18+00:00
700,Dark_efe8b2,2025-09-26 01:34:44+00:00
701,Need_7fa961,2025-09-12 18:14:48+00:00
702,Ahead_099a37,2025-03-05 20:46:39+00:00
703,Them_cfc8e0,2024-02-08 04:13:18+00:00
704,Company_4377ff,2024-05-16 23:42:25+00:00
705,Once_bdfe6b,2024-06-14 11:25:36+00:00
706,Return_876909,2025-02-23 21:09:31+00:00
707,Blood_27fa00,2025-08-01 06:32:42+00:00
708,School_0bf725,2025-09-23 14:48:27+00:00
709,Sort_545391,2025-04-04 08:06:46+00:00
710,Door_101d55,2024-11-30 17:01:08+00:00
711,Success_13b55b,2025-05-26 09:05:47+00:00
712,Might_f49511,2024-08-11 18:52:53+00:00
713,Near_e651a5,2024-01-15 00:28:29+00:00
714,Citizen_1535dc,2025-06-17 03:35:41+00:00
715,Turn_95088b,2024-07-20 04:00:12+00:00
716,Interview_2f51ed,2025-05-30 03:26:19+00:00
717,Memory_ce6bfa,2025-05-26 06:09:00+00:00
718,Moment_c5aae1,2025-05-03 01:38:33+00:00
719,View_e569a6,2025-09-23 20:17:35+00:00
720,Medical_696fb9,2025-03-13 16:38:25+00:00
721,Fire_d473cd,2024-11-01 21:29:42+00:00
722,Traditional_2b8a31,2025-11-03 20:30:09+00:00
723,Fund_454bfc,2024-11-07 17:57:57+00:00
724,Firm_d0c6dc,2025-03-29 20:08:25+00:00
725,Guess_c56e32,2024-08-29 08:24:19+00:00
726,Science_1f81cb,2025-05-11 16:34:14+00:00
727,Want_180206,2024-05-10 17:38:20+00:00
728,Set_b176ff,2025-05-27 09:10:17+00:00
729,Bring_f09b38,2025-12-17 09:52:30+00:00
730,Decide_31c811,2025-02-18 06:31:20+00:00
731,Energy_1ff9bb,2025-09-08 19:31:43+00:00
732,Possible_8d115f,2024-08-10 16:50:44+00:00
733,Room_f4863c,2025-12-22 00:47:39+00:00
734,Out_49fee9,2024-11-01 03:20:13+00:00
735,Catch_93b098,2024-02-29 07:59:44+00:00
736,Affect_a74d6f,2026-01-02 19:48:46+00:00
737,Traditional_c94e10,2024-03-24 00:13:04+00:00
738,Describe_af6602,2024-07-24 12:42:46+00:00
739,Hand_024330,2025-03-04 06:12:59+00:00
740,Need_396f45,2025-07-08 13:36:09+00:00
741,Stand_c70ecc,2025-01-30 11:31:14+00:00
742,Foot_72db71,2025-04-06 22:28:24+00:00
743,Everybody_fc66c0,2025-12-07 04:36:50+00:00
744,Year_20ef94,2025-04-30 00:31:50+00:00
745,Plan_3dd569,2025-10-08 12:38:45+00:00
746,Last_8702d8,2025-05-31 13:30:34+00:00
747,Voice_d37637,2024-02-18 15:24:04+00:00
748,Knowledge_a08e62,2024-01-19 10:21:41+00:00
749,Blue_95a56d,2024-11-19 14:12:14+00:00
750,Rock_d98986,2024-09-22 07:01:58+00:00
751,Top_bfad69,2025-02-19 06:15:17+00:00
752,Shoulder_31fedf,2024-07-20 00:46:05+00:00
753,Push_011422,2024-11-24 06:59:37+00:00
754,Few_9f5c67,2025-04-03 20:36:46+00:00
755,Less_abea09,2024-04-10 07:19:15+00:00
756,Race_1c795c,2024-03-29 09:57:20+00:00
757,Reason_3e579f,2025-09-16 09:42:26+00:00
758,Crime_f22047,2024-05-25 04:40:34+00:00
759,Phone_1d9d38,2025-11-27 22:03:15+00:00
760,General_8924ab,2024-02-04 16:16:45+00:00
761,To_b11949,2024-04-08 16:56:39+00:00
762,Detail_28494e,2024-07-22 18:19:11+00:00
763,Want_1e66b2,2024-08-22 13:10:04+00:00
764,Fine_e5527e,2024-07-09 02:36:51+00:00
765,Actually_68380c,2024-05-25 23:30:20+00:00
766,Act_f46e4e,2024-03-07 10:25:11+00:00
767,Relationship_0317c7,2024-04-30 15:44:07+00:00
768,Prepare_f532de,2025-06-02 21:39:33+00:00
769,Consider_70c9c1,2025-05-12 14:47:23+00:00
770,Hot_89adf1,2024-10-14 15:16:33+00:00
771,Affect_fff56d,2025-10-15 04:12:23+00:00
772,Area_2bb30c,2024-08-27 16:07:06+00:00
773,Spring_3b1ae3,2025-04-23 16:56:43+00:00
774,Reduce_dd4d9d,2025-09-07 00:01:20+00:00
775,Enough_432bcc,2024-05-04 22:43:55+00:00
776,Hope_0a6b21,2024-06-18 02:04:47+00:00
777,Factor_42f02b,2025-05-09 17:39:18+00:00
778,Protect_bdfa4f,2025-11-16 00:46:50+00:00
779,Fast_b46eb5,2024-12-13 17:58:34+00:00
780,Really_93bfbb,2024-03-09 01:45:43+00:00
781,Really_fd75f9,2024-11-28 23:07:04+00:00
782,Magazine_01bcb2,2024-12-26 10:55:44+00:00
783,Career_bcd062,2024-05-22 01:31:48+00:00
784,Month_46526f,2025-01-05 17:41:16+00:00
785,West_447276,2024-10-14 04:37:42+00:00
786,Great_20eb07,2025-10-09 04:50:43+00:00
787,Order_420931,2024-05-24 22:54:38+00:00
788,Fight_eb7ef2,2024-02-01 03:20:55+00:00
789,Art_4a5cc7,2024-08-04 16:42:28+00:00
790,Behind_a6ebce,2024-07-28 16:25:48+00:00
791,For_cae235,2025-08-28 02:15:38+00:00
792,Road_0b4cf6,2025-10-04 13:39:14+00:00
793,Alone_312ac8,2024-12-02 16:33:14+00:00
794,Talk_965d5d,2024-08-10 12:09:25+00:00
795,Style_428561,2024-09-12 16:30:10+00:00
796,Central_b0b5f3,2025-06-21 18:39:05+00:00
797,Plan_602a3d,2024-07-22 10:08:00+00:00
798,Even_3be826,2025-04-23 23:23:05+00:00
799,Say_ef05ed,2025-06-23 02:39:56+00:00
800,Field_207b09,2025-02-07 19:23:06+00:00
801,Former_bff9d7,2024-05-31 19:40:49+00:00
802,Executive_2a755b,2025-11-12 13:52:16+00:00
803,Hair_83f23c,2025-06-29 11:51:54+00:00
804,Example_a283d8,2025-08-06 03:31:05+00:00
805,Consumer_342fcc,2025-02-28 15:58:52+00:00
806,Skill_ebedd2,2024-05-26 19:07:13+00:00
807,Old_c5378a,2024-08-04 05:12:33+00:00
808,Plan_1d230c,2024-06-28 04:35:46+00:00
809,Response_3a2c4e,2025-10-03 09:08:24+00:00
810,Either_1d35ba,2024-03-21 12:19:30+00:00
811,View_a06873,2024-04-20 21:44:49+00:00
812,Change_525544,2024-11-12 01:24:15+00:00
813,Where_c352bd,2025-01-22 23:35:36+00:00
814,Site_daff46,2024-09-23 04:48:46+00:00
815,Throw_af6c10,2025-02-06 01:44:23+00:00
816,Agree_c9a1f1,2025-10-22 08:49:01+00:00
817,Everyone_78a625,2025-04-28 05:04:27+00:00
818,Question_d81aaf,2025-05-27 02:53:26+00:00
819,Half_57bde4,2025-01-29 12:17:36+00:00
820,Door_4570a0,2025-10-01 11:11:42+00:00
821,Receive_bbcb55,2025-09-20 15:02:44+00:00
822,Far_0b1673,2025-05-15 02:09:17+00:00
823,Rest_4fa20e,2025-05-25 19:45:39+00:00
824,South_fc6483,2024-01-25 14:32:13+00:00
825,Name_eb1bd4,2024-03-12 17:52:19+00:00
826,Relate_572469,2025-02-03 22:47:25+00:00
827,Relate_75aba6,2025-10-13 18:28:24+00:00
828,Who_a94792,2025-05-20 15:44:13+00:00
829,Reason_528965,2024-05-03 15:39:02+00:00
830,Traditional_e84cf3,2025-11-22 02:13:29+00:00
831,Collection_0ce83d,2025-02-08 10:13:35+00:00
832,Degree_f0dadb,2025-07-25 09:12:14+00:00
833,Rule_a0918f,2024-05-26 01:47:10+00:00
834,May_392e1f,2024-10-02 07:57:23+00:00
835,Adult_8f819c,2025-10-31 23:06:55+00:00
836,Market_24d0ac,2024-08-17 08:43:32+00:00
837,Themselves_25cc87,2025-05-12 03:39:38+00:00
838,Plan_6e12c8,2026-01-01 19:47:19+00:00
839,Go_5f17b0,2024-08-01 07:40:09+00:00
840,Must_d754b8,2025-09-15 12:44:46+00:00
841,White_42f8bd,2025-01-18 20:01:59+00:00
842,Cut_1086eb,2025-11-28 01:29:49+00:00
843,Far_c2c64b,2025-07-05 15:20:59+00:00
844,Up_8d8001,2025-12-05 05:54:56+00:00
845,Cold_61e5e4,2024-04-21 13:40:13+00:00
846,Service_c04c28,2025-10-04 23:49:15+00:00
847,Structure_559342,2025-04-18 03:56:15+00:00
848,International_66b220,2025-03-12 13:51:17+00:00
849,Until_149baf,2024-10-22 07:15:41+00:00
850,Late_1938e1,2025-03-16 17:13:40+00:00
851,Information_b76b46,2024-12-23 21:24:24+00:00
852,Road_9e8a27,2024-02-18 11:29:29+00:00
853,Job_9db920,2024-11-25 12:45:52+00:00
854,Ten_3f4e36,2025-03-28 15:01:45+00:00
855,Officer_9a8d97,2025-05-23 22:51:24+00:00
856,Together_f01701,2025-01-23 07:28:47+00:00
857,Myself_730c8a,2024-11-09 11:25:38+00:00
858,Point_8abdfe,2024-01-15 20:04:12+00:00
859,Other_c6f840,2024-11-17 19:27:44+00:00
860,Go_3968f8,2025-11-09 00:24:15+00:00
861,In_c908ee,2025-01-10 19:55:22+00:00
862,Threat_dcbcec,2025-05-28 09:44:31+00:00
863,Whatever_2fb6d6,2024-07-08 07:04:32+00:00
864,School_387e0a,2025-01-19 18:03:11+00:00
865,Attack_7a8efc,2024-09-05 23:34:33+00:00
866,Star_f2dd84,2024-05-09 09:51:36+00:00
867,Or_356591,2024-08-01 15:44:56+00:00
868,Much_294738,2024-12-28 04:51:05+00:00
869,Its_a39fb9,2025-02-05 15:54:19+00:00
870,Quickly_d64de8,2025-02-16 19:08:59+00:00
871,Lawyer_c1bad0,2024-01-28 04:54:23+00:00
872,White_904808,2026-01-04 18:08:12+00:00
873,Civil_955cbc,2024-07-29 13:07:33+00:00
874,Speech_de3025,2025-08-22 13:33:21+00:00
875,Everyone_c6c2a3,2024-05-07 19:30:31+00:00
876,Whose_3af49c,2025-09-20 09:34:55+00:00
877,Activity_c0b6e3,2024-02-10 04:03:26+00:00
878,Table_33f179,2025-07-16 03:20:01+00:00
879,Sit_5aa822,2024-04-17 10:42:23+00:00
880,Pm_693da1,2024-09-24 18:50:24+00:00
881,Speak_704eb9,2024-07-05 00:54:31+00:00
882,Interview_b2c1b6,2025-08-22 12:01:27+00:00
883,By_2f9ade,2024-09-18 05:07:11+00:00
884,Discuss_1f01b7,2024-10-10 08:38:33+00:00
885,Up_17bad8,2024-07-13 14:20:34+00:00
886,Worker_368033,2025-05-04 07:49:40+00:00
887,Professor_6930cd,2024-06-30 19:45:05+00:00
888,Peace_af985a,2025-11-18 04:01:10+00:00
889,Film_f58600,2024-08-08 19:00:35+00:00
890,Subject_1212a8,2025-12-06 12:05:05+00:00
891,Image_719ac2,2024-10-09 18:13:42+00:00
892,Month_520676,2025-11-01 23:10:54+00:00
893,Course_2d50ed,2025-04-15 23:26:12+00:00
894,Paper_af171b,2025-03-02 12:18:23+00:00
895,Decide_2de956,2024-12-05 19:17:37+00:00
896,Ago_9e7cb8,2024-04-28 13:08:21+00:00
897,Knowledge_c39b08,2024-04-22 00:39:45+00:00
898,Star_74cb80,2024-12-28 13:24:20+00:00
899,Off_8129b7,2024-04-26 11:37:06+00:00
900,Would_a1f668,2024-06-20 11:34:36+00:00
901,After_fa7118,2025-08-29 12:38:40+00:00
902,Everyone_7d8c85,2024-06-01 11:52:31+00:00
903,Room_3899fb,2024-09-07 22:05:07+00:00
904,Ask_a7b9dc,2024-05-28 05:15:46+00:00
905,Visit_b04edf,2024-11-26 07:08:54+00:00
906,Behavior_f92c96,2024-02-18 04:16:50+00:00
907,Grow_2eef6b,2024-11-08 10:49:34+00:00
908,Professor_03f495,2024-11-27 00:53:39+00:00
909,Natural_bb2058,2025-12-26 11:44:07+00:00
910,Report_755f74,2025-01-17 23:22:48+00:00
911,Either_2b5846,2025-11-19 21:51:50+00:00
912,Rise_4980de,2024-07-13 20:47:44+00:00
913,Few_b37c6b,2024-01-24 04:48:58+00:00
914,Option_f1ba1f,2024-03-27 18:33:10+00:00
915,Prove_53fa6e,2026-01-06 12:12:34+00:00
916,Major_ea6b79,2024-12-30 10:08:44+00:00
917,Partner_068ba6,2024-12-02 05:57:01+00:00
918,Moment_963e9e,2025-01-25 13:00:00+00:00
919,Guy_ab5d1e,2026-01-07 14:56:37+00:00
920,Stuff_16289b,2024-07-19 03:28:22+00:00
921,Memory_b75d1c,2025-05-11 19:15:46+00:00
922,Purpose_b24881,2025-11-16 18:40:14+00:00
923,Throw_fa2aa1,2025-06-18 02:52:30+00:00
924,Mouth_348f9e,2025-05-04 00:37:46+00:00
925,Her_77ddf3,2025-03-11 08:47:15+00:00
926,Experience_7c6f1a,2025-09-21 05:51:38+00:00
927,Either_7d9d14,2025-09-06 18:13:20+00:00
928,Performance_0ecc8c,2024-09-01 06:09:06+00:00
929,Performance_952bfb,2024-12-04 11:51:06+00:00
930,Value_12c07b,2025-10-02 20:20:45+00:00
931,From_18e955,2024-05-06 23:16:28+00:00
932,Pull_21336f,2024-03-06 16:11:21+00:00
933,Hotel_bd66ed,2025-03-28 04:35:56+00:00
934,East_c1dcac,2024-04-16 05:59:54+00:00
935,Voice_007092,2024-05-30 07:46:33+00:00
936,Old_ccc93c,2024-09-10 13:57:30+00:00
937,Option_2bbcd1,2024-08-21 12:24:42+00:00
938,Stop_bdb535,2025-08-05 07:34:36+00:00
939,Leg_ae4dac,2024-11-27 07:35:37+00:00
940,Serve_9d9bcb,2025-01-24 21:25:56+00:00
941,Inside_b09090,2024-09-28 05:39:27+00:00
942,Room_e69651,2024-12-22 19:11:37+00:00
943,Collection_34b5ef,2025-05-28 13:00:53+00:00
944,Blue_d62024,2024-06-19 16:27:36+00:00
945,Middle_d621c5,2025-12-11 04:24:25+00:00
946,Finish_369e8b,2025-11-20 01:01:23+00:00
947,No_d51606,2025-06-05 20:55:27+00:00
948,People_a503d3,2025-06-16 05:40:48+00:00
949,Become_f7e36d,2025-10-22 02:35:22+00:00
950,Push_1990e4,2024-06-26 22:58:39+00:00
951,Future_485400,2025-02-11 04:14:42+00:00
952,Citizen_5cd61b,2024-11-29 11:59:08+00:00
953,Term_6543f8,2024-02-08 04:14:21+00:00
954,Democrat_724286,2024-03-17 22:45:29+00:00
955,Charge_d86ef7,2024-11-10 11:46:24+00:00
956,Gas_62c06d,2024-09-01 16:58:48+00:00
957,Whether_8ae669,2025-04-30 13:02:45+00:00
958,Compare_d6a7d8,2025-02-26 20:43:04+00:00
959,Seat_e282f7,2026-01-09 16:26:06+00:00
960,Firm_d77c66,2024-05-11 17:05:48+00:00
961,Hour_86a359,2024-11-25 04:19:28+00:00
962,View_b05c63,2025-09-06 18:13:20+00:00
963,Affect_b9e66a,2024-04-23 00:19:29+00:00
964,Above_8a0932,2025-04-10 18:30:15+00:00
965,Issue_32a5dc,2025-01-01 02:15:40+00:00
966,Speak_c47ab5,2025-07-01 02:03:22+00:00
967,Rest_e5b9a4,2025-11-23 21:50:37+00:00
968,Resource_047b1e,2024-03-05 03:11:47+00:00
969,Kid_9de87f,2024-12-07 05:00:27+00:00
970,According_b95380,2025-10-17 02:18:24+00:00
971,Marriage_3dfa8b,2025-12-28 06:02:46+00:00
972,People_d97db8,2024-08-21 09:30:14+00:00
973,Civil_74ad47,2024-03-13 08:20:49+00:00
974,Later_9889f3,2024-12-14 04:37:04+00:00
975,Property_2f9ece,2025-08-24 13:02:04+00:00
976,Summer_a0da75,2025-07-26 03:18:23+00:00
977,Less_74772b,2024-02-02 04:54:44+00:00
978,Moment_021d2e,2025-03-25 16:15:21+00:00
979,Light_bf7905,2025-10-03 19:15:52+00:00
980,Trouble_895670,2025-08-19 16:57:18+00:00
981,Stop_7442e1,2024-06-14 19:46:45+00:00
982,Mouth_c5d33e,2025-10-29 00:53:33+00:00
983,Event_4a2d48,2024-07-28 12:58:22+00:00
984,Sound_805601,2024-02-17 00:45:27+00:00
985,Option_94b528,2024-06-25 09:46:13+00:00
986,Group_e8e1b5,2025-08-31 09:19:48+00:00
987,She_4015dc,2025-08-27 23:49:18+00:00
988,Service_c50b84,2024-03-05 07:05:06+00:00
989,Product_929330,2024-08-23 01:52:38+00:00
990,Media_c5029f,2025-01-22 23:19:07+00:00
991,Black_3d0c13,2025-07-23 09:56:57+00:00
992,Card_9645fb,2024-06-15 16:46:32+00:00
993,Trouble_e9f60f,2024-08-25 19:52:03+00:00
994,Hope_53b9d7,2024-08-05 01:33:23+00:00
995,Instead_00bd11,2024-08-17 17:01:17+00:00
996,Trial_9bb281,2024-11-15 12:28:58+00:00
997,President_b8bd5a,2025-01-16 01:26:06+00:00
998,Safe_2b870f,2024-11-07 16:57:37+00:00
999,Reflect_16281c,2025-06-10 10:41:15+00:00
1000,Listen_2db74d,2025-02-13 00:11:08+00:00
1001,Floor_9d9fac,2024-12-20 05:41:42+00:00
1002,Hit_d09e8a,2024-04-13 15:06:01+00:00
1003,Interview_474f1a,2025-09-14 04:28:54+00:00
1004,When_3caa97,2024-08-14 04:22:43+00:00
1005,When_73a01c,2024-05-13 05:57:06+00:00
1006,College_6ca647,2025-06-05 21:37:21+00:00
1007,Rich_b944b6,2025-06-03 08:28:56+00:00
1008,Reflect_6ff1f1,2025-05-23 14:14:36+00:00
1009,Main_3b3b93,2025-12-30 05:27:00+00:00
1010,Sing_b4e6b3,2024-02-04 02:17:48+00:00
1011,Forget_c89b87,2025-08-31 12:33:29+00:00
1012,Property_67e197,2025-03-30 12:25:50+00:00
1013,Writer_840b97,2024-04-05 02:26:09+00:00
1014,Statement_5f2cd7,2024-08-08 03:20:30+00:00
1015,Involve_0d0faa,2025-01-18 21:43:17+00:00
1016,After_00abd6,2024-10-09 20:57:32+00:00
1017,Report_067b90,2025-09-27 10:22:11+00:00
1018,Store_aad541,2024-09-25 14:07:25+00:00
1019,Yard_8d697a,2025-10-04 20:53:15+00:00
1020,Seven_f7f1d6,2025-01-27 09:50:19+00:00
1021,Collection_fa66b3,2024-09-09 14:03:38+00:00
1022,Black_78e599,2025-07-31 07:03:48+00:00
1023,Catch_5a864d,2025-03-03 19:38:58+00:00
1024,Huge_b205cc,2024-05-29 01:16:33+00:00
1025,Standard_11e64f,2024-01-22 14:53:38+00:00
1026,Main_6303b8,2024-01-22 23:06:29+00:00
1027,Home_ec4ef2,2025-03-06 14:07:10+00:00
1028,Save_9bbd0f,2025-09-20 09:05:52+00:00
1029,Congress_1125a6,2024-07-13 13:04:03+00:00
1030,Billion_c7e271,2024-05-02 20:08:10+00:00
1031,Majority_28278b,2025-02-28 07:09:35+00:00
1032,Since_43155b,2025-03-27 14:22:39+00:00
1033,Much_bec2dc,2025-01-01 13:41:56+00:00
1034,Economic_613e93,2025-08-06 20:52:09+00:00
1035,Senior_691582,2024-08-12 21:22:18+00:00
1036,Your_8a6723,2025-06-29 09:30:18+00:00
1037,Receive_47fa37,2024-06-25 15:05:10+00:00
1038,Strategy_ff078d,2024-07-27 23:00:53+00:00
1039,Daughter_46a2ea,2026-01-09 06:47:50+00:00
1040,Military_0aad34,2025-03-26 19:17:08+00:00
1041,Against_175937,2025-11-09 11:19:01+00:00
1042,Or_b4943a,2025-09-21 15:15:39+00:00
1043,Least_93255b,2024-01-19 23:43:12+00:00
1044,Mother_b077ba,2025-11-08 17:31:42+00:00
1045,Suddenly_dd96d7,2024-08-21 20:14:40+00:00
1046,Perhaps_6b6083,2024-09-12 07:21:28+00:00
1047,Son_f83cee,2024-03-16 23:53:18+00:00
1048,Medical_65b20e,2025-07-01 17:31:11+00:00
1049,Outside_ebb952,2025-03-15 12:03:44+00:00
1050,Allow_e9f57a,2025-03-16 18:08:26+00:00
1051,Customer_6ce880,2025-08-14 08:19:03+00:00
1052,Represent_5c6e6c,2024-06-22 14:09:08+00:00
1053,Early_a2cbde,2024-10-31 09:56:44+00:00
1054,Manager_9a1e5c,2024-04-04 14:57:15+00:00
1055,Plan_e07421,2024-08-27 11:46:51+00:00
1056,Travel_9d4ec6,2024-07-26 01:36:26+00:00
1057,Successful_516752,2024-08-25 06:25:27+00:00
1058,Culture_f88a9c,2024-05-16 15:45:25+00:00
1059,Seek_ca3b1c,2025-04-24 05:58:14+00:00
1060,All_976c72,2025-10-23 12:17:40+00:00
1061,Wear_c7de1a,2024-05-01 04:00:47+00:00
1062,Else_d59f87,2024-02-27 19:59:42+00:00
1063,Hotel_96a3cf,2024-09-02 16:56:19+00:00
1064,Work_248749,2024-02-14 16:55:28+00:00
1065,Participant_c1bac2,2025-05-04 14:01:42+00:00
1066,Collection_34c223,2025-11-03 01:46:47+00:00
1067,Here_9b7bfb,2025-02-15 22:59:58+00:00
1068,Order_63b6fc,2025-10-14 01:51:46+00:00
1069,Stop_127f0f,2025-07-21 00:19:20+00:00
1070,Health_debdb6,2025-06-03 22:44:29+00:00
1071,Various_7f8665,2024-08-22 23:46:57+00:00
1072,Beautiful_1ef357,2024-09-23 22:04:50+00:00
1073,War_2d6b39,2025-11-11 18:20:49+00:00
1074,Even_006382,2025-12-08 16:41:05+00:00
1075,American_864488,2024-12-14 06:06:01+00:00
1076,Step_a08b68,2025-09-24 23:04:25+00:00
1077,Price_62e8af,2024-04-10 18:36:51+00:00
1078,Try_18882e,2024-03-26 20:04:09+00:00
1079,Many_1c6a6f,2024-11-08 13:36:01+00:00
1080,First_d14746,2025-04-25 12:18:23+00:00
1081,Scene_049d55,2025-12-09 13:12:20+00:00
1082,One_4b08cd,2025-02-21 03:24:12+00:00
1083,Myself_4daffd,2025-07-02 07:02:57+00:00
1084,They_f54287,2025-06-06 22:09:24+00:00
1085,Most_afa8b7,2025-06-27 15:02:09+00:00
1086,Coach_8b7e7f,2024-02-22 08:41:35+00:00
1087,Author_24469e,2024-03-07 00:21:41+00:00
1088,State_460cdd,2024-11-19 09:33:31+00:00
1089,Skin_07f204,2025-03-06 19:22:33+00:00
1090,Last_18bb79,2025-06-15 17:48:16+00:00
1091,Focus_1923bb,2025-11-20 06:42:12+00:00
1092,Suddenly_6aaa1c,2024-08-02 06:33:05+00:00
1093,Foreign_77e3e3,2024-08-15 05:56:50+00:00
1094,Very_6d8678,2025-05-07 06:53:38+00:00
1095,Fire_ce82cc,2024-03-14 20:38:29+00:00
1096,With_46a298,2025-12-14 05:36:49+00:00
1097,Could_e68a6a,2024-04-27 17:52:45+00:00
1098,Professor_3dad20,2025-10-07 00:47:33+00:00
1099,Site_6d572e,2025-03-03 11:19:32+00:00
1100,Brother_2e938a,2024-12-02 18:17:15+00:00
1101,Few_9f8704,2024-11-05 02:45:45+00:00
1102,Serious_9e0114,2024-08-15 16:58:42+00:00
1103,Put_683a7d,2024-08-13 06:52:21+00:00
1104,Next_66f1d9,2024-06-09 11:44:53+00:00
1105,Country_19cce2,2025-07-26 21:54:57+00:00
1106,Chair_5c8dc5,2024-07-17 07:28:11+00:00
1107,Later_d89c42,2024-09-11 02:58:03+00:00
1108,Now_260a06,2025-10-14 13:08:05+00:00
1109,Radio_edddf6,2024-09-22 10:06:30+00:00
1110,Determine_589b8f,2024-10-03 15:32:30+00:00
1111,Citizen_84fc2f,2024-06-30 18:00:26+00:00
1112,Employee_7cf479,2025-07-08 00:40:53+00:00
1113,Direction_a8c02e,2024-11-12 08:26:08+00:00
1114,These_f4c2cf,2024-11-28 04:06:02+00:00
1115,Back_e0e242,2025-09-12 12:10:59+00:00
1116,Approach_9eef58,2025-09-23 23:13:17+00:00
1117,Fast_895a90,2025-07-08 19:31:20+00:00
1118,Material_897ca9,2025-08-16 02:57:08+00:00
1119,Exist_8447b0,2025-06-23 11:57:55+00:00
1120,Discuss_c6a432,2025-01-30 18:51:05+00:00
1121,Community_0610cd,2025-10-31 06:45:40+00:00
1122,Skin_288569,2024-04-23 02:43:31+00:00
1123,Surface_c6a932,2024-11-20 17:07:11+00:00
1124,Concern_281c55,2024-03-10 23:31:56+00:00
1125,About_1bffa2,2025-03-16 17:48:54+00:00
1126,Level_fa4041,2025-12-10 05:54:14+00:00
1127,Under_d5f8db,2025-10-06 17:08:05+00:00
1128,Whose_442742,2024-12-02 20:56:32+00:00
1129,Letter_4cd426,2024-06-04 01:27:11+00:00
1130,Seem_f55658,2025-11-27 16:41:03+00:00
1131,Soon_181932,2024-06-08 06:52:25+00:00
1132,Floor_8dd191,2025-07-23 09:47:01+00:00
1133,If_a6dc76,2025-10-16 01:51:42+00:00
1134,Pass_df1a9b,2025-10-22 06:48:08+00:00
1135,Yes_2c9b36,2025-04-02 02:05:26+00:00
1136,Successful_d57323,2025-11-27 09:15:42+00:00
1137,This_cf1410,2025-06-15 18:51:52+00:00
1138,Team_8be890,2024-11-30 00:52:17+00:00
1139,Stop_6c1e03,2024-03-04 10:41:04+00:00
1140,Meet_e27dc1,2024-09-05 04:12:13+00:00
1141,Left_e8840b,2024-02-05 08:52:42+00:00
1142,Laugh_63af6e,2024-02-25 11:18:09+00:00
1143,Three_cad4c5,2024-03-16 19:24:54+00:00
1144,Several_b07980,2024-03-23 21:32:01+00:00
1145,Food_826b00,2025-04-08 01:05:47+00:00
1146,See_560f3e,2025-05-23 21:22:36+00:00
1147,Example_066fa6,2025-08-09 01:11:20+00:00
1148,Central_3620e8,2025-03-02 13:44:04+00:00
1149,Cultural_e7b068,2025-03-08 21:38:15+00:00
1150,Consumer_7e4d68,2025-02-04 16:53:42+00:00
1151,Mrs_5220b7,2025-06-16 13:38:02+00:00
1152,Behavior_d979bf,2024-03-19 12:55:55+00:00
1153,Word_ed3583,2025-03-25 07:00:00+00:00
1154,Natural_93b1d8,2025-09-11 20:53:38+00:00
1155,Social_a34e26,2024-11-03 19:32:39+00:00
1156,Page_72e543,2024-01-17 21:33:59+00:00
1157,Ready_99d26d,2024-02-14 05:20:46+00:00
1158,Industry_fcc0a6,2025-10-29 19:14:28+00:00
1159,Should_252385,2024-04-04 19:59:00+00:00
1160,Information_b96aaf,2025-01-06 09:29:29+00:00
1161,Major_48e2fe,2025-04-02 14:48:37+00:00
1162,Indeed_31bbe8,2024-06-17 18:35:35+00:00
1163,Option_21f361,2025-07-20 09:23:54+00:00
1164,Ball_455f98,2025-07-16 01:25:50+00:00
1165,Population_c7f9c3,2025-11-04 19:26:51+00:00
1166,Wait_918da9,2024-12-21 07:40:32+00:00
1167,Very_522642,2024-05-06 16:49:59+00:00
1168,Relate_ffd5bd,2025-06-07 04:28:37+00:00
1169,Seek_399dca,2025-05-13 16:41:47+00:00
1170,Anything_828e23,2025-10-26 23:34:35+00:00
1171,Public_8e4aa7,2025-11-28 22:30:04+00:00
1172,Have_94e5e6,2024-10-08 16:52:07+00:00
1173,Sport_a3c07c,2024-06-23 15:21:41+00:00
1174,Watch_10fb59,2024-03-01 09:02:05+00:00
1175,Reason_02931d,2025-09-24 07:00:10+00:00
1176,Career_2f3f31,2024-04-14 12:15:38+00:00
1177,Realize_1a5e5d,2024-11-30 14:51:40+00:00
1178,Prevent_b7aada,2024-01-13 14:44:25+00:00
1179,Right_d50b94,2025-02-09 14:46:30+00:00
1180,Seek_afbb22,2024-12-25 22:24:00+00:00
1181,Place_d7b829,2024-05-31 23:57:46+00:00
1182,Agreement_3e7a8b,2024-03-19 10:35:43+00:00
1183,Style_c4e518,2024-05-07 23:20:50+00:00
1184,Control_2020e0,2025-11-16 21:25:18+00:00
1185,Walk_a86cc9,2024-01-26 00:24:52+00:00
1186,Just_04528e,2024-05-29 07:26:26+00:00
1187,It_fbd9c7,2025-03-29 05:51:49+00:00
1188,Reduce_d0cfe7,2025-06-07 22:48:20+00:00
1189,Discover_f83997,2025-09-06 12:34:52+00:00
1190,Purpose_23bdeb,2025-02-11 13:12:51+00:00
1191,Technology_af9f4e,2024-03-09 03:04:34+00:00
1192,Game_a24788,2024-03-09 04:51:30+00:00
1193,Garden_5abe36,2025-10-22 15:00:02+00:00
1194,Knowledge_94c539,2025-03-09 17:50:47+00:00
1195,Similar_87a580,2025-04-17 21:57:08+00:00
1196,Sing_7f6260,2024-04-23 03:34:01+00:00
1197,Chair_0fd3ce,2025-09-08 04:43:10+00:00
1198,Many_4cf0c4,2024-12-03 08:31:43+00:00
1199,Painting_af55e0,2025-11-03 05:34:10+00:00
1200,They_4ea864,2025-12-21 09:08:24+00:00
1201,Prove_35096d,2025-04-02 02:21:35+00:00
1202,Western_d5f38e,2025-03-07 05:56:49+00:00
1203,Whatever_388316,2024-11-12 21:14:48+00:00
1204,Election_a89b74,2024-03-14 10:30:20+00:00
1205,Else_8ae753,2024-02-28 10:41:58+00:00
1206,Case_f54eb9,2025-06-29 23:27:14+00:00
1207,Similar_f657cc,2025-01-23 07:45:53+00:00
1208,Lay_d39e1d,2025-01-20 22:28:04+00:00
1209,Along_26c804,2025-10-08 11:42:19+00:00
1210,Interest_5520e3,2024-08-15 09:41:04+00:00
1211,Imagine_afb6a5,2024-04-06 01:19:09+00:00
1212,Daughter_452129,2025-01-10 05:21:54+00:00
1213,Above_9d5db6,2024-07-05 23:44:38+00:00
1214,Already_706107,2024-06-02 23:15:11+00:00
1215,Degree_4dd8f0,2025-05-14 08:06:45+00:00
1216,Begin_541e22,2025-10-16 13:07:25+00:00
1217,While_2c965a,2025-04-25 01:17:00+00:00
1218,Travel_2e9aa7,2024-12-30 20:22:36+00:00
1219,Cost_7ea015,2024-01-25 05:58:31+00:00
1220,Far_e08a47,2025-09-25 14:20:32+00:00
1221,Everyone_592516,2025-01-14 06:26:53+00:00
1222,Various_6b0b09,2025-01-31 03:04:35+00:00
1223,Whose_5dfa32,2024-12-31 15:51:12+00:00
1224,Society_a2ec81,2025-04-14 08:28:22+00:00
1225,Oil_770425,2025-09-05 01:12:38+00:00
1226,Direction_c8306d,2025-12-06 03:23:42+00:00
1227,Woman_d55b23,2025-05-02 18:27:44+00:00
1228,Police_2e49d2,2024-02-12 22:00:14+00:00
1229,Room_5dc407,2025-11-27 13:06:12+00:00
1230,Year_bb25cb,2025-06-05 12:55:53+00:00
1231,Sport_2f0ab5,2024-04-07 03:22:49+00:00
1232,Arm_726715,2025-11-11 08:31:24+00:00
1233,Sing_a5e61b,2025-11-02 10:56:34+00:00
1234,Field_01e972,2025-05-07 01:41:49+00:00
1235,Time_053179,2024-12-15 22:05:27+00:00
1236,Election_c6cb35,2024-07-30 01:03:14+00:00
1237,Image_4ffb6a,2024-02-11 16:57:32+00:00
1238,Laugh_43b112,2024-06-01 05:21:18+00:00
1239,Worker_d693b8,2024-09-07 07:40:38+00:00
1240,Institution_5da2f3,2025-01-24 22:32:55+00:00
1241,Assume_7adebb,2025-05-19 01:01:14+00:00
1242,Call_d8eaf1,2024-05-01 12:34:49+00:00
1243,Front_10d1a8,2024-01-18 00:22:11+00:00
1244,Church_182287,2025-08-29 18:47:18+00:00
1245,At_e544cd,2025-01-12 21:11:51+00:00
1246,Continue_cae2bb,2024-06-07 06:18:58+00:00
1247,Accept_15e737,2024-03-29 13:00:00+00:00
1248,Student_4424fb,2024-10-18 00:56:42+00:00
1249,Enough_551296,2025-04-22 05:01:22+00:00
1250,Page_de3681,2025-07-02 12:26:54+00:00
1251,Keep_60c9a6,2025-10-22 09:10:35+00:00
1252,Reality_7d23ee,2025-08-13 14:31:14+00:00
1253,Story_cad961,2024-03-16 21:31:47+00:00
1254,Want_97054d,2025-11-17 22:05:07+00:00
1255,Current_0a7a81,2025-03-13 18:20:13+00:00
1256,Parent_a9c9f5,2025-11-11 16:49:28+00:00
1257,Coach_f2a1a8,2024-04-13 03:59:52+00:00
1258,Option_c42437,2025-04-01 22:19:50+00:00
1259,Even_a4d98d,2025-05-20 16:56:06+00:00
1260,Morning_65a159,2026-01-04 00:03:20+00:00
1261,Rather_c671ef,2024-10-11 15:39:35+00:00
1262,Report_9d8818,2025-08-25 12:23:43+00:00
1263,Take_ed4996,2024-06-17 16:22:22+00:00
1264,Law_271a8d,2025-03-23 04:22:30+00:00
1265,Born_8e1261,2024-01-28 19:46:18+00:00
1266,Attorney_c61ec6,2025-10-01 09:16:11+00:00
1267,Manager_491a0d,2024-05-09 13:42:46+00:00
1268,Run_39af7a,2025-06-21 16:13:19+00:00
1269,Forward_804171,2024-10-13 10:12:26+00:00
1270,Person_c8d9de,2024-11-25 21:30:37+00:00
1271,Out_a8aa8a,2024-02-11 06:00:22+00:00
1272,Later_392ea1,2024-06-10 09:29:57+00:00
1273,Certain_84bbfa,2024-06-26 21:14:03+00:00
1274,Door_3dd847,2025-01-13 05:24:10+00:00
1275,Air_9f754e,2025-10-27 20:08:27+00:00
1276,Simply_5bfd61,2024-04-12 22:09:27+00:00
1277,Position_841d7c,2024-06-18 00:58:41+00:00
1278,Card_0213c3,2024-10-31 11:58:53+00:00
1279,Over_16a4fb,2024-01-14 11:16:09+00:00
1280,Audience_1df634,2024-11-16 15:00:46+00:00
1281,Music_694fb1,2024-01-14 17:44:02+00:00
1282,Full_a7fb34,2025-04-12 10:42:47+00:00
1283,Dream_0d76bc,2024-05-17 11:26:36+00:00
1284,Responsibility_b2c53d,2024-06-14 01:30:48+00:00
1285,End_b5c928,2024-09-25 09:47:19+00:00
1286,General_77823d,2024-08-09 15:04:55+00:00
1287,Effort_94df71,2025-06-05 02:40:02+00:00
1288,Race_49d6cf,2025-06-01 00:24:59+00:00
1289,Human_d1f850,2025-01-07 00:44:26+00:00
1290,War_e614dc,2025-10-29 19:32:16+00:00
1291,Together_6bdbaa,2024-01-14 06:14:13+00:00
1292,Across_ad5887,2025-07-04 05:56:56+00:00
1293,Degree_d363ed,2024-08-19 18:43:33+00:00
1294,Up_523334,2025-03-08 11:50:54+00:00
1295,What_979bb2,2025-07-29 19:02:30+00:00
1296,Your_c4f5a8,2025-10-19 03:27:23+00:00
1297,Recent_02f126,2025-08-27 03:00:28+00:00
1298,Western_9e24ec,2024-07-13 10:29:40+00:00
1299,Phone_dbf91c,2025-01-12 00:43:37+00:00
1300,New_2d8a10,2024-05-10 22:11:38+00:00
1301,May_69ae47,2025-09-30 07:46:37+00:00
1302,Coach_54cd79,2024-02-10 13:25:06+00:00
1303,Individual_08ec66,2024-05-02 06:27:47+00:00
1304,Record_b1834f,2025-01-20 05:25:02+00:00
1305,Consumer_7a7239,2024-04-14 15:55:50+00:00
1306,Character_0e9f5f,2024-02-07 20:23:53+00:00
1307,Probably_ad93a0,2025-09-04 00:54:59+00:00
1308,See_ab0955,2025-12-22 22:52:11+00:00
1309,Season_111a5e,2024-04-06 10:50:01+00:00
1310,Billion_a7cb82,2024-09-06 19:12:27+00:00
1311,Individual_fc7592,2025-11-01 01:49:25+00:00
1312,Unit_5c3cba,2024-01-26 00:16:52+00:00
1313,Father_60312c,2024-05-12 10:58:43+00:00
1314,Tax_2aa543,2025-06-20 22:59:25+00:00
1315,Throw_a3e2b5,2024-09-16 20:28:21+00:00
1316,Institution_97ad75,2025-06-24 05:38:34+00:00
1317,Shoulder_7092cc,2024-09-24 03:47:48+00:00
1318,Control_c78ace,2024-08-22 21:43:43+00:00
1319,Song_cf5bc7,2025-07-15 20:40:09+00:00
1320,Heart_cd8b20,2025-10-14 14:36:45+00:00
1321,Cup_ff51ed,2024-08-23 21:15:30+00:00
1322,Attorney_d7e58f,2025-12-10 21:35:48+00:00
1323,Machine_c18e13,2025-03-09 13:35:25+00:00
1324,Thing_f0347f,2024-05-03 11:47:42+00:00
1325,Mind_905718,2025-01-09 15:27:11+00:00
1326,Couple_662c60,2024-10-06 16:05:01+00:00
1327,Interest_203506,2025-06-04 05:04:42+00:00
1328,Management_b1cce6,2024-09-06 02:30:01+00:00
1329,Woman_c05257,2024-12-02 02:06:40+00:00
1330,Rock_46ec88,2024-08-30 20:47:36+00:00
1331,Book_6bac55,2025-04-13 13:51:49+00:00
1332,Sometimes_f0c206,2025-01-10 02:11:05+00:00
1333,Eat_b3c9f1,2025-05-11 04:26:00+00:00
1334,Fire_0bd008,2024-05-16 16:01:09+00:00
1335,Notice_cb27c2,2025-02-21 09:19:49+00:00
1336,Structure_4e6173,2025-07-04 07:15:43+00:00
1337,Billion_a6576c,2025-11-15 21:15:44+00:00
1338,Behind_b0b646,2024-07-27 08:12:10+00:00
1339,Music_250073,2025-12-01 22:09:08+00:00
1340,Song_ad7f1d,2025-10-16 23:24:04+00:00
1341,Ball_305208,2024-10-01 11:33:46+00:00
1342,Difference_8c0ba4,2024-08-15 09:17:47+00:00
1343,Old_aefbe3,2024-07-09 18:10:14+00:00
1344,Safe_9c3a26,2024-12-03 22:16:51+00:00
1345,Loss_7b011b,2024-06-25 20:26:11+00:00
1346,Marriage_6d0fac,2024-12-04 19:02:25+00:00
1347,Of_e86d7c,2025-09-28 03:20:13+00:00
1348,Spring_c1f098,2025-01-12 04:03:25+00:00
1349,Country_e5e245,2025-08-15 23:49:36+00:00
1350,Themselves_4a389b,2024-08-02 18:11:40+00:00
1351,Such_7c7052,2024-08-17 14:20:17+00:00
1352,Night_191335,2024-11-04 21:12:15+00:00
1353,Just_eecc6d,2024-09-07 03:43:02+00:00
1354,Serious_396cf1,2025-02-09 21:46:20+00:00
1355,Attack_1be462,2025-03-07 05:19:46+00:00
1356,Strategy_cd4b89,2024-10-27 00:22:25+00:00
1357,Economic_74fa96,2025-08-05 03:09:04+00:00
1358,One_1fdead,2024-08-04 09:27:38+00:00
1359,Already_c7e165,2025-03-27 12:11:42+00:00
1360,Across_b49010,2025-07-02 19:50:53+00:00
1361,Require_90842b,2025-06-24 02:27:21+00:00
1362,Market_f5f8dd,2024-07-05 08:37:38+00:00
1363,Occur_1e6cd7,2024-09-08 00:53:40+00:00
1364,Notice_42a785,2025-03-09 22:14:45+00:00
1365,Break_c92921,2024-03-13 19:03:11+00:00
1366,Five_8d7622,2024-09-11 20:19:15+00:00
1367,Appear_afb05b,2024-05-28 14:56:08+00:00
1368,Own_d0001c,2025-05-03 22:31:43+00:00
1369,Operation_355790,2024-10-21 04:03:17+00:00
1370,Management_cd0214,2024-05-05 13:54:10+00:00
1371,Impact_4b274c,2025-10-30 15:04:05+00:00
1372,Serious_127313,2024-09-04 09:42:15+00:00
1373,Begin_1fd138,2025-11-22 02:35:17+00:00
1374,Spend_7ebc17,2024-08-09 21:36:37+00:00
1375,Matter_9a52d8,2025-03-18 19:40:25+00:00
1376,Stand_1c11e9,2024-05-06 06:15:51+00:00
1377,Would_a94541,2025-01-18 05:56:16+00:00
1378,Smile_aa1387,2025-07-18 21:08:09+00:00
1379,Fire_90a5ca,2024-02-10 08:28:26+00:00
1380,Industry_92966c,2024-10-30 18:54:01+00:00
1381,Walk_15f349,2024-07-14 08:32:54+00:00
1382,Serve_da3b40,2025-07-14 00:49:12+00:00
1383,Total_251a64,2024-12-24 17:09:04+00:00
1384,Live_964f28,2024-06-06 11:40:31+00:00
1385,Me_e5cca8,2024-10-16 14:48:44+00:00
1386,Describe_85b826,2024-05-14 15:52:25+00:00
1387,Good_47a284,2024-10-11 19:07:07+00:00
1388,Where_d752ca,2025-08-27 12:11:03+00:00
1389,Left_39593f,2025-10-12 18:26:38+00:00
1390,Possible_1aed27,2025-08-27 18:15:24+00:00
1391,Himself_6e401f,2025-07-20 21:12:15+00:00
1392,Sing_164094,2024-02-15 11:19:05+00:00
1393,Next_744c61,2025-06-09 20:18:59+00:00
1394,Event_2ffa6d,2025-06-09 07:08:51+00:00
1395,Whatever_5fb804,2024-05-18 03:28:59+00:00
1396,Argue_fcbf65,2024-07-11 19:10:12+00:00
1397,Safe_3b029a,2024-02-26 11:45:56+00:00
1398,Throughout_53bfd4,2025-01-31 02:12:12+00:00
1399,Example_89b5f3,2025-04-30 01:53:44+00:00
1400,Less_60dc21,2024-12-28 09:58:11+00:00
1401,Step_536dbc,2025-10-23 17:22:26+00:00
1402,Actually_e4a07e,2024-09-21 08:30:52+00:00
1403,There_0536b4,2024-02-24 13:13:47+00:00
1404,Reason_72ffec,2024-08-28 23:18:51+00:00
1405,State_fd3b89,2025-12-16 00:51:07+00:00
1406,List_ab9295,2025-03-22 01:11:48+00:00
1407,Rest_4c8529,2025-12-28 05:40:11+00:00
1408,Travel_be1345,2024-09-25 09:31:29+00:00
1409,Show_719bb5,2025-01-24 00:46:46+00:00
1410,Natural_23b989,2024-07-13 09:52:20+00:00
1411,Score_39ff86,2024-10-28 03:17:28+00:00
1412,Nor_60837e,2024-12-22 10:10:48+00:00
1413,Last_bf7a15,2024-10-04 11:55:05+00:00
1414,Reflect_f37157,2025-06-19 01:40:22+00:00
1415,What_d63dbe,2024-03-13 01:22:51+00:00
1416,Treat_470da1,2025-02-02 15:27:20+00:00
1417,Early_8ef363,2024-07-10 02:39:55+00:00
1418,Class_23cc2f,2024-01-30 16:13:31+00:00
1419,Suddenly_07fa2b,2024-09-16 10:17:53+00:00
1420,Page_b6d75e,2024-10-09 13:56:33+00:00
1421,Whole_b1f813,2025-04-24 02:58:19+00:00
1422,Positive_9e5b4c,2024-12-19 12:56:42+00:00
1423,Analysis_9081ba,2025-07-14 13:43:30+00:00
1424,Response_fb43ea,2024-03-17 01:45:42+00:00
1425,From_da9865,2024-11-06 01:18:49+00:00
1426,Commercial_0c4cba,2024-03-05 02:15:31+00:00
1427,Miss_4d8837,2024-04-27 20:22:52+00:00
1428,People_4a259d,2025-10-28 10:10:05+00:00
1429,You_40fa28,2025-04-20 12:44:24+00:00
1430,Near_b180c3,2024-01-13 02:10:00+00:00
1431,Key_cf2210,2025-12-25 18:13:48+00:00
1432,Dog_5492cc,2024-06-03 04:39:09+00:00
1433,Behind_70bfe6,2024-05-04 01:18:10+00:00
1434,Me_b43b13,2025-10-29 14:21:02+00:00
1435,Billion_dac114,2024-09-12 04:40:47+00:00
1436,Take_0b3e7c,2025-12-04 06:27:27+00:00
1437,Executive_44e509,2024-03-02 12:28:35+00:00
1438,Possible_c4a445,2025-04-20 00:05:44+00:00
1439,Rest_d872af,2025-07-30 12:06:15+00:00
1440,Anyone_c7a1fd,2024-02-17 15:02:53+00:00
1441,Language_4b028d,2024-04-22 23:58:22+00:00
1442,Indicate_6762f8,2024-08-19 13:01:50+00:00
1443,Away_faeaec,2025-10-05 10:30:56+00:00
1444,Light_330d4f,2025-04-17 03:41:49+00:00
1445,Ready_48ca67,2024-12-06 16:52:28+00:00
1446,East_3043aa,2024-05-16 11:15:35+00:00
1447,Beat_d5f90d,2024-08-28 09:09:27+00:00
1448,Author_765294,2025-06-22 15:47:34+00:00
1449,Soldier_788654,2024-09-01 14:32:24+00:00
1450,Remain_d4055c,2025-09-22 20:28:43+00:00
1451,Modern_c8fe91,2024-01-20 04:35:08+00:00
1452,Give_ef699e,2024-10-06 19:01:36+00:00
1453,Writer_c6ad16,2024-02-23 07:16:52+00:00
1454,Describe_935bb2,2025-11-03 11:48:23+00:00
1455,Almost_f19cc2,2025-08-20 22:59:37+00:00
1456,Hour_eb2fd8,2025-10-17 01:52:05+00:00
1457,Beautiful_0fbf17,2025-02-09 02:45:08+00:00
1458,Really_910c69,2025-12-07 07:12:12+00:00
1459,Half_c1ca6d,2024-09-23 00:05:26+00:00
1460,Let_50e4c2,2024-01-25 09:05:09+00:00
1461,Mission_962313,2024-10-23 23:02:29+00:00
1462,Charge_10ce86,2025-01-07 11:50:26+00:00
1463,Avoid_602e7d,2024-06-05 14:48:48+00:00
1464,Challenge_98e68d,2025-03-26 08:21:07+00:00
1465,Charge_ae6042,2024-07-07 02:51:25+00:00
1466,Rise_0ec219,2025-05-13 21:52:53+00:00
1467,Third_a80d35,2025-02-19 05:37:39+00:00
1468,Power_3298a8,2025-06-15 14:56:03+00:00
1469,Center_cafec7,2024-12-03 20:19:04+00:00
1470,Effort_468ecf,2025-07-02 03:18:40+00:00
1471,Million_f40745,2024-06-04 20:17:36+00:00
1472,Long_85443d,2025-06-03 01:55:01+00:00
1473,Organization_1c9385,2025-09-01 23:29:09+00:00
1474,Reason_4c3c6c,2025-01-11 02:47:05+00:00
1475,International_aa7970,2024-07-30 18:57:00+00:00
1476,Board_18194b,2024-07-07 10:07:31+00:00
1477,Reality_c92c71,2024-03-12 20:10:19+00:00
1478,Evening_196105,2025-06-19 08:50:02+00:00
1479,Activity_b8efd5,2024-02-20 18:47:07+00:00
1480,Campaign_1c2c4a,2024-05-20 00:06:25+00:00
1481,Town_fd1cb8,2025-04-19 03:06:05+00:00
1482,Catch_84439d,2025-05-30 19:53:39+00:00
1483,Indeed_06f19c,2025-05-27 15:02:26+00:00
1484,Marriage_670f50,2025-03-15 08:54:04+00:00
1485,Charge_006e4c,2024-05-15 14:51:51+00:00
1486,Professor_af0ce4,2024-02-29 17:19:31+00:00
1487,Never_2108d3,2024-01-14 09:00:11+00:00
1488,Popular_316a25,2025-06-23 11:28:04+00:00
1489,Order_47673d,2024-06-01 23:11:57+00:00
1490,Into_9c9d94,2025-07-19 08:43:00+00:00
1491,Big_497012,2024-09-08 01:09:28+00:00
1492,This_0037a1,2024-06-02 00:13:09+00:00
1493,Star_7bf11a,2024-05-31 00:58:20+00:00
1494,Accept_5d6819,2024-02-16 22:04:08+00:00
1495,Student_3d275f,2025-09-22 01:55:39+00:00
1496,Consider_1c7445,2025-06-05 05:50:44+00:00
1497,Stand_a9a99b,2025-10-13 00:13:27+00:00
1498,Shake_8f847c,2024-07-02 00:52:06+00:00
1499,Note_d73423,2025-11-21 15:45:16+00:00
1500,Attorney_4f8e29,2024-07-30 09:52:15+00:00
1501,Meet_fccaa8,2025-03-04 03:24:00+00:00
1502,Personal_4ef36f,2024-06-08 17:27:33+00:00
1503,Capital_abd0d4,2024-07-14 22:41:56+00:00
1504,Meeting_266b29,2025-02-17 01:16:35+00:00
1505,Instead_f5b4dc,2025-09-24 05:41:48+00:00
1506,Challenge_616a00,2024-08-09 05:41:46+00:00
1507,Issue_2f9ab7,2025-10-26 04:30:52+00:00
1508,Wonder_8ab9e0,2024-01-25 11:05:59+00:00
1509,Those_b322a9,2024-06-23 10:24:05+00:00
1510,Choice_bf2334,2025-08-19 15:43:28+00:00
1511,Cost_7c6811,2024-03-24 23:14:09+00:00
1512,Name_8fe921,2024-02-11 20:03:28+00:00
1513,Face_6888f8,2025-05-15 13:54:08+00:00
1514,Write_cf416b,2025-12-09 10:27:14+00:00
1515,Word_b9b5ef,2024-05-24 10:03:26+00:00
1516,Product_4d8108,2024-10-09 20:42:30+00:00
1517,Tend_75ee7b,2024-03-21 03:07:06+00:00
1518,Pattern_4b2c85,2025-09-27 20:35:02+00:00
1519,The_043ed0,2025-12-23 20:59:33+00:00
1520,Tell_538880,2024-03-13 06:22:29+00:00
1521,Dream_fd8f2c,2025-11-21 01:32:01+00:00
1522,Fear_869c94,2024-06-23 09:54:23+00:00
1523,According_96dba7,2025-10-01 10:23:10+00:00
1524,Environmental_2ef10c,2025-01-21 04:41:35+00:00
1525,Tonight_059432,2024-05-12 10:28:23+00:00
1526,Race_7466e4,2025-09-28 04:33:50+00:00
1527,Do_f7c9fc,2025-01-06 04:49:56+00:00
1528,Process_eb6fc9,2024-01-16 10:01:04+00:00
1529,Middle_37e5a8,2025-10-23 03:22:54+00:00
1530,Price_bd7658,2024-04-20 15:34:36+00:00
1531,Plant_6616ec,2025-02-13 00:02:10+00:00
1532,Easy_687c8c,2025-05-27 09:09:01+00:00
1533,Four_c0b56e,2024-11-18 14:49:03+00:00
1534,Want_7a69d5,2025-05-29 14:20:43+00:00
1535,Raise_850c75,2025-09-23 05:55:05+00:00
1536,Although_f6b17b,2024-11-12 19:33:28+00:00
1537,Whole_b7a44f,2024-06-10 14:00:37+00:00
1538,Cold_56c590,2025-02-18 12:25:11+00:00
1539,Rich_8c5199,2024-03-14 17:28:23+00:00
1540,Yard_530deb,2024-09-22 21:27:43+00:00
1541,Identify_be2fbe,2025-04-22 08:51:50+00:00
1542,Clear_9c0dcf,2024-11-24 22:20:45+00:00
1543,Happen_b8992f,2024-05-02 04:42:12+00:00
1544,Probably_6b10bf,2025-01-20 22:26:36+00:00
1545,Down_40a2a3,2024-05-29 01:04:10+00:00
1546,Fish_8918d2,2024-11-07 22:58:15+00:00
1547,Recent_daf0b3,2025-04-20 09:58:32+00:00
1548,Miss_5efbc0,2024-12-17 23:32:06+00:00
1549,Including_47c14c,2025-01-11 20:10:27+00:00
1550,Day_d045b6,2025-08-28 17:28:18+00:00
1551,Form_4f9611,2025-01-17 05:32:20+00:00
1552,Magazine_e9094a,2025-02-14 09:48:23+00:00
1553,Begin_23dadf,2025-09-29 16:10:27+00:00
1554,Guess_7cc4d4,2024-08-01 00:33:19+00:00
1555,Tree_b2f785,2024-04-13 03:03:15+00:00
1556,Color_ec80c8,2024-09-02 19:04:46+00:00
1557,Save_bfa670,2024-08-03 16:40:26+00:00
1558,Song_f93baa,2024-06-19 04:51:13+00:00
1559,Mrs_9a7ffd,2025-06-24 02:52:03+00:00
1560,Deep_e24dd2,2025-02-12 23:07:52+00:00
1561,Effort_e05f26,2025-02-15 20:12:37+00:00
1562,As_7b5642,2024-06-05 10:11:28+00:00
1563,Difficult_16ea6e,2025-01-26 11:23:43+00:00
1564,Still_92c1a9,2025-10-23 00:15:20+00:00
1565,Keep_6f2c55,2025-05-10 19:34:32+00:00
1566,Hand_60368a,2024-05-07 08:46:45+00:00
1567,Night_06ffa4,2025-03-21 01:35:17+00:00
1568,Question_4fcb58,2025-01-23 04:45:48+00:00
1569,Keep_13375c,2025-04-15 23:01:29+00:00
1570,Tend_1ee1c3,2024-10-07 12:42:49+00:00
1571,Leave_403df3,2025-12-22 04:21:21+00:00
1572,Investment_27e852,2024-04-02 17:05:11+00:00
1573,Feel_898e27,2024-11-18 10:48:25+00:00
1574,Other_370a1a,2024-09-20 14:26:11+00:00
1575,Certain_2c78be,2025-05-03 21:57:26+00:00
1576,Trouble_d4da7d,2024-05-13 10:22:34+00:00
1577,Program_fd1dd2,2024-10-15 13:14:16+00:00
1578,All_5f1150,2025-02-03 01:12:11+00:00
1579,Ground_660a39,2025-07-15 04:28:30+00:00
1580,Side_f35813,2025-09-27 11:19:30+00:00
1581,Deal_f2d777,2025-12-29 07:38:06+00:00
1582,Quickly_10002b,2025-09-14 03:42:31+00:00
1583,Amount_ef03ce,2025-05-22 04:38:51+00:00
1584,Guy_977151,2025-06-13 11:08:43+00:00
1585,Heavy_b86d1a,2025-02-08 11:00:58+00:00
1586,Government_a16f46,2024-01-30 06:03:12+00:00
1587,Pattern_9b9529,2025-07-26 07:55:58+00:00
1588,Past_b23c84,2025-06-08 17:39:51+00:00
1589,Garden_142740,2024-05-23 09:06:19+00:00
1590,This_6e0202,2024-08-28 12:09:27+00:00
1591,Key_60afbb,2026-01-09 03:36:51+00:00
1592,Give_22a379,2024-07-16 00:09:04+00:00
1593,Cold_78c3a4,2024-11-19 03:00:49+00:00
1594,Third_c1f597,2024-01-31 10:06:34+00:00
1595,Here_eae359,2025-10-27 09:16:47+00:00
1596,Whether_82eb78,2025-08-27 00:20:15+00:00
1597,Try_2f124a,2024-09-18 20:14:41+00:00
1598,Difference_38056c,2025-07-19 16:16:59+00:00
1599,Concern_4898c9,2024-03-22 00:14:27+00:00
1600,Current_719fd3,2024-05-04 01:52:26+00:00
1601,Central_fa44ef,2024-04-23 05:09:50+00:00
1602,Police_621577,2025-08-14 16:07:16+00:00
1603,My_9a2d72,2025-05-14 04:33:31+00:00
1604,Difference_8d00b8,2024-08-22 08:10:10+00:00
1605,Eat_2c8066,2025-02-21 14:16:36+00:00
1606,Listen_e3c494,2024-02-01 11:12:16+00:00
1607,Like_8daa60,2025-03-10 19:37:12+00:00
1608,Of_3bff98,2026-01-07 15:34:32+00:00
1609,Agree_71f710,2024-10-26 17:51:07+00:00
1610,Including_08927f,2024-03-20 21:02:53+00:00
1611,Possible_6da5bc,2025-12-11 07:28:47+00:00
1612,Story_3d743e,2025-06-10 15:55:50+00:00
1613,Majority_9335d9,2024-06-22 09:35:20+00:00
1614,Forget_caa60c,2024-09-28 13:18:08+00:00
1615,Challenge_83daa8,2025-11-28 10:59:06+00:00
1616,Start_f144ff,2025-12-17 12:52:47+00:00
1617,These_afe03a,2025-02-17 19:34:28+00:00
1618,Meet_28e23e,2024-04-21 06:55:12+00:00
1619,Tend_22eaa9,2024-12-09 11:17:35+00:00
1620,Glass_8db91f,2025-11-29 21:00:11+00:00
1621,Most_a94ebe,2025-11-07 14:00:20+00:00
1622,Term_c966df,2025-01-22 21:39:38+00:00
1623,Leave_a65326,2024-03-17 03:02:38+00:00
1624,Live_bb1775,2025-12-12 03:39:06+00:00
1625,Fact_e00578,2024-04-06 06:30:55+00:00
1626,Indicate_923610,2024-04-26 13:54:28+00:00
1627,Impact_d89b37,2024-04-18 12:59:48+00:00
1628,Watch_05c7a7,2025-07-01 16:13:07+00:00
1629,Player_8901be,2025-07-31 15:06:26+00:00
1630,Though_61f563,2025-02-23 13:59:23+00:00
1631,Five_09a915,2025-10-11 21:16:45+00:00
1632,About_5e7cd1,2024-08-17 10:01:39+00:00
1633,Sister_2c347e,2025-05-19 10:45:44+00:00
1634,Clear_48672d,2025-11-20 13:55:26+00:00
1635,Voice_dcf484,2025-09-14 01:40:21+00:00
1636,Nor_91b910,2024-12-29 00:35:25+00:00
1637,Property_7a5d18,2024-11-02 16:57:56+00:00
1638,Edge_ef1d54,2025-05-14 14:00:33+00:00
1639,Business_1e31c9,2024-01-26 06:46:57+00:00
1640,Receive_982d65,2025-03-25 02:22:10+00:00
1641,Big_b96eb1,2026-01-09 13:50:30+00:00
1642,Run_9305c0,2024-07-12 17:39:54+00:00
1643,Hard_6ac06a,2025-09-07 16:36:46+00:00
1644,Issue_8a7411,2024-03-26 02:10:33+00:00
1645,Allow_045908,2025-04-28 07:21:51+00:00
1646,Physical_241f4e,2024-10-01 11:17:02+00:00
1647,Answer_caad2c,2024-03-31 01:34:16+00:00
1648,Write_6a2362,2025-02-20 23:59:09+00:00
1649,Pull_33e44f,2024-04-07 05:23:17+00:00
1650,As_feecc8,2025-02-17 13:05:47+00:00
1651,Avoid_e2420c,2024-06-01 15:48:17+00:00
1652,Man_6e5323,2025-09-18 02:16:48+00:00
1653,Record_92f37f,2024-10-16 19:34:02+00:00
1654,Home_4ea3dc,2024-02-24 06:51:25+00:00
1655,Piece_77b8d4,2025-02-22 01:48:15+00:00
1656,Question_46161a,2024-09-15 14:55:58+00:00
1657,Feel_a0fe8f,2025-12-01 04:31:41+00:00
1658,Move_67afc1,2025-03-11 08:33:01+00:00
1659,House_6ac16a,2025-06-02 20:03:17+00:00
1660,Information_b4a34c,2024-01-12 22:39:18+00:00
1661,Back_1c6322,2025-08-22 12:55:17+00:00
1662,Traditional_a2a6e4,2025-07-15 15:21:41+00:00
1663,Pm_8458e2,2025-05-24 20:46:13+00:00
1664,Protect_9dc2e9,2025-08-22 01:54:32+00:00
1665,Choice_8da192,2025-07-25 01:01:33+00:00
1666,Miss_62e2df,2024-11-20 14:27:42+00:00
1667,President_fea55e,2024-07-10 20:03:31+00:00
1668,Continue_bf17fa,2024-09-20 09:00:04+00:00
1669,North_7a87e4,2025-03-25 15:17:41+00:00
1670,Allow_ba2435,2024-02-15 05:28:12+00:00
1671,Expect_82e9a4,2024-05-28 12:09:06+00:00
1672,Remain_3d4ee2,2025-06-22 20:13:48+00:00
1673,Actually_a87df0,2025-08-08 15:09:56+00:00
1674,South_53e914,2024-05-02 12:02:09+00:00
1675,Somebody_170dfb,2024-11-05 09:48:43+00:00
1676,Fight_474018,2025-01-11 10:26:24+00:00
1677,Doctor_19af0d,2025-05-24 02:54:08+00:00
1678,Smile_04ace7,2024-12-02 19:54:39+00:00
1679,Tax_d28d41,2024-05-09 09:27:28+00:00
1680,Dinner_45dbc5,2024-02-28 20:13:22+00:00
1681,Investment_affe4c,2024-03-03 00:57:54+00:00
1682,Develop_fde03c,2025-04-24 22:37:13+00:00
1683,Peace_02c0b6,2025-09-02 04:05:29+00:00
1684,Mention_87994a,2025-09-20 20:51:44+00:00
1685,Behind_7d261a,2024-08-03 04:34:44+00:00
1686,Most_d87435,2025-02-09 04:04:32+00:00
1687,Mean_22bb75,2024-12-24 05:10:46+00:00
1688,Story_4055b0,2025-10-12 09:17:53+00:00
1689,Continue_2adc8b,2025-10-22 23:26:37+00:00
1690,Within_e900dd,2025-02-13 08:08:01+00:00
1691,Ahead_4c68ef,2024-09-30 07:45:43+00:00
1692,Be_56e68f,2024-03-08 18:19:43+00:00
1693,Democratic_1efd54,2024-01-24 17:25:42+00:00
1694,On_5c1b2b,2025-05-07 10:36:04+00:00
1695,School_5e0be2,2024-06-20 03:46:44+00:00
1696,Already_f77a7b,2025-11-14 06:17:38+00:00
1697,May_088592,2025-04-18 16:40:38+00:00
1698,Southern_f5a5ff,2024-06-02 02:20:36+00:00
1699,Sell_c58b8c,2024-12-13 04:12:37+00:00
1700,Professional_ece0c1,2025-12-15 00:40:12+00:00
1701,Dog_565764,2025-04-21 16:07:41+00:00
1702,Recent_6bc94b,2024-01-21 23:26:09+00:00
1703,Offer_3e3634,2025-04-02 09:01:14+00:00
1704,Discussion_f99f31,2025-09-01 12:58:12+00:00
1705,Trouble_dce23e,2024-06-17 06:21:23+00:00
1706,Serve_2a949d,2024-06-16 12:12:18+00:00
1707,Study_a04b90,2025-02-08 06:30:03+00:00
1708,Him_38d31c,2025-10-22 23:10:05+00:00
1709,Help_9f9255,2024-11-26 03:47:24+00:00
1710,Green_746fab,2024-05-31 08:40:18+00:00
1711,Everyone_0209ec,2025-03-17 14:29:05+00:00
1712,Listen_a71b2e,2025-07-20 02:24:09+00:00
1713,By_71fd45,2024-09-26 17:58:53+00:00
1714,Past_785395,2025-12-07 04:40:01+00:00
1715,Eight_c854a5,2025-04-22 11:46:08+00:00
1716,Rock_e2b319,2024-08-29 01:20:27+00:00
1717,Memory_e0339f,2024-03-27 07:34:29+00:00
1718,Though_6d14e2,2025-07-26 14:23:24+00:00
1719,Fill_ac8819,2024-03-29 01:43:50+00:00
1720,College_95d7e3,2024-09-02 20:03:55+00:00
1721,Yes_3c6d0f,2025-03-25 21:11:17+00:00
1722,These_8703ce,2024-04-02 16:51:44+00:00
1723,Affect_ecd881,2025-11-25 00:32:57+00:00
1724,Worker_4bed5b,2024-04-07 05:09:26+00:00
1725,Between_54dfd0,2025-04-15 15:11:03+00:00
1726,Couple_ea95e8,2025-12-02 21:49:27+00:00
1727,Economic_e5c1a9,2025-02-25 12:08:42+00:00
1728,Claim_9117e3,2025-03-09 07:32:57+00:00
1729,Great_4ae2bd,2024-12-05 02:55:14+00:00
1730,Baby_532e9b,2024-12-03 19:26:58+00:00
1731,Reason_695b0a,2024-05-30 04:26:31+00:00
1732,Tv_9e87af,2025-09-15 02:26:32+00:00
1733,Three_676582,2024-02-04 14:33:14+00:00
1734,Official_ab1ff9,2024-07-24 20:31:56+00:00
1735,Candidate_089887,2024-05-30 04:21:09+00:00
1736,Feel_bde29c,2024-01-20 12:16:33+00:00
1737,For_f2cd68,2024-02-27 13:14:48+00:00
1738,Difference_4555fd,2024-12-08 18:41:06+00:00
1739,Ten_e79e3f,2024-02-12 10:21:15+00:00
1740,Republican_0397f8,2024-06-30 14:11:33+00:00
1741,Rise_d90a0e,2024-09-06 23:20:12+00:00
1742,President_449227,2024-08-19 04:50:40+00:00
1743,North_cc4253,2025-04-22 03:43:10+00:00
1744,Leg_d44139,2025-09-21 22:10:11+00:00
1745,Person_653b49,2025-06-03 20:31:25+00:00
1746,Why_ae63e7,2024-02-12 09:12:30+00:00
1747,Back_de7731,2025-04-10 03:38:27+00:00
1748,Care_bad03d,2024-12-10 07:49:12+00:00
1749,Whether_9f8644,2025-08-30 03:43:55+00:00
1750,Hear_188b5f,2025-01-10 01:46:26+00:00
1751,Space_cf2dbd,2024-09-10 02:12:24+00:00
1752,Entire_e0ca46,2024-09-10 19:10:08+00:00
1753,All_fcf115,2024-03-12 01:16:46+00:00
1754,Serve_3ad968,2025-10-31 15:22:41+00:00
1755,Style_6ab058,2025-03-13 20:46:09+00:00
1756,Tree_783b54,2025-02-02 10:54:06+00:00
1757,Art_877929,2024-03-20 21:16:47+00:00
1758,Because_d63599,2025-04-02 02:05:27+00:00
1759,Cover_36db4d,2024-08-18 04:24:56+00:00
1760,Yet_369f98,2025-01-06 05:23:52+00:00
1761,Life_44da92,2025-05-17 14:11:32+00:00
1762,Election_33999a,2024-12-23 18:37:39+00:00
1763,South_c200a0,2024-01-25 16:49:16+00:00
1764,Pay_31ea12,2024-08-28 22:20:47+00:00
1765,Music_ae5d83,2025-05-12 08:19:45+00:00
1766,Forget_b98f8a,2025-04-12 04:04:40+00:00
1767,Machine_bb4244,2024-02-17 22:45:54+00:00
1768,Cultural_3f0512,2024-04-08 23:18:48+00:00
1769,Though_cbbdce,2025-07-09 05:34:58+00:00
1770,Administration_62e4bb,2024-04-03 23:49:08+00:00
1771,Key_eade11,2024-05-18 22:54:05+00:00
1772,Line_86776b,2024-08-09 21:52:39+00:00
1773,Yet_e00dd8,2024-04-03 18:37:36+00:00
1774,Station_e30ad9,2025-04-06 17:25:31+00:00
1775,Get_a86a13,2024-09-25 00:04:06+00:00
1776,Tend_88ee6b,2024-10-01 20:30:52+00:00
1777,Figure_f60c07,2025-10-11 08:29:21+00:00
1778,Member_bee51f,2025-09-29 18:49:05+00:00
1779,Discover_932961,2025-09-05 07:18:19+00:00
1780,Month_2a0d3f,2025-07-20 05:51:18+00:00
1781,In_d81e6b,2025-05-23 09:04:27+00:00
1782,South_a6497f,2025-11-18 00:48:30+00:00
1783,Avoid_01af40,2025-06-05 23:09:10+00:00
1784,Wind_cce253,2025-04-24 02:33:20+00:00
1785,Less_f6e782,2024-09-01 10:32:10+00:00
1786,Bar_eaba6a,2025-07-15 03:28:08+00:00
1787,Company_c55b08,2024-04-09 00:17:17+00:00
1788,Sport_c8e19c,2025-11-05 05:57:58+00:00
1789,Model_e590a2,2024-03-22 00:40:32+00:00
1790,Include_f09e51,2024-02-18 16:18:42+00:00
1791,Along_48fa84,2025-05-05 01:28:30+00:00
1792,Art_033b6d,2024-07-15 11:07:44+00:00
1793,Office_3debe2,2025-06-26 15:25:39+00:00
1794,Person_edc6d4,2025-10-16 05:49:29+00:00
1795,Candidate_53161f,2025-02-06 08:32:33+00:00
1796,Guy_97bc43,2025-12-17 23:20:38+00:00
1797,Article_ba7674,2024-09-27 10:01:40+00:00
1798,Ok_574685,2024-08-28 08:48:21+00:00
1799,Game_8ae941,2026-01-02 14:06:27+00:00
1800,Item_ed97ef,2024-03-22 10:55:21+00:00
1801,Laugh_bbb173,2025-06-04 21:06:38+00:00
1802,Scene_76b2f4,2025-09-29 15:03:35+00:00
1803,Describe_562d8f,2024-04-11 09:28:54+00:00
1804,Process_9debf0,2025-04-04 15:29:56+00:00
1805,Pm_f763e6,2025-01-23 21:46:09+00:00
1806,Rise_f86b92,2025-08-16 21:06:24+00:00
1807,Heart_73fd46,2024-01-11 21:51:04+00:00
1808,Weight_95ac01,2025-08-22 10:24:00+00:00
1809,Wide_c5ffc5,2025-12-28 15:00:41+00:00
1810,Event_a12458,2025-09-12 04:53:59+00:00
1811,Eye_f50697,2025-11-13 11:55:10+00:00
1812,Near_a12437,2025-03-15 18:49:31+00:00
1813,True_36bcee,2025-09-17 03:32:11+00:00
1814,Begin_834abe,2024-12-14 05:35:36+00:00
1815,Protect_dd2de0,2024-07-28 13:18:48+00:00
1816,Pretty_aa2566,2025-11-10 12:33:53+00:00
1817,Window_bbcb56,2024-05-17 07:15:06+00:00
1818,Political_891f6c,2025-02-23 13:13:05+00:00
1819,Government_f2c738,2024-05-12 07:39:05+00:00
1820,Field_9e254a,2025-10-08 17:06:14+00:00
1821,Commercial_331b37,2024-12-21 18:35:17+00:00
1822,Order_b6d0a1,2024-04-17 01:16:40+00:00
1823,Rise_db4ff3,2024-09-24 00:27:49+00:00
1824,To_fa00fa,2025-12-01 09:15:06+00:00
1825,Summer_fd46a4,2025-06-25 10:36:38+00:00
1826,Job_a28e31,2025-06-23 21:31:26+00:00
1827,Run_498eed,2024-11-13 20:52:02+00:00
1828,Day_a58bfc,2025-11-30 07:18:06+00:00
1829,Traditional_ccf41b,2024-01-15 20:48:19+00:00
1830,Camera_54564d,2024-07-10 13:10:46+00:00
1831,Opportunity_676638,2024-05-05 11:23:55+00:00
1832,Wall_43de0a,2025-03-30 09:58:40+00:00
1833,Together_f16add,2024-01-17 00:53:39+00:00
1834,Suddenly_737166,2025-01-31 15:20:14+00:00
1835,Church_bda5c6,2024-03-21 21:06:41+00:00
1836,Body_140773,2025-12-27 10:52:07+00:00
1837,College_4584c8,2025-09-10 09:01:34+00:00
1838,Agency_4fb364,2025-08-12 09:40:56+00:00
1839,Only_c9dfd3,2025-05-31 00:25:05+00:00
1840,Citizen_14b459,2024-06-18 09:35:53+00:00
1841,Watch_3a9930,2024-10-29 20:50:45+00:00
1842,Approach_dfdd2f,2024-06-28 09:11:03+00:00
1843,Out_1e181b,2024-11-07 18:45:04+00:00
1844,Activity_d83bb4,2025-02-06 20:56:42+00:00
1845,Ground_681b9d,2025-05-28 04:05:59+00:00
1846,Policy_da144a,2025-03-10 15:28:55+00:00
1847,View_07570d,2024-04-09 07:14:27+00:00
1848,Western_597707,2025-11-11 04:04:01+00:00
1849,Raise_aa794c,2024-02-27 08:11:36+00:00
1850,Half_4267b3,2025-07-29 12:03:25+00:00
1851,Impact_4e13ee,2024-02-28 16:02:30+00:00
1852,Road_ee50dd,2025-05-22 13:42:50+00:00
1853,Subject_5fc58c,2024-06-18 03:15:34+00:00
1854,Her_f829da,2025-10-06 07:43:51+00:00
1855,Thank_df4170,2025-05-19 19:23:50+00:00
1856,At_746fee,2025-08-10 09:48:51+00:00
1857,His_57e90a,2025-05-24 09:39:14+00:00
1858,Pretty_c992f9,2025-06-09 02:23:48+00:00
1859,Sport_f67096,2025-03-16 10:25:07+00:00
1860,Young_c25352,2024-09-09 00:12:52+00:00
1861,Catch_69e1d4,2025-01-23 06:01:57+00:00
1862,Full_426188,2024-04-07 11:00:34+00:00
1863,Fish_98c69b,2024-10-09 06:25:00+00:00
1864,Relate_25ebe4,2024-04-15 17:11:45+00:00
1865,Identify_a3d2f7,2025-06-16 11:37:04+00:00
1866,Structure_4b42d5,2024-02-16 03:05:10+00:00
1867,Wear_d334ed,2024-02-07 23:55:41+00:00
1868,When_fee314,2024-09-26 00:42:24+00:00
1869,Rise_515770,2024-04-20 23:21:43+00:00
1870,Film_229922,2024-07-15 08:53:52+00:00
1871,Medical_294265,2025-05-19 16:57:52+00:00
1872,Lead_34064e,2024-05-11 00:40:16+00:00
1873,Her_c34e76,2025-07-11 21:56:22+00:00
1874,Feeling_84b39f,2024-02-25 07:47:32+00:00
1875,Raise_a8ac4f,2025-03-01 04:01:04+00:00
1876,Drop_2f2ea2,2024-11-17 03:20:52+00:00
1877,Leg_6c156c,2025-05-08 20:49:52+00:00
1878,Plant_7f2c4d,2024-01-23 18:38:09+00:00
1879,Human_b3367c,2025-10-18 17:40:07+00:00
1880,Sea_721c8b,2025-03-28 18:03:01+00:00
1881,Father_494a4f,2025-10-17 18:32:23+00:00
1882,His_c4e2fb,2024-11-27 23:51:38+00:00
1883,Ball_00d1b9,2024-07-30 20:48:05+00:00
1884,Middle_d8a008,2024-02-25 10:57:27+00:00
1885,Community_159e15,2024-11-22 17:55:11+00:00
1886,When_6ce388,2025-02-22 05:25:05+00:00
1887,Off_49e08b,2025-07-05 11:18:19+00:00
1888,Continue_e540f3,2024-04-20 23:31:53+00:00
1889,Human_7e780f,2024-06-06 15:28:05+00:00
1890,Institution_c1b69b,2025-11-05 16:54:36+00:00
1891,Food_00a473,2024-04-15 19:53:06+00:00
1892,Culture_e43a0c,2025-04-24 20:05:38+00:00
1893,Keep_2ce865,2025-09-21 05:35:18+00:00
1894,Early_773da2,2025-07-30 01:13:53+00:00
1895,Deal_8a950a,2025-03-01 00:38:42+00:00
1896,Current_319f0d,2024-04-05 22:06:28+00:00
1897,Position_c1fe05,2024-12-16 17:46:35+00:00
1898,Life_726f5c,2025-12-28 03:47:59+00:00
1899,Real_9ce602,2024-08-02 16:38:06+00:00
1900,Answer_ec0b83,2025-08-19 22:16:13+00:00
1901,Network_9dce5f,2025-12-04 13:24:50+00:00
1902,Break_09211f,2025-11-13 01:42:37+00:00
1903,Writer_3b6be5,2024-03-13 12:21:23+00:00
1904,Add_3c3738,2024-10-04 22:46:06+00:00
1905,Whom_8907bb,2025-04-10 13:01:54+00:00
1906,Human_34bcf3,2024-02-17 20:05:41+00:00
1907,Public_fa479b,2024-11-26 16:37:53+00:00
1908,News_098579,2025-09-29 16:01:28+00:00
1909,Husband_b70bfb,2024-04-16 03:02:07+00:00
1910,Even_6d2c49,2024-09-19 08:04:03+00:00
1911,Media_8ec873,2024-08-01 10:03:22+00:00
1912,Reality_a7afc0,2024-02-26 19:09:20+00:00
1913,Various_a8ba27,2024-04-19 21:38:17+00:00
1914,Mission_d81cf5,2024-05-06 02:01:11+00:00
1915,Think_eb2243,2024-08-24 00:27:08+00:00
1916,Message_e6ee07,2024-10-18 13:37:56+00:00
1917,Apply_e03de2,2025-12-02 22:19:00+00:00
1918,Eat_3ea986,2025-04-23 15:10:26+00:00
1919,Court_92271e,2024-10-09 03:16:54+00:00
1920,Public_92be01,2025-12-25 12:19:44+00:00
1921,Benefit_aa3782,2025-12-11 17:35:37+00:00
1922,Red_ccc292,2025-05-15 02:19:18+00:00
1923,College_a794a2,2024-09-05 19:49:02+00:00
1924,Drop_6b8d8a,2024-03-12 06:32:28+00:00
1925,Of_5bf320,2025-09-24 00:59:11+00:00
1926,Word_dd59cb,2024-03-13 16:10:33+00:00
1927,It_b3b107,2024-12-23 06:15:13+00:00
1928,Letter_b5bde3,2025-05-17 14:49:02+00:00
1929,Decide_f2f521,2025-09-13 06:07:05+00:00
1930,Hot_bd034c,2024-07-06 07:33:39+00:00
1931,Tv_57480d,2025-07-11 21:24:12+00:00
1932,Whatever_9d4251,2024-08-14 09:23:05+00:00
1933,Amount_4f5e9c,2024-01-13 16:39:53+00:00
1934,Professional_cbe2fb,2024-07-15 07:19:15+00:00
1935,Measure_9e28d2,2025-04-29 03:56:30+00:00
1936,Charge_984ad3,2025-12-24 16:12:57+00:00
1937,Phone_36190f,2024-03-29 07:39:11+00:00
1938,Fact_d348cd,2024-09-19 06:19:30+00:00
1939,Serve_e8142f,2025-05-31 23:03:40+00:00
1940,Item_2753f6,2024-06-20 10:42:30+00:00
1941,Research_be419e,2024-11-20 07:34:56+00:00
1942,Others_88d9c8,2025-12-07 05:34:10+00:00
1943,Live_be1db1,2025-11-12 21:26:15+00:00
1944,Rest_623f18,2024-03-06 22:43:21+00:00
1945,Range_f1a9a7,2025-02-02 00:57:43+00:00
1946,Mission_2eabea,2024-09-24 08:56:58+00:00
1947,True_57129f,2024-05-13 10:20:03+00:00
1948,Black_b162fa,2025-09-30 09:47:27+00:00
1949,Economy_b017aa,2024-05-18 07:42:46+00:00
1950,So_092ce8,2025-05-31 22:14:33+00:00
1951,Poor_b120d6,2024-07-24 07:56:46+00:00
1952,Just_cebd4d,2025-11-03 21:24:53+00:00
1953,Rich_2c2c48,2025-11-29 02:18:23+00:00
1954,Determine_c22ed6,2025-06-22 11:00:45+00:00
1955,Together_deb96f,2025-01-03 22:07:23+00:00
1956,Design_9bad0b,2024-10-20 21:27:59+00:00
1957,Night_501d11,2024-09-26 16:05:47+00:00
1958,Assume_8cde1f,2024-11-05 09:14:50+00:00
1959,Candidate_acac22,2024-10-09 00:21:35+00:00
1960,Team_ac378b,2025-11-06 12:30:39+00:00
1961,Fine_81e719,2024-10-05 02:27:57+00:00
1962,Owner_817d76,2024-06-12 13:00:27+00:00
1963,Wall_5f827a,2024-05-16 07:15:18+00:00
1964,Early_3c855c,2025-11-22 17:27:06+00:00
1965,Reality_6c0586,2025-04-24 20:56:47+00:00
1966,Dark_5f59c8,2025-06-17 17:06:02+00:00
1967,Travel_5da5c8,2025-01-04 06:13:16+00:00
1968,On_83249a,2025-12-12 15:41:50+00:00
1969,Wonder_e8bd82,2025-11-19 02:03:15+00:00
1970,Nor_d5c676,2025-03-18 02:02:46+00:00
1971,Glass_1336b7,2024-08-16 04:09:20+00:00
1972,Federal_df49e5,2025-05-26 02:51:53+00:00
1973,Miss_1e6aaa,2025-12-11 06:56:21+00:00
1974,Step_acf454,2024-07-09 10:40:27+00:00
1975,Fund_0cc18f,2025-01-30 17:29:13+00:00
1976,Against_e7463f,2025-09-23 01:15:59+00:00
1977,Skill_393977,2025-09-09 12:51:44+00:00
1978,Sort_cd8550,2024-07-04 07:47:41+00:00
1979,Race_16789a,2025-01-24 10:31:00+00:00
1980,Among_9584f0,2025-03-25 07:44:00+00:00
1981,Anyone_7fe8f9,2024-07-15 12:02:35+00:00
1982,Meeting_2cb320,2024-11-18 06:13:08+00:00
1983,On_e2d6c8,2025-12-10 21:09:29+00:00
1984,Music_0fef4b,2024-07-31 07:01:29+00:00
1985,Suggest_251e6b,2024-12-08 13:09:37+00:00
1986,Out_3318a1,2025-04-04 16:27:45+00:00
1987,Focus_0a76d6,2024-05-20 18:36:27+00:00
1988,Industry_e3530b,2025-07-24 14:59:46+00:00
1989,Thus_751031,2024-02-26 05:14:50+00:00
1990,Article_530660,2025-01-23 11:38:01+00:00
1991,Bar_676c78,2025-07-27 12:15:37+00:00
1992,Media_a83dd0,2024-08-19 22:59:23+00:00
1993,Give_f19390,2025-03-15 12:10:24+00:00
1994,Talk_19b696,2024-04-11 14:46:59+00:00
1995,Friend_823ae0,2025-06-23 02:26:31+00:00
1996,Small_e6d63f,2025-09-07 21:33:08+00:00
1997,Drug_50ea0a,2025-04-28 22:59:06+00:00
1998,Simple_bffa62,2026-01-05 15:48:30+00:00
1999,Finish_bb171e,2024-07-08 03:20:39+00:00
2000,Teach_024e07,2025-02-10 17:28:16+00:00
