review_score_id,review_id,review_category_id,score,created_at
1,1686,641,2,2024-12-03 23:52:38+00:00
2,1946,1321,1,2025-02-08 19:56:39+00:00
3,683,919,2,2026-01-07 20:33:29+00:00
4,1635,1618,4,2024-12-18 14:50:53+00:00
5,543,744,4,2024-08-12 13:02:57+00:00
6,1524,330,5,2025-02-19 07:11:12+00:00
7,1697,1891,5,2024-09-21 00:08:58+00:00
8,20,1978,2,2025-01-03 08:49:59+00:00
9,613,1201,5,2025-08-02 15:57:35+00:00
10,841,1350,5,2024-02-07 13:36:34+00:00
11,1726,1915,4,2025-10-04 15:18:29+00:00
12,291,56,3,2024-07-05 10:50:43+00:00
13,1745,1705,1,2024-10-27 14:13:26+00:00
14,1178,1085,5,2025-12-18 01:26:40+00:00
15,96,1989,1,2024-01-31 23:11:47+00:00
16,1192,1730,5,2024-02-10 03:08:07+00:00
17,900,1894,4,2025-01-25 21:14:24+00:00
18,1315,373,4,2024-02-02 05:46:10+00:00
19,1091,1557,1,2024-12-26 08:17:24+00:00
20,687,139,4,2025-04-16 03:45:53+00:00
21,1909,1956,1,2024-07-03 07:02:29+00:00
22,1647,1883,2,2025-10-16 04:47:06+00:00
23,839,1124,2,2024-05-12 12:34:38+00:00
24,1893,1858,5,2025-07-11 17:52:38+00:00
25,764,447,3,2025-10-24 19:55:29+00:00
26,1462,458,4,2024-03-03 16:46:34+00:00
27,456,1009,3,2025-11-12 21:40:22+00:00
28,74,1496,1,2024-03-13 18:21:10+00:00
29,964,315,2,2025-01-06 03:29:10+00:00
30,1220,1241,2,2024-10-10 10:45:30+00:00
31,1048,954,1,2024-12-12 00:05:56+00:00
32,1588,1714,1,2024-03-08 11:21:15+00:00
33,825,944,4,2025-05-29 06:51:42+00:00
34,1824,1286,1,2025-01-29 00:37:58+00:00
35,1863,184,5,2024-04-04 04:07:35+00:00
36,712,1431,3,2024-05-31 16:29:15+00:00
37,1639,1011,3,2025-09-28 05:50:28+00:00
38,196,317,3,2025-06-09 23:57:47+00:00
39,1093,1348,2,2024-09-23 02:11:33+00:00
40,1705,1233,5,2025-05-24 00:55:07+00:00
41,919,1528,1,2025-12-13 18:43:52+00:00
42,928,1499,3,2024-01-29 17:03:30+00:00
43,873,59,1,2024-04-11 08:44:17+00:00
44,1721,796,3,2025-02-13 15:03:13+00:00
45,883,901,5,2025-01-22 00:16:09+00:00
46,1245,270,1,2025-04-13 06:10:40+00:00
47,45,909,2,2025-04-24 01:25:01+00:00
48,1957,1504,3,2024-12-27 18:41:50+00:00
49,1973,886,4,2025-11-30 21:38:53+00:00
50,1768,1071,4,2024-09-28 05:13:08+00:00
51,44,316,3,2025-11-10 10:29:49+00:00
52,1053,265,4,2024-05-16 20:51:17+00:00
53,1573,1116,1,2024-12-05 17:05:13+00:00
54,892,678,5,2025-11-21 00:30:36+00:00
55,1109,1587,1,2025-06-09 11:10:02+00:00
56,144,1326,3,2024-04-04 07:43:19+00:00
57,1537,819,4,2024-05-04 20:09:35+00:00
58,710,727,5,2024-07-22 16:29:41+00:00
59,1945,1275,3,2025-06-24 10:02:53+00:00
60,1953,1941,2,2025-02-24 11:17:13+00:00
61,809,771,5,2025-02-12 22:29:36+00:00
62,1642,1616,3,2024-01-21 23:38:55+00:00
63,284,108,3,2025-04-09 06:54:40+00:00
64,1228,880,1,2025-05-20 04:13:30+00:00
65,1297,663,5,2025-02-01 18:00:40+00:00
66,1906,369,2,2025-10-15 21:47:33+00:00
67,828,430,2,2024-10-17 23:47:31+00:00
68,422,7,4,2025-04-22 15:38:18+00:00
69,1708,1788,3,2024-09-08 06:43:42+00:00
70,427,724,4,2024-03-02 10:30:57+00:00
71,1261,1929,1,2024-05-04 01:07:53+00:00
72,185,1104,5,2025-04-13 14:32:17+00:00
73,1656,714,1,2024-04-27 00:49:03+00:00
74,229,360,2,2025-01-10 12:40:44+00:00
75,1949,1583,5,2024-09-12 21:35:37+00:00
76,387,783,2,2026-01-05 18:12:33+00:00
77,229,1336,5,2025-09-12 16:19:40+00:00
78,781,1779,4,2024-11-19 08:10:33+00:00
79,1618,352,3,2025-01-03 06:56:06+00:00
80,773,443,2,2024-04-14 04:55:09+00:00
81,1498,22,5,2024-05-19 13:38:49+00:00
82,1284,1975,3,2025-03-17 12:30:43+00:00
83,600,1572,2,2025-08-25 09:49:50+00:00
84,231,726,5,2025-11-26 15:11:27+00:00
85,1809,593,1,2024-08-19 22:58:07+00:00
86,1203,387,1,2024-12-15 18:59:05+00:00
87,417,1705,4,2025-07-09 22:41:12+00:00
88,1861,1312,4,2024-06-05 11:43:58+00:00
89,1350,348,2,2025-07-14 04:49:44+00:00
90,1631,1702,3,2024-03-10 03:23:21+00:00
91,960,1677,1,2025-10-30 08:56:04+00:00
92,715,1875,3,2025-03-08 01:14:41+00:00
93,96,1849,3,2024-08-07 01:00:12+00:00
94,453,1742,5,2025-12-27 08:38:48+00:00
95,188,1584,4,2024-04-05 10:01:19+00:00
96,734,1566,3,2025-01-25 08:49:54+00:00
97,427,1362,1,2024-04-29 22:58:05+00:00
98,1107,1307,4,2025-12-29 15:55:59+00:00
99,691,750,4,2025-06-06 13:02:42+00:00
100,309,1696,5,2024-06-08 19:18:38+00:00
101,879,318,4,2024-11-08 16:07:42+00:00
102,471,265,5,2025-04-01 14:04:25+00:00
103,450,736,4,2024-08-05 16:08:04+00:00
104,1269,1269,2,2025-02-08 19:00:23+00:00
105,1803,454,2,2024-10-02 13:11:02+00:00
106,459,1241,2,2025-11-29 18:58:53+00:00
107,804,13,5,2025-10-25 08:28:53+00:00
108,1226,1840,5,2025-03-06 02:27:45+00:00
109,634,1750,1,2024-03-25 14:17:37+00:00
110,1249,595,5,2025-07-15 13:55:51+00:00
111,1516,138,2,2024-03-09 07:10:44+00:00
112,1750,113,2,2025-08-02 13:19:39+00:00
113,1939,899,2,2025-05-26 03:11:52+00:00
114,248,600,5,2024-02-26 04:44:15+00:00
115,1415,382,4,2025-11-27 05:25:48+00:00
116,574,87,2,2024-06-16 00:21:35+00:00
117,231,961,2,2025-10-25 11:03:10+00:00
118,1055,1535,5,2025-09-21 09:13:14+00:00
119,224,793,4,2025-04-09 18:24:30+00:00
120,1547,1453,4,2025-11-20 00:19:37+00:00
121,520,1746,4,2025-10-11 05:58:02+00:00
122,1924,778,1,2025-04-19 06:29:51+00:00
123,749,881,4,2024-10-03 22:56:53+00:00
124,89,133,2,2024-06-22 19:05:30+00:00
125,1678,1448,2,2024-03-04 11:30:15+00:00
126,1981,1249,3,2024-02-14 16:22:55+00:00
127,754,582,4,2024-10-23 22:01:27+00:00
128,1189,710,4,2024-03-23 23:56:43+00:00
129,955,1463,1,2024-07-29 06:42:10+00:00
130,1698,477,5,2025-01-08 02:22:26+00:00
131,1173,1331,5,2024-11-05 06:24:54+00:00
132,1097,1498,2,2024-07-14 09:20:21+00:00
133,1458,853,4,2025-11-26 22:26:47+00:00
134,1134,758,2,2024-05-17 23:00:00+00:00
135,360,1132,5,2025-12-14 17:21:04+00:00
136,654,1245,5,2025-12-30 06:43:47+00:00
137,1263,75,4,2025-08-27 17:52:44+00:00
138,798,1098,1,2024-11-20 14:05:20+00:00
139,452,364,1,2025-07-02 16:06:51+00:00
140,298,67,1,2025-03-27 13:38:32+00:00
141,1674,387,5,2024-08-18 21:38:35+00:00
142,1017,222,5,2025-04-30 16:21:40+00:00
143,308,599,2,2024-05-30 04:39:27+00:00
144,354,626,4,2024-12-04 07:34:44+00:00
145,1867,315,5,2024-12-11 16:02:54+00:00
146,282,1609,1,2024-04-25 08:40:27+00:00
147,1815,1278,3,2025-08-02 04:04:47+00:00
148,409,703,2,2025-04-12 07:26:13+00:00
149,1751,963,4,2024-11-22 11:34:27+00:00
150,1394,1236,5,2025-01-26 22:53:30+00:00
151,108,749,2,2024-10-07 16:22:58+00:00
152,215,1351,2,2024-04-16 04:01:10+00:00
153,1026,194,1,2024-10-14 08:49:45+00:00
154,1434,823,3,2025-12-09 14:30:25+00:00
155,786,393,2,2024-08-27 16:28:04+00:00
156,652,1294,5,2025-01-08 01:31:41+00:00
157,86,76,5,2024-06-11 03:27:10+00:00
158,84,907,2,2025-03-28 12:59:49+00:00
159,427,1075,4,2024-10-24 02:41:36+00:00
160,1259,539,1,2024-11-13 06:23:13+00:00
161,497,774,4,2025-03-31 18:10:47+00:00
162,992,614,4,2025-11-09 19:25:04+00:00
163,1926,757,5,2025-03-05 13:05:42+00:00
164,250,985,3,2024-01-26 22:52:52+00:00
165,334,526,3,2024-04-08 03:10:34+00:00
166,1836,903,3,2024-11-20 08:48:52+00:00
167,1112,353,3,2024-10-09 00:45:15+00:00
168,1998,1625,4,2025-02-25 21:22:16+00:00
169,1039,179,1,2025-07-25 18:29:43+00:00
170,1719,1098,2,2024-08-22 05:39:22+00:00
171,806,1196,4,2024-12-23 11:54:26+00:00
172,1750,1724,5,2025-11-02 21:39:52+00:00
173,1705,989,3,2025-04-22 08:41:51+00:00
174,1676,271,5,2024-01-27 10:23:23+00:00
175,1437,1206,4,2024-01-18 19:26:11+00:00
176,360,809,3,2025-03-08 10:58:59+00:00
177,954,953,4,2025-11-29 10:33:14+00:00
178,1550,314,2,2025-05-06 19:45:22+00:00
179,1270,768,2,2024-12-28 09:38:06+00:00
180,577,1762,2,2024-05-21 22:03:41+00:00
181,599,1249,1,2025-07-09 18:44:41+00:00
182,930,17,5,2025-12-11 04:06:19+00:00
183,863,597,1,2025-04-27 11:41:04+00:00
184,672,422,1,2024-02-07 13:42:06+00:00
185,1417,1708,4,2025-04-19 00:50:23+00:00
186,1512,993,5,2024-08-04 22:05:21+00:00
187,1470,1585,3,2024-04-10 10:01:51+00:00
188,1054,309,4,2024-11-09 21:27:56+00:00
189,1169,1602,5,2025-11-02 21:19:23+00:00
190,1290,1140,5,2025-05-03 10:29:48+00:00
191,673,730,2,2025-02-09 20:56:30+00:00
192,1243,645,1,2025-02-16 12:29:53+00:00
193,410,83,1,2025-08-23 11:50:59+00:00
194,691,1901,3,2026-01-06 16:04:47+00:00
195,415,597,4,2025-05-22 05:17:22+00:00
196,225,1470,2,2026-01-01 07:28:27+00:00
197,102,867,2,2024-08-28 03:08:20+00:00
198,181,937,5,2025-04-11 18:07:49+00:00
199,717,771,4,2024-07-27 09:57:31+00:00
200,1923,1135,4,2024-03-20 04:01:47+00:00
201,773,1466,5,2025-07-24 03:02:25+00:00
202,274,1167,3,2024-05-01 23:19:03+00:00
203,1803,1737,1,2025-12-23 12:02:09+00:00
204,356,641,2,2025-02-28 23:40:33+00:00
205,1502,1222,5,2025-12-31 07:40:03+00:00
206,886,1063,4,2024-03-17 21:00:39+00:00
207,1864,1026,5,2025-10-13 15:25:17+00:00
208,79,1231,4,2025-03-16 14:26:49+00:00
209,987,41,1,2024-01-16 13:01:46+00:00
210,1259,290,2,2024-05-10 10:39:33+00:00
211,1371,1410,3,2024-11-13 06:08:46+00:00
212,527,439,5,2024-05-21 06:02:14+00:00
213,714,604,3,2024-05-24 15:35:29+00:00
214,1868,154,4,2024-09-13 11:39:16+00:00
215,983,1628,3,2024-09-02 11:25:04+00:00
216,714,273,4,2024-09-21 04:59:35+00:00
217,202,1907,3,2024-05-28 00:13:18+00:00
218,145,815,1,2024-08-31 22:07:58+00:00
219,1482,224,2,2025-11-21 00:46:33+00:00
220,751,1895,1,2025-09-06 03:43:48+00:00
221,1813,1233,4,2025-12-22 07:16:30+00:00
222,181,597,4,2025-11-26 01:07:10+00:00
223,1190,22,1,2025-04-28 16:21:10+00:00
224,465,565,1,2025-08-07 19:29:42+00:00
225,1124,232,5,2024-05-13 12:23:03+00:00
226,1346,994,2,2024-03-18 10:42:27+00:00
227,1555,1558,1,2024-04-09 05:05:13+00:00
228,1133,1981,5,2025-04-01 10:14:21+00:00
229,1189,177,4,2024-10-17 21:31:54+00:00
230,382,1679,1,2025-03-16 06:09:06+00:00
231,1853,1474,2,2025-07-26 13:08:16+00:00
232,1667,376,1,2025-02-25 10:22:31+00:00
233,1385,122,1,2025-09-13 11:22:26+00:00
234,1013,633,5,2025-10-19 03:29:07+00:00
235,199,618,5,2025-05-16 15:17:27+00:00
236,928,1934,5,2024-10-31 13:31:45+00:00
237,62,739,2,2025-10-14 21:48:42+00:00
238,833,722,5,2025-01-01 06:39:50+00:00
239,814,419,5,2025-02-09 21:24:05+00:00
240,1423,306,1,2024-08-26 10:45:09+00:00
241,798,1440,3,2025-02-28 02:38:03+00:00
242,1209,704,5,2024-02-06 06:48:28+00:00
243,384,1477,2,2024-12-19 12:29:31+00:00
244,1088,71,1,2025-01-16 16:06:20+00:00
245,945,954,1,2024-10-03 03:23:17+00:00
246,1988,314,2,2024-11-01 04:35:09+00:00
247,1276,1345,1,2025-12-30 19:06:08+00:00
248,976,1676,3,2024-04-07 23:48:01+00:00
249,728,8,4,2024-04-22 15:49:51+00:00
250,140,1895,1,2024-09-20 07:49:17+00:00
251,1843,148,2,2025-12-20 09:07:32+00:00
252,1922,127,2,2024-06-09 18:26:45+00:00
253,1017,68,3,2024-04-02 13:23:44+00:00
254,1939,1548,3,2024-02-18 10:51:20+00:00
255,1255,1186,3,2025-01-28 20:15:39+00:00
256,1539,1869,5,2025-05-01 13:51:56+00:00
257,1083,1862,4,2024-09-08 12:29:22+00:00
258,944,513,2,2025-01-18 21:52:09+00:00
259,1522,1715,4,2025-10-21 02:37:16+00:00
260,1238,1610,3,2025-02-04 18:38:43+00:00
261,287,1942,4,2025-07-18 00:04:35+00:00
262,487,1934,1,2025-03-26 12:20:11+00:00
263,1190,770,4,2025-09-15 09:19:18+00:00
264,1579,315,5,2025-02-07 18:12:44+00:00
265,359,486,2,2024-08-01 03:50:19+00:00
266,1665,1019,3,2025-05-21 10:50:49+00:00
267,636,922,3,2024-01-19 01:03:08+00:00
268,1378,907,3,2025-11-11 10:46:47+00:00
269,848,830,3,2024-05-09 18:31:41+00:00
270,1639,659,1,2024-05-29 17:10:50+00:00
271,605,892,5,2024-08-03 10:21:18+00:00
272,872,608,5,2024-08-15 10:10:10+00:00
273,1839,1688,3,2025-05-16 05:51:54+00:00
274,1296,1320,2,2025-03-26 11:24:44+00:00
275,1158,336,5,2024-12-09 08:50:47+00:00
276,6,1991,5,2024-07-08 02:19:19+00:00
277,1896,487,2,2024-11-10 18:54:44+00:00
278,1946,999,2,2024-02-13 05:09:04+00:00
279,585,1835,3,2024-10-26 19:37:27+00:00
280,547,887,1,2025-08-01 14:07:09+00:00
281,774,174,3,2025-01-08 15:20:16+00:00
282,1552,1792,4,2025-10-14 16:24:46+00:00
283,1006,1094,1,2025-05-23 07:14:44+00:00
284,231,918,4,2025-01-16 22:22:30+00:00
285,460,103,5,2024-08-02 03:54:34+00:00
286,1031,658,3,2025-12-21 23:04:19+00:00
287,1853,295,1,2024-07-18 08:52:30+00:00
288,968,771,5,2025-05-24 12:06:01+00:00
289,1389,14,2,2025-08-15 16:59:56+00:00
290,1824,1945,1,2024-06-19 00:02:09+00:00
291,431,1272,1,2024-08-19 08:31:21+00:00
292,1535,1109,1,2024-09-22 15:51:32+00:00
293,1410,1530,3,2025-06-05 15:15:09+00:00
294,191,1771,1,2025-08-08 19:19:33+00:00
295,376,686,2,2024-01-15 07:19:29+00:00
296,38,763,1,2024-05-05 19:34:51+00:00
297,658,1385,1,2024-08-15 12:23:03+00:00
298,1757,1766,1,2025-10-10 16:09:41+00:00
299,1432,942,4,2025-09-08 22:49:58+00:00
300,1393,686,3,2024-05-04 21:50:52+00:00
301,330,915,3,2025-10-07 11:52:41+00:00
302,328,1287,1,2025-01-07 20:49:17+00:00
303,501,669,1,2026-01-07 05:32:59+00:00
304,1088,1697,3,2025-11-05 04:32:50+00:00
305,200,1829,4,2025-03-21 23:50:09+00:00
306,948,634,4,2024-05-08 09:12:22+00:00
307,398,1325,2,2025-07-12 06:08:16+00:00
308,595,1899,3,2025-01-24 14:34:44+00:00
309,83,1969,2,2024-10-17 03:05:27+00:00
310,732,1523,3,2024-06-03 22:00:45+00:00
311,701,455,5,2025-09-17 04:15:33+00:00
312,1118,170,2,2025-05-16 02:36:45+00:00
313,428,1766,3,2024-02-04 20:33:47+00:00
314,577,917,3,2025-07-08 14:43:27+00:00
315,1747,124,5,2024-07-12 17:20:32+00:00
316,180,1038,5,2024-08-02 18:29:22+00:00
317,73,825,2,2025-11-02 23:48:17+00:00
318,244,96,5,2025-06-12 16:02:46+00:00
319,517,1257,4,2025-04-09 00:43:14+00:00
320,1822,1976,4,2024-09-30 01:42:54+00:00
321,717,1326,1,2024-07-18 19:07:37+00:00
322,1214,277,4,2024-12-10 16:37:27+00:00
323,1207,1229,5,2024-12-12 19:52:58+00:00
324,706,239,4,2025-09-23 10:20:54+00:00
325,1394,113,1,2024-08-07 05:36:43+00:00
326,1453,10,5,2025-08-11 07:50:12+00:00
327,750,1313,2,2025-03-11 09:53:09+00:00
328,1462,314,4,2025-03-21 08:58:07+00:00
329,1117,325,1,2025-07-10 19:00:12+00:00
330,652,1677,1,2025-07-16 11:58:41+00:00
331,1701,279,4,2025-03-17 17:16:28+00:00
332,1022,1193,3,2024-09-29 03:56:15+00:00
333,1193,374,5,2024-08-31 07:32:52+00:00
334,791,1002,4,2025-10-10 13:05:56+00:00
335,739,566,3,2024-05-27 21:06:16+00:00
336,1404,1321,3,2025-03-22 10:27:21+00:00
337,1198,1355,1,2024-09-28 17:29:06+00:00
338,975,1048,5,2025-08-14 14:46:35+00:00
339,1301,643,1,2025-05-28 07:00:30+00:00
340,602,1560,4,2025-08-05 17:56:45+00:00
341,1551,1275,1,2025-08-18 19:16:57+00:00
342,1967,137,2,2024-07-29 03:21:28+00:00
343,742,499,3,2025-06-25 20:44:24+00:00
344,1728,1941,5,2024-02-06 12:55:30+00:00
345,1948,1869,5,2025-09-08 18:32:31+00:00
346,301,768,4,2024-04-09 10:55:41+00:00
347,813,30,4,2025-02-22 20:41:56+00:00
348,1773,1262,1,2024-09-22 17:41:33+00:00
349,510,1864,5,2024-12-07 07:39:09+00:00
350,1521,1598,1,2024-07-16 23:02:47+00:00
351,76,850,3,2025-08-16 19:25:33+00:00
352,419,228,3,2024-10-17 14:20:48+00:00
353,1400,327,4,2025-01-16 11:27:56+00:00
354,7,757,4,2024-06-25 17:26:45+00:00
355,286,1938,4,2024-05-01 19:17:29+00:00
356,647,464,5,2025-01-24 20:43:25+00:00
357,215,1166,5,2024-12-01 22:14:46+00:00
358,486,68,5,2025-08-22 13:19:33+00:00
359,476,1136,2,2025-07-14 13:02:03+00:00
360,449,1445,3,2024-04-19 08:01:12+00:00
361,1069,719,5,2024-01-29 12:37:51+00:00
362,577,914,3,2025-05-12 02:02:59+00:00
363,554,160,3,2024-11-06 21:07:04+00:00
364,48,1392,2,2024-03-26 17:19:38+00:00
365,1459,1095,4,2025-02-01 01:02:51+00:00
366,1062,1308,4,2024-12-27 12:21:33+00:00
367,1891,1568,5,2025-09-29 20:09:51+00:00
368,1977,585,4,2024-06-17 09:47:46+00:00
369,1661,1149,4,2024-11-25 00:11:37+00:00
370,1981,864,1,2025-02-01 06:42:26+00:00
371,1488,1937,2,2025-10-26 06:07:40+00:00
372,288,1601,1,2024-08-15 09:18:20+00:00
373,1807,43,4,2025-02-10 13:24:09+00:00
374,1333,680,2,2025-04-25 12:30:15+00:00
375,1796,1754,3,2025-02-11 08:43:36+00:00
376,1042,1332,4,2025-09-02 04:26:18+00:00
377,370,396,3,2025-11-28 19:06:53+00:00
378,1938,1903,4,2025-10-07 06:32:53+00:00
379,29,1254,3,2025-07-07 20:15:11+00:00
380,1173,833,2,2025-06-07 04:12:30+00:00
381,247,1829,4,2024-06-04 08:53:48+00:00
382,635,1758,5,2024-02-04 22:18:02+00:00
383,1970,408,5,2024-09-03 19:18:28+00:00
384,1366,507,5,2024-12-19 13:29:38+00:00
385,1809,1777,4,2025-07-24 00:49:06+00:00
386,971,828,2,2024-09-13 15:21:12+00:00
387,932,864,5,2024-02-25 12:11:26+00:00
388,1923,1947,5,2024-12-02 20:04:05+00:00
389,501,1888,1,2024-07-30 23:26:43+00:00
390,773,1757,4,2024-04-04 10:59:36+00:00
391,69,511,5,2025-03-16 03:08:46+00:00
392,265,1285,5,2024-10-03 22:29:24+00:00
393,1966,1427,3,2024-11-22 19:18:04+00:00
394,1846,1134,3,2025-01-07 06:41:28+00:00
395,345,1268,3,2025-12-09 20:08:17+00:00
396,1067,856,3,2025-12-01 03:55:28+00:00
397,871,74,4,2024-05-19 07:08:41+00:00
398,1265,261,3,2025-09-22 11:46:30+00:00
399,1259,640,4,2024-01-19 22:48:25+00:00
400,263,1907,3,2025-09-12 02:55:05+00:00
401,843,14,3,2025-05-26 05:33:12+00:00
402,502,1814,5,2025-08-10 22:53:11+00:00
403,1401,114,2,2024-01-31 04:35:01+00:00
404,973,261,5,2024-12-30 15:09:17+00:00
405,161,456,2,2025-02-12 15:59:19+00:00
406,957,1165,3,2024-10-09 20:03:13+00:00
407,1825,1413,2,2025-10-20 17:32:44+00:00
408,12,753,2,2024-07-11 17:42:55+00:00
409,20,1221,2,2024-03-12 09:54:36+00:00
410,1220,1103,5,2025-03-30 17:56:27+00:00
411,45,1988,4,2025-02-16 15:14:32+00:00
412,275,451,4,2025-07-31 17:43:16+00:00
413,305,1940,2,2024-08-18 07:07:35+00:00
414,518,965,3,2025-06-18 21:51:08+00:00
415,1465,1212,5,2025-06-06 10:33:01+00:00
416,1591,804,2,2025-07-25 13:04:48+00:00
417,1010,1344,3,2024-11-19 07:52:38+00:00
418,347,1162,2,2024-02-01 21:24:16+00:00
419,871,1103,1,2024-06-01 21:22:26+00:00
420,1570,1129,5,2024-03-19 21:37:39+00:00
421,1810,660,2,2024-12-25 09:25:37+00:00
422,390,408,5,2025-11-13 05:40:04+00:00
423,333,325,3,2024-06-29 09:50:06+00:00
424,1657,593,1,2025-01-13 01:55:55+00:00
425,857,1274,1,2025-03-08 03:21:36+00:00
426,1380,1696,2,2024-08-12 00:29:39+00:00
427,1662,766,5,2024-04-17 15:27:16+00:00
428,1591,390,1,2024-07-13 13:22:53+00:00
429,1201,1910,2,2024-11-03 20:36:48+00:00
430,571,756,5,2024-12-02 07:20:07+00:00
431,772,466,5,2024-02-29 02:11:44+00:00
432,1510,1180,2,2025-01-15 02:04:48+00:00
433,526,1209,5,2025-01-22 07:56:11+00:00
434,1554,1423,2,2025-11-27 15:57:59+00:00
435,1615,559,5,2024-10-05 21:07:37+00:00
436,855,1152,5,2024-10-07 08:45:48+00:00
437,547,1437,1,2025-10-06 02:20:07+00:00
438,865,1801,5,2024-12-16 10:58:46+00:00
439,1263,296,3,2024-05-12 21:20:13+00:00
440,539,1795,4,2024-03-13 14:08:13+00:00
441,1150,964,4,2025-10-09 21:01:36+00:00
442,161,418,5,2025-04-27 12:23:24+00:00
443,788,1740,2,2025-05-09 16:46:20+00:00
444,1234,98,1,2025-03-09 00:39:21+00:00
445,60,762,4,2024-07-17 08:03:26+00:00
446,3,1065,4,2025-01-13 03:12:41+00:00
447,1150,431,1,2024-08-18 01:09:04+00:00
448,188,1888,4,2025-06-16 17:06:33+00:00
449,1445,1125,1,2024-08-23 03:44:25+00:00
450,1104,1558,4,2024-01-12 11:12:23+00:00
451,236,1397,1,2024-12-15 15:46:51+00:00
452,1689,386,5,2024-01-16 07:46:55+00:00
453,1722,1447,1,2024-08-04 21:58:48+00:00
454,222,300,4,2025-09-07 17:30:00+00:00
455,1903,1071,3,2025-05-12 23:44:24+00:00
456,577,444,2,2024-09-30 06:12:57+00:00
457,1260,236,5,2024-08-13 14:11:24+00:00
458,1556,553,1,2024-01-13 07:08:05+00:00
459,1847,1719,5,2024-05-10 05:09:50+00:00
460,377,955,2,2024-01-21 20:33:21+00:00
461,937,1771,4,2024-04-17 16:18:31+00:00
462,1242,1269,5,2025-08-17 10:59:12+00:00
463,602,165,5,2025-10-29 17:36:39+00:00
464,1901,371,2,2024-01-18 14:35:11+00:00
465,925,1788,2,2024-09-12 17:23:58+00:00
466,1441,1871,3,2024-09-03 23:51:52+00:00
467,559,146,2,2025-06-02 17:46:33+00:00
468,112,1093,5,2024-11-12 08:50:50+00:00
469,1913,1034,2,2024-01-28 12:14:09+00:00
470,30,607,5,2025-05-31 11:31:59+00:00
471,660,258,4,2024-07-12 05:56:44+00:00
472,1749,1202,1,2025-06-04 02:12:19+00:00
473,1539,291,5,2024-04-03 15:11:06+00:00
474,579,1591,3,2024-10-03 11:44:45+00:00
475,945,1177,1,2025-03-29 22:06:51+00:00
476,1613,1234,1,2025-03-26 15:12:59+00:00
477,685,1653,4,2025-11-23 11:44:51+00:00
478,585,770,2,2024-09-18 06:30:08+00:00
479,612,1123,1,2024-01-13 02:22:50+00:00
480,946,1927,4,2024-12-11 14:27:33+00:00
481,842,337,1,2025-10-12 22:04:50+00:00
482,1886,1332,5,2025-05-07 18:55:49+00:00
483,1353,344,1,2024-11-23 03:28:22+00:00
484,974,800,5,2025-11-21 04:54:10+00:00
485,311,1169,1,2025-04-30 03:04:03+00:00
486,1931,1421,5,2024-08-01 10:15:07+00:00
487,1526,1121,3,2026-01-06 05:30:09+00:00
488,1229,1495,5,2025-11-18 20:13:14+00:00
489,1071,1096,4,2025-07-01 01:28:40+00:00
490,1504,468,5,2024-11-26 08:59:47+00:00
491,39,115,2,2024-08-02 00:54:48+00:00
492,92,122,2,2024-05-30 21:08:34+00:00
493,1706,1273,2,2024-04-22 23:54:39+00:00
494,1138,1564,4,2025-08-20 17:50:23+00:00
495,1654,1336,4,2024-01-26 05:57:58+00:00
496,1602,552,2,2025-05-01 14:26:47+00:00
497,571,252,5,2024-12-29 03:59:00+00:00
498,707,123,4,2025-02-02 18:07:35+00:00
499,1098,1324,5,2024-04-18 22:31:18+00:00
500,375,1472,4,2024-02-14 05:21:13+00:00
501,522,454,3,2025-11-10 03:22:18+00:00
502,710,1136,2,2024-03-28 22:11:54+00:00
503,1539,904,2,2024-06-29 00:46:25+00:00
504,1444,1576,2,2025-12-19 03:00:15+00:00
505,144,1994,4,2024-10-03 20:49:35+00:00
506,1404,1269,1,2025-12-19 22:37:14+00:00
507,1620,579,2,2025-09-20 22:23:28+00:00
508,1578,183,2,2024-04-03 11:52:54+00:00
509,577,1712,5,2024-04-29 22:51:25+00:00
510,1566,1298,2,2024-06-01 08:37:15+00:00
511,49,937,5,2025-01-16 05:51:06+00:00
512,1,1592,2,2025-12-24 13:23:49+00:00
513,1087,1916,4,2025-02-21 07:13:21+00:00
514,1038,1567,4,2025-08-20 00:47:45+00:00
515,1229,58,3,2024-06-01 06:24:51+00:00
516,54,934,1,2025-03-31 12:37:52+00:00
517,380,653,3,2025-09-21 06:11:21+00:00
518,1362,1453,5,2025-04-18 09:01:49+00:00
519,1204,296,5,2024-03-12 14:16:39+00:00
520,384,1342,2,2024-03-25 04:44:52+00:00
521,286,1758,3,2025-09-19 21:46:02+00:00
522,629,158,5,2026-01-06 03:40:04+00:00
523,876,424,5,2024-12-13 16:12:17+00:00
524,888,655,5,2024-08-20 19:43:25+00:00
525,889,1227,1,2025-05-27 04:07:42+00:00
526,1839,1678,5,2024-11-01 10:45:34+00:00
527,1946,1750,4,2024-10-09 15:14:32+00:00
528,62,491,2,2025-11-30 04:49:10+00:00
529,1579,1399,4,2025-06-03 20:54:05+00:00
530,192,791,3,2024-10-18 17:13:15+00:00
531,1247,1252,2,2025-12-22 13:26:59+00:00
532,305,1478,2,2024-03-03 23:01:09+00:00
533,635,269,3,2024-09-01 17:10:56+00:00
534,1150,491,1,2025-03-18 07:53:43+00:00
535,1697,974,2,2024-11-21 16:25:22+00:00
536,678,1032,1,2025-09-05 22:44:48+00:00
537,1316,562,5,2024-12-06 13:11:45+00:00
538,1477,639,2,2025-04-02 10:40:38+00:00
539,721,1077,5,2025-02-26 16:37:47+00:00
540,1686,1127,1,2024-08-15 21:50:51+00:00
541,1580,532,1,2024-09-06 10:18:10+00:00
542,682,618,3,2024-04-21 15:11:28+00:00
543,1009,876,1,2024-11-14 06:00:18+00:00
544,256,1825,3,2024-09-23 13:28:26+00:00
545,1782,1159,4,2025-08-31 21:19:15+00:00
546,1578,1193,3,2025-12-22 16:34:43+00:00
547,651,1622,4,2025-05-21 23:55:48+00:00
548,530,830,5,2024-06-02 03:33:32+00:00
549,360,318,4,2024-02-22 14:44:08+00:00
550,1817,1265,2,2025-08-28 04:59:16+00:00
551,767,919,3,2025-07-15 16:01:42+00:00
552,1202,8,1,2024-08-08 08:55:34+00:00
553,1935,1206,1,2024-12-05 19:51:51+00:00
554,1629,1180,5,2025-07-19 09:52:38+00:00
555,704,951,3,2024-05-31 00:23:28+00:00
556,1105,1272,5,2024-06-13 07:30:41+00:00
557,1956,284,5,2025-03-18 21:22:25+00:00
558,1928,988,4,2024-09-24 18:49:48+00:00
559,703,1484,2,2025-06-04 16:48:39+00:00
560,478,501,5,2024-04-11 23:21:26+00:00
561,558,1505,3,2025-07-13 10:17:22+00:00
562,393,960,5,2025-10-30 05:15:09+00:00
563,1222,223,4,2025-06-29 08:59:31+00:00
564,379,153,5,2025-04-26 23:46:37+00:00
565,40,1624,3,2024-02-12 23:29:37+00:00
566,514,652,2,2024-11-24 10:51:42+00:00
567,1466,1872,2,2024-09-21 00:09:24+00:00
568,161,1385,2,2024-11-23 05:15:26+00:00
569,1098,1514,3,2025-11-23 01:12:03+00:00
570,1221,869,4,2024-09-12 07:39:47+00:00
571,215,1123,2,2024-10-09 13:54:46+00:00
572,840,1839,1,2025-10-14 04:29:15+00:00
573,955,1591,4,2025-11-27 22:52:39+00:00
574,540,322,5,2025-10-17 06:59:42+00:00
575,1608,870,2,2024-08-13 10:15:21+00:00
576,570,545,2,2024-08-17 02:27:19+00:00
577,976,878,3,2025-09-03 17:01:24+00:00
578,1208,879,3,2024-11-10 01:53:40+00:00
579,449,1596,3,2024-04-24 01:58:06+00:00
580,696,1969,5,2025-04-27 19:56:04+00:00
581,1134,249,5,2024-12-12 15:22:42+00:00
582,1645,1359,5,2025-05-01 00:25:04+00:00
583,718,518,2,2025-12-22 13:38:46+00:00
584,1326,236,4,2024-04-02 03:06:23+00:00
585,1365,856,2,2025-02-10 06:30:33+00:00
586,370,93,5,2026-01-09 05:24:46+00:00
587,1104,1343,3,2024-11-01 04:08:25+00:00
588,1256,283,1,2024-01-11 01:13:31+00:00
589,1219,443,4,2024-02-13 13:39:30+00:00
590,263,16,3,2024-07-25 09:56:51+00:00
591,556,1839,2,2025-06-30 22:45:04+00:00
592,503,1352,3,2025-01-06 07:48:24+00:00
593,1897,937,4,2024-05-15 09:41:22+00:00
594,1147,1717,4,2024-08-19 05:07:14+00:00
595,1273,587,5,2024-07-31 18:43:31+00:00
596,1203,517,3,2026-01-02 01:57:20+00:00
597,977,1290,2,2024-01-22 03:41:08+00:00
598,1272,1935,5,2025-03-23 07:48:43+00:00
599,196,1587,4,2025-03-03 04:03:32+00:00
600,1196,1778,3,2025-12-04 00:48:23+00:00
601,1698,239,2,2025-10-11 10:31:21+00:00
602,434,1395,1,2025-09-22 15:01:38+00:00
603,1265,1664,5,2024-03-22 06:16:54+00:00
604,164,1885,5,2024-02-28 10:12:59+00:00
605,635,375,1,2025-03-04 20:47:52+00:00
606,1829,1980,2,2025-11-26 19:48:07+00:00
607,1388,804,1,2025-12-25 05:11:40+00:00
608,612,1572,1,2024-03-23 23:12:06+00:00
609,1750,461,5,2025-12-04 22:08:19+00:00
610,951,1977,5,2024-06-06 02:59:57+00:00
611,1091,1954,4,2025-11-02 03:39:19+00:00
612,65,336,4,2025-12-16 01:54:13+00:00
613,1896,169,3,2025-09-21 18:20:22+00:00
614,1633,486,3,2024-03-19 11:32:50+00:00
615,349,637,3,2025-02-21 10:16:30+00:00
616,807,1065,5,2024-05-14 16:02:52+00:00
617,1815,935,2,2025-05-30 05:59:25+00:00
618,1049,1001,4,2025-08-13 18:07:11+00:00
619,521,1342,5,2025-04-29 20:01:59+00:00
620,840,383,1,2025-02-08 10:41:07+00:00
621,1401,1632,5,2025-07-16 07:19:33+00:00
622,584,1242,2,2025-02-07 16:59:15+00:00
623,1315,1300,3,2024-12-14 03:57:11+00:00
624,1435,1481,5,2024-04-27 02:24:11+00:00
625,407,1351,1,2025-05-11 20:56:37+00:00
626,1327,1190,5,2025-11-18 20:13:54+00:00
627,538,1782,4,2025-08-14 00:05:54+00:00
628,364,488,2,2025-04-24 08:51:25+00:00
629,516,525,3,2024-07-04 19:50:18+00:00
630,125,1716,5,2025-02-04 23:21:44+00:00
631,326,890,5,2025-07-06 10:58:50+00:00
632,1364,1688,5,2025-03-28 12:33:12+00:00
633,1052,1440,5,2025-09-25 22:26:34+00:00
634,348,1598,5,2025-02-24 02:30:36+00:00
635,986,1815,5,2024-04-24 01:13:52+00:00
636,425,184,5,2024-06-09 07:13:49+00:00
637,1757,1358,1,2025-05-25 16:49:03+00:00
638,97,196,3,2025-10-11 22:10:16+00:00
639,1205,1414,5,2024-04-06 12:03:46+00:00
640,919,1911,3,2025-08-16 09:28:46+00:00
641,1983,1834,4,2024-05-08 14:17:54+00:00
642,1229,1159,3,2026-01-08 06:50:10+00:00
643,821,425,2,2024-05-22 11:10:29+00:00
644,4,1814,2,2024-03-13 13:42:34+00:00
645,1907,383,5,2024-05-07 02:41:29+00:00
646,899,602,5,2025-03-27 08:44:14+00:00
647,1437,312,5,2024-08-27 09:04:48+00:00
648,1701,709,3,2025-02-26 06:25:40+00:00
649,1871,815,3,2024-03-07 18:26:55+00:00
650,981,1949,5,2024-06-24 05:49:25+00:00
651,524,1098,1,2025-02-06 17:56:38+00:00
652,1090,1668,2,2025-02-03 22:43:24+00:00
653,1646,450,2,2024-02-14 22:18:32+00:00
654,1881,115,5,2024-03-05 19:19:10+00:00
655,1605,605,5,2025-05-30 06:23:47+00:00
656,1374,1606,4,2024-10-03 05:18:44+00:00
657,1148,1624,1,2024-04-24 14:34:21+00:00
658,1963,1060,4,2024-08-09 06:00:52+00:00
659,344,1542,3,2024-02-12 16:11:49+00:00
660,856,1764,3,2025-03-11 07:10:10+00:00
661,1781,677,2,2025-12-05 03:32:18+00:00
662,1741,1905,5,2025-10-08 08:35:16+00:00
663,1395,169,5,2025-07-26 00:45:48+00:00
664,1703,1429,2,2025-03-04 10:17:34+00:00
665,1674,876,1,2025-09-20 08:30:08+00:00
666,634,1755,1,2024-11-11 06:00:38+00:00
667,1337,1749,3,2025-10-14 16:59:35+00:00
668,704,595,4,2025-07-17 20:53:23+00:00
669,1940,1497,2,2024-08-04 01:47:44+00:00
670,1439,1674,5,2025-11-29 11:33:02+00:00
671,1368,880,5,2025-04-07 19:01:21+00:00
672,543,444,5,2025-03-09 00:42:14+00:00
673,1422,752,5,2024-07-05 11:18:20+00:00
674,236,1541,5,2025-03-01 23:27:28+00:00
675,567,790,5,2024-11-13 01:09:46+00:00
676,914,1047,2,2024-04-05 05:28:06+00:00
677,578,1331,1,2024-07-13 01:27:16+00:00
678,497,1987,5,2025-06-14 21:30:19+00:00
679,1839,317,5,2025-06-26 16:05:38+00:00
680,975,1634,4,2025-12-19 23:38:15+00:00
681,1365,1724,5,2024-03-20 01:07:23+00:00
682,1425,596,2,2025-06-04 06:38:49+00:00
683,1212,1254,1,2024-04-05 16:12:39+00:00
684,631,914,2,2025-03-23 03:25:38+00:00
685,708,622,2,2024-01-28 01:58:00+00:00
686,558,1019,4,2025-06-16 00:47:35+00:00
687,1469,767,3,2025-10-17 00:50:56+00:00
688,1013,1116,3,2024-12-05 00:35:42+00:00
689,347,1971,1,2024-07-13 12:43:30+00:00
690,639,220,4,2025-07-09 02:20:32+00:00
691,761,595,1,2024-02-20 22:00:33+00:00
692,118,1403,4,2024-07-26 00:38:06+00:00
693,106,1025,3,2025-03-26 17:35:13+00:00
694,1510,1525,5,2025-05-09 07:17:29+00:00
695,1052,1991,4,2025-02-26 23:43:20+00:00
696,1699,1068,2,2025-01-27 11:56:42+00:00
697,1407,852,3,2025-10-03 10:14:38+00:00
698,1433,15,2,2025-05-10 03:03:34+00:00
699,720,1316,1,2025-12-03 16:52:55+00:00
700,706,472,3,2025-07-08 12:36:53+00:00
701,989,467,2,2024-02-16 18:33:23+00:00
702,425,423,2,2025-03-03 07:55:40+00:00
703,1938,1540,4,2024-10-18 16:09:01+00:00
704,691,11,5,2024-11-23 07:14:46+00:00
705,148,1996,1,2024-03-14 13:49:50+00:00
706,250,290,5,2025-07-01 23:05:16+00:00
707,1790,1784,4,2024-08-08 12:41:23+00:00
708,1172,1575,3,2024-01-29 00:00:06+00:00
709,39,1337,2,2024-02-26 13:31:31+00:00
710,1286,1623,4,2025-05-13 17:51:56+00:00
711,86,620,2,2025-12-24 21:11:56+00:00
712,1560,170,1,2025-10-20 23:50:24+00:00
713,29,1993,5,2024-12-18 03:24:33+00:00
714,1364,405,1,2024-02-16 22:36:17+00:00
715,585,874,5,2024-12-02 09:19:17+00:00
716,1019,1019,3,2024-11-06 07:09:31+00:00
717,1376,489,4,2024-10-17 20:36:11+00:00
718,747,1887,4,2024-02-24 11:24:31+00:00
719,1053,1337,4,2026-01-04 02:11:55+00:00
720,1838,1762,1,2024-06-19 08:50:08+00:00
721,469,809,5,2025-08-27 17:54:04+00:00
722,1774,1816,1,2024-06-07 00:13:09+00:00
723,1941,110,1,2025-06-21 06:31:53+00:00
724,1524,1179,3,2025-08-18 23:37:13+00:00
725,561,1325,3,2024-04-07 22:16:41+00:00
726,1332,1599,4,2025-10-31 13:13:14+00:00
727,1755,1242,5,2025-04-17 14:46:14+00:00
728,1695,20,4,2025-09-10 17:32:58+00:00
729,1485,1302,3,2024-04-25 10:19:00+00:00
730,1699,27,2,2024-02-15 18:40:33+00:00
731,1441,589,5,2025-11-19 06:19:41+00:00
732,892,1444,5,2025-03-15 18:48:06+00:00
733,404,1519,5,2024-05-06 11:29:43+00:00
734,844,19,2,2025-01-18 06:10:51+00:00
735,1477,664,4,2024-03-07 09:10:00+00:00
736,1342,1583,2,2025-03-06 18:54:55+00:00
737,1731,1424,3,2024-03-22 19:24:05+00:00
738,974,1933,1,2025-12-23 09:38:35+00:00
739,1651,734,2,2025-11-26 03:38:38+00:00
740,1580,395,3,2024-01-29 10:49:03+00:00
741,1786,1390,2,2025-12-11 01:28:11+00:00
742,431,442,3,2024-05-30 12:47:35+00:00
743,147,1781,2,2025-07-07 07:37:01+00:00
744,416,696,3,2025-07-11 23:00:01+00:00
745,1924,1848,3,2024-02-21 17:43:13+00:00
746,148,410,1,2025-07-11 05:27:45+00:00
747,1888,219,2,2024-12-16 00:30:33+00:00
748,665,1304,2,2024-02-13 12:34:03+00:00
749,1496,262,1,2025-04-23 13:32:51+00:00
750,1477,884,2,2025-12-16 01:53:48+00:00
751,951,450,2,2025-02-25 15:12:15+00:00
752,990,838,2,2025-02-25 17:06:43+00:00
753,1576,1950,4,2024-03-15 11:29:43+00:00
754,997,469,1,2025-10-12 08:35:16+00:00
755,1835,1182,2,2025-03-31 13:28:55+00:00
756,1809,1392,2,2024-12-28 21:31:41+00:00
757,1727,662,5,2024-02-04 02:53:57+00:00
758,1964,699,5,2025-05-10 19:15:16+00:00
759,1256,140,5,2024-10-02 23:02:56+00:00
760,1141,1664,4,2024-02-15 01:37:53+00:00
761,1492,1258,4,2025-11-02 17:22:23+00:00
762,1847,544,2,2025-04-18 09:37:28+00:00
763,857,1535,5,2025-09-21 14:44:52+00:00
764,180,1644,3,2024-01-31 19:34:40+00:00
765,1209,635,3,2025-11-12 08:29:41+00:00
766,650,603,5,2025-10-15 05:27:55+00:00
767,697,925,2,2024-07-15 11:48:32+00:00
768,1571,732,4,2026-01-02 22:54:06+00:00
769,1212,940,5,2025-09-05 08:20:06+00:00
770,1998,1713,4,2025-09-21 04:31:10+00:00
771,1241,1294,1,2025-11-05 21:35:28+00:00
772,1325,1125,2,2024-08-07 05:08:37+00:00
773,606,609,1,2024-05-08 22:58:34+00:00
774,770,117,4,2024-03-30 00:09:14+00:00
775,385,1739,3,2024-06-09 22:21:44+00:00
776,1771,1513,1,2025-06-22 09:14:46+00:00
777,1696,199,4,2024-03-24 03:39:58+00:00
778,1577,1926,3,2025-02-06 16:52:36+00:00
779,533,1306,5,2025-11-26 20:10:13+00:00
780,213,893,1,2025-09-14 10:55:08+00:00
781,1320,199,1,2025-11-27 22:25:57+00:00
782,1871,65,3,2024-09-09 18:47:29+00:00
783,683,1220,3,2025-05-02 12:21:06+00:00
784,1275,742,2,2025-08-11 19:28:48+00:00
785,1432,1055,4,2024-10-25 09:31:57+00:00
786,1716,1628,4,2025-07-04 16:31:55+00:00
787,724,1050,4,2025-09-16 22:01:19+00:00
788,1856,1789,3,2024-06-12 07:33:15+00:00
789,596,1607,3,2024-12-16 21:17:21+00:00
790,519,966,3,2025-03-13 14:46:46+00:00
791,230,1662,2,2025-11-18 16:06:25+00:00
792,413,562,3,2025-06-26 04:58:59+00:00
793,1523,299,3,2024-04-16 11:16:34+00:00
794,864,1796,3,2024-08-10 22:12:32+00:00
795,1799,24,1,2025-09-09 23:55:14+00:00
796,1541,1744,4,2025-01-02 10:15:53+00:00
797,1851,722,3,2025-07-21 01:09:28+00:00
798,1239,1481,1,2024-09-28 13:53:31+00:00
799,1507,1216,3,2025-07-08 22:23:56+00:00
800,1645,566,4,2024-12-23 01:11:03+00:00
801,1255,1151,2,2025-03-16 10:07:23+00:00
802,540,1076,3,2024-05-21 17:27:41+00:00
803,1668,662,4,2025-10-27 16:23:47+00:00
804,805,1389,3,2024-09-06 00:09:33+00:00
805,87,312,3,2024-04-15 21:29:32+00:00
806,1479,395,2,2025-11-02 04:13:41+00:00
807,254,1385,1,2025-08-26 05:46:18+00:00
808,397,190,2,2025-11-05 15:22:00+00:00
809,641,1148,1,2024-08-29 21:29:53+00:00
810,448,914,3,2025-09-18 03:19:34+00:00
811,637,419,1,2025-07-07 00:21:20+00:00
812,389,1683,4,2025-08-22 20:46:10+00:00
813,1596,1261,5,2024-10-13 04:12:51+00:00
814,1441,388,3,2025-09-08 23:48:55+00:00
815,383,525,4,2025-08-10 18:43:12+00:00
816,979,469,3,2024-10-28 08:43:12+00:00
817,457,1472,5,2024-10-21 00:40:45+00:00
818,1505,192,4,2024-11-06 00:05:14+00:00
819,1260,1648,2,2024-01-13 21:03:32+00:00
820,284,312,5,2024-09-18 04:03:02+00:00
821,495,1718,5,2025-01-15 12:48:51+00:00
822,1289,501,4,2025-01-12 17:09:20+00:00
823,1414,1842,2,2024-07-04 18:53:36+00:00
824,1783,1639,2,2024-05-15 09:07:22+00:00
825,42,1086,1,2024-01-24 14:28:49+00:00
826,1672,1601,2,2024-03-06 15:00:32+00:00
827,1299,531,3,2025-06-18 12:36:34+00:00
828,235,184,2,2025-11-12 23:46:09+00:00
829,1501,1590,1,2024-06-07 05:33:33+00:00
830,460,1095,2,2024-06-23 13:31:31+00:00
831,967,1908,5,2024-06-10 14:20:23+00:00
832,944,1356,5,2025-02-26 23:21:40+00:00
833,27,1855,4,2025-10-06 13:07:16+00:00
834,657,778,1,2025-02-23 17:42:51+00:00
835,656,1525,2,2025-11-04 11:04:57+00:00
836,794,705,1,2024-10-19 02:34:14+00:00
837,219,1913,5,2025-06-16 12:10:04+00:00
838,391,568,4,2024-09-17 09:35:36+00:00
839,779,706,3,2025-08-17 00:03:18+00:00
840,365,1628,4,2025-07-13 17:49:19+00:00
841,1420,1646,3,2025-01-26 09:42:38+00:00
842,147,467,5,2025-09-23 19:45:42+00:00
843,1159,1193,4,2025-04-29 10:59:40+00:00
844,778,1188,3,2025-07-27 19:11:37+00:00
845,1420,951,1,2024-07-13 14:06:12+00:00
846,117,1403,1,2024-09-19 16:57:16+00:00
847,1086,888,3,2024-05-18 03:21:49+00:00
848,1473,536,4,2024-12-06 08:52:27+00:00
849,1611,410,4,2024-12-02 00:20:47+00:00
850,703,622,2,2024-07-16 20:54:39+00:00
851,285,389,5,2025-08-31 09:46:18+00:00
852,1581,1625,2,2025-08-12 13:02:27+00:00
853,722,1907,3,2024-11-27 23:43:41+00:00
854,68,738,4,2025-01-23 14:51:42+00:00
855,13,753,5,2025-04-15 01:28:34+00:00
856,1017,181,4,2024-12-23 19:33:36+00:00
857,303,599,5,2024-12-23 14:21:15+00:00
858,105,1566,5,2024-02-26 01:28:16+00:00
859,1826,1317,4,2025-03-11 14:27:24+00:00
860,359,1519,3,2024-11-09 18:32:00+00:00
861,480,525,3,2024-12-24 21:49:09+00:00
862,1493,563,4,2025-01-30 22:05:27+00:00
863,494,1182,4,2024-04-23 08:29:11+00:00
864,1924,677,3,2024-12-31 18:48:51+00:00
865,1761,1295,2,2025-10-01 07:36:47+00:00
866,796,1125,1,2024-03-21 07:56:21+00:00
867,1777,653,2,2024-06-04 17:53:48+00:00
868,565,1564,5,2025-07-26 10:11:21+00:00
869,393,1284,4,2024-10-18 13:04:44+00:00
870,785,699,4,2025-12-14 02:12:35+00:00
871,1291,1597,5,2024-12-10 03:36:56+00:00
872,1752,59,1,2026-01-02 17:25:26+00:00
873,450,1115,1,2024-06-03 16:16:56+00:00
874,1519,552,1,2024-08-26 05:29:17+00:00
875,1271,37,4,2024-06-06 17:50:36+00:00
876,42,37,1,2025-01-14 02:34:03+00:00
877,751,301,3,2024-04-19 04:03:10+00:00
878,352,167,5,2025-03-27 02:28:41+00:00
879,1105,688,2,2025-03-24 08:35:47+00:00
880,1457,296,2,2024-09-23 10:55:26+00:00
881,1286,450,4,2024-10-02 21:14:31+00:00
882,570,520,4,2024-12-11 14:15:28+00:00
883,1624,1530,4,2025-07-28 04:03:57+00:00
884,37,1534,4,2025-04-25 10:28:26+00:00
885,912,1689,5,2024-02-15 02:16:47+00:00
886,1526,496,1,2024-07-17 22:14:02+00:00
887,515,394,1,2025-04-12 07:53:18+00:00
888,1542,1441,1,2025-03-12 14:50:13+00:00
889,1227,652,1,2025-07-25 22:56:02+00:00
890,1692,1985,5,2025-03-19 07:37:20+00:00
891,368,1843,1,2024-04-18 00:33:09+00:00
892,1273,1020,3,2025-09-15 00:11:57+00:00
893,334,1405,2,2025-10-23 23:36:01+00:00
894,1346,612,4,2024-11-03 04:42:13+00:00
895,378,1273,5,2025-06-20 07:32:25+00:00
896,626,1790,4,2025-03-28 07:43:41+00:00
897,1890,1929,2,2025-06-02 06:40:17+00:00
898,680,1956,4,2024-07-09 03:15:46+00:00
899,301,1597,4,2025-04-04 19:47:06+00:00
900,868,924,5,2026-01-01 18:13:05+00:00
901,798,1024,3,2025-07-03 07:21:37+00:00
902,770,637,4,2024-03-13 12:26:13+00:00
903,1749,1954,3,2025-10-02 15:20:03+00:00
904,210,105,2,2024-02-24 10:46:33+00:00
905,868,311,4,2024-06-07 11:39:41+00:00
906,1242,1802,4,2024-06-08 09:44:14+00:00
907,1436,361,1,2024-06-19 12:06:22+00:00
908,479,1175,4,2024-09-22 23:24:56+00:00
909,935,1896,4,2025-11-06 11:41:21+00:00
910,1984,1748,5,2024-08-20 06:39:54+00:00
911,470,1790,4,2024-07-23 06:30:40+00:00
912,1811,1489,4,2024-07-14 20:17:17+00:00
913,1314,85,5,2024-08-02 00:55:10+00:00
914,1601,893,2,2025-05-07 04:31:32+00:00
915,114,929,3,2025-08-21 18:40:27+00:00
916,250,1336,1,2024-11-25 07:18:55+00:00
917,1424,34,5,2024-04-04 12:19:24+00:00
918,208,204,3,2025-12-17 19:04:11+00:00
919,1368,948,4,2024-09-06 11:58:14+00:00
920,1836,516,4,2025-10-15 22:44:49+00:00
921,1791,252,5,2025-01-25 19:19:06+00:00
922,1894,963,1,2025-01-29 00:46:34+00:00
923,372,474,4,2025-12-03 00:32:27+00:00
924,752,1530,5,2025-06-14 04:14:02+00:00
925,1787,1028,4,2025-03-26 14:59:24+00:00
926,446,1847,4,2024-04-30 00:45:36+00:00
927,1797,29,4,2024-02-09 10:55:57+00:00
928,31,1502,1,2024-03-20 08:17:42+00:00
929,595,1061,1,2024-01-29 16:08:57+00:00
930,38,1769,3,2024-06-06 22:45:25+00:00
931,1282,903,3,2024-10-18 10:28:08+00:00
932,362,591,1,2024-04-10 14:00:48+00:00
933,94,767,1,2024-06-26 18:54:00+00:00
934,1047,1609,4,2025-04-10 18:07:15+00:00
935,1721,249,2,2025-11-13 19:55:03+00:00
936,185,304,1,2024-03-09 23:59:21+00:00
937,318,1816,3,2025-07-11 16:00:14+00:00
938,558,600,4,2025-08-15 07:38:45+00:00
939,271,1752,4,2024-03-30 12:55:14+00:00
940,257,1246,3,2025-04-26 08:10:24+00:00
941,1691,771,4,2024-04-06 13:40:00+00:00
942,1803,333,3,2024-05-06 12:13:01+00:00
943,447,545,5,2024-08-08 15:59:21+00:00
944,1602,1639,2,2024-09-19 22:32:06+00:00
945,625,1555,4,2024-02-05 16:18:13+00:00
946,423,502,3,2024-01-28 12:02:14+00:00
947,664,1855,5,2024-12-28 16:29:23+00:00
948,629,1543,1,2025-01-22 12:24:14+00:00
949,759,1319,3,2025-01-13 08:34:07+00:00
950,1356,28,1,2025-06-19 20:48:23+00:00
951,889,1759,4,2025-10-23 18:39:56+00:00
952,869,761,4,2024-08-03 22:03:28+00:00
953,790,1801,5,2024-12-21 21:00:44+00:00
954,381,1495,1,2024-06-10 02:47:19+00:00
955,577,1821,2,2024-02-04 20:22:46+00:00
956,771,1744,1,2025-11-18 08:20:45+00:00
957,1447,69,1,2024-09-05 18:37:41+00:00
958,31,1081,1,2025-01-21 20:24:45+00:00
959,1959,223,4,2025-03-18 16:23:24+00:00
960,1341,1260,3,2025-05-28 02:15:09+00:00
961,681,277,5,2024-12-29 16:40:20+00:00
962,731,682,1,2024-08-27 12:29:30+00:00
963,817,675,1,2024-02-16 12:35:30+00:00
964,55,1200,1,2024-04-20 20:11:01+00:00
965,1417,1406,3,2024-10-25 21:55:43+00:00
966,1304,1135,2,2025-07-19 16:21:57+00:00
967,364,1925,3,2024-04-30 14:16:42+00:00
968,1967,1714,4,2024-10-27 06:11:30+00:00
969,1418,468,2,2024-10-28 03:54:52+00:00
970,72,1719,3,2025-08-24 13:36:22+00:00
971,865,447,3,2024-02-28 21:46:23+00:00
972,287,623,4,2024-05-10 12:31:08+00:00
973,1395,1142,1,2025-09-17 03:58:15+00:00
974,1713,1267,4,2024-09-12 04:16:16+00:00
975,174,215,2,2025-10-20 11:49:45+00:00
976,422,576,1,2025-03-18 13:57:58+00:00
977,954,1458,5,2025-01-29 04:04:58+00:00
978,1386,71,3,2025-02-10 21:43:50+00:00
979,1077,1401,4,2025-11-17 01:53:02+00:00
980,392,725,2,2024-12-01 18:42:18+00:00
981,806,1981,4,2025-09-29 11:03:43+00:00
982,1591,1061,4,2025-10-02 13:08:24+00:00
983,1311,1057,3,2025-12-16 21:14:03+00:00
984,1634,1902,4,2025-06-29 21:07:24+00:00
985,220,997,3,2024-08-04 08:56:54+00:00
986,1014,1069,2,2025-01-29 03:23:00+00:00
987,1599,355,3,2024-02-22 15:55:57+00:00
988,1417,1354,2,2025-04-06 11:16:06+00:00
989,1890,43,5,2025-08-06 13:47:55+00:00
990,1844,1222,1,2025-07-29 05:53:09+00:00
991,1937,985,2,2024-07-13 05:57:47+00:00
992,1848,425,5,2025-09-21 06:16:45+00:00
993,1546,176,4,2024-06-23 03:45:51+00:00
994,1083,421,3,2024-03-25 22:55:36+00:00
995,4,164,3,2024-12-04 01:50:53+00:00
996,1971,772,3,2024-12-28 14:24:07+00:00
997,1925,1621,4,2024-03-01 19:04:37+00:00
998,1291,1981,2,2025-03-17 10:21:18+00:00
999,1013,814,4,2024-06-03 08:27:21+00:00
1000,241,1209,3,2025-09-15 09:02:16+00:00
1001,1952,133,2,2025-06-02 02:06:20+00:00
1002,1024,707,5,2024-03-29 15:53:04+00:00
1003,317,1566,2,2024-06-19 14:25:58+00:00
1004,1998,1169,3,2024-03-20 14:29:34+00:00
1005,908,458,1,2024-08-19 11:16:24+00:00
1006,1598,722,4,2024-10-13 22:25:28+00:00
1007,23,1137,2,2025-07-20 03:43:36+00:00
1008,1556,1976,3,2025-10-07 10:05:23+00:00
1009,1738,711,4,2024-01-18 13:23:14+00:00
1010,10,1048,2,2026-01-03 02:04:26+00:00
1011,1850,1304,2,2025-09-26 18:41:24+00:00
1012,69,269,2,2025-12-11 03:46:51+00:00
1013,111,654,2,2025-10-18 02:42:59+00:00
1014,1950,1515,4,2024-10-05 05:18:40+00:00
1015,755,1636,1,2025-11-23 22:02:09+00:00
1016,63,1238,2,2025-04-04 10:04:00+00:00
1017,1782,791,3,2024-04-24 16:03:28+00:00
1018,1009,400,1,2024-03-26 20:09:09+00:00
1019,1143,1117,1,2025-04-15 08:51:19+00:00
1020,1334,1952,3,2025-11-12 09:40:50+00:00
1021,1036,197,3,2024-10-31 04:11:10+00:00
1022,505,1441,3,2024-09-14 22:22:22+00:00
1023,793,6,2,2024-09-28 12:12:48+00:00
1024,1592,1075,3,2025-02-03 13:04:35+00:00
1025,1619,1272,5,2024-11-12 22:11:03+00:00
1026,1343,764,1,2025-10-10 01:03:37+00:00
1027,1799,1108,5,2025-09-21 03:43:20+00:00
1028,1282,1723,5,2025-01-16 09:18:57+00:00
1029,587,1057,1,2024-04-23 18:14:44+00:00
1030,193,5,1,2025-02-04 05:10:56+00:00
1031,393,164,2,2025-08-07 09:04:44+00:00
1032,1380,865,4,2025-02-26 00:35:42+00:00
1033,399,1130,1,2025-02-09 13:50:49+00:00
1034,983,332,5,2024-05-30 21:43:32+00:00
1035,364,211,2,2025-05-11 05:42:08+00:00
1036,837,511,1,2025-04-18 00:02:32+00:00
1037,1555,1233,5,2024-08-22 12:19:14+00:00
1038,1979,259,2,2025-10-10 14:58:37+00:00
1039,97,289,4,2024-11-08 18:10:47+00:00
1040,1010,861,3,2024-12-24 01:32:24+00:00
1041,497,1266,4,2025-09-15 14:23:21+00:00
1042,1775,51,4,2025-08-13 21:33:41+00:00
1043,1465,1215,1,2026-01-08 01:31:10+00:00
1044,117,1348,5,2025-08-21 10:21:11+00:00
1045,1403,291,3,2025-08-30 22:55:56+00:00
1046,829,997,1,2024-12-07 06:16:01+00:00
1047,835,1954,5,2024-01-27 06:46:24+00:00
1048,1766,1782,4,2025-09-26 16:55:32+00:00
1049,1066,724,2,2024-04-15 11:33:12+00:00
1050,1953,1025,1,2025-11-29 01:47:48+00:00
1051,1115,1361,3,2025-01-14 00:36:12+00:00
1052,1853,1398,2,2026-01-02 16:00:18+00:00
1053,1328,235,5,2025-05-29 01:20:21+00:00
1054,197,1242,5,2025-07-30 03:18:47+00:00
1055,715,1199,1,2025-09-14 02:31:15+00:00
1056,1161,571,4,2024-11-10 04:45:20+00:00
1057,1319,926,4,2025-09-07 21:17:26+00:00
1058,1547,1979,3,2025-09-27 22:21:27+00:00
1059,508,301,5,2024-09-02 20:20:05+00:00
1060,1707,1380,4,2024-08-10 04:01:45+00:00
1061,448,299,3,2025-05-17 07:26:38+00:00
1062,1633,1552,1,2024-04-01 09:42:19+00:00
1063,810,1005,2,2025-06-29 16:53:13+00:00
1064,1049,1134,2,2024-10-17 10:16:10+00:00
1065,473,683,4,2025-04-06 07:41:32+00:00
1066,874,41,5,2024-02-26 03:25:09+00:00
1067,1589,753,3,2024-12-18 19:33:34+00:00
1068,675,516,2,2024-05-16 22:18:54+00:00
1069,1402,387,4,2024-10-19 00:49:26+00:00
1070,1638,1694,2,2025-03-12 02:05:00+00:00
1071,391,403,3,2024-11-08 11:51:58+00:00
1072,1415,278,3,2025-01-05 11:25:11+00:00
1073,1538,1755,1,2025-02-05 17:41:20+00:00
1074,127,710,1,2025-02-02 05:13:54+00:00
1075,1763,1392,2,2025-06-14 05:22:55+00:00
1076,233,1513,4,2024-02-03 12:48:55+00:00
1077,1004,532,2,2025-08-06 14:04:11+00:00
1078,957,270,2,2025-11-18 06:53:18+00:00
1079,933,1839,5,2024-04-17 21:10:13+00:00
1080,1908,1532,2,2024-05-12 09:06:42+00:00
1081,803,1506,2,2025-05-14 06:06:45+00:00
1082,1872,1902,3,2025-09-25 19:31:29+00:00
1083,877,1225,2,2025-09-21 21:59:49+00:00
1084,176,217,2,2024-04-15 03:56:00+00:00
1085,713,1433,1,2025-04-01 18:35:57+00:00
1086,1656,75,4,2025-01-06 10:41:15+00:00
1087,443,513,5,2024-04-11 01:55:46+00:00
1088,1060,1373,3,2024-07-25 20:23:07+00:00
1089,553,1405,2,2025-06-22 21:06:03+00:00
1090,1996,1730,3,2024-02-14 16:22:14+00:00
1091,376,1902,1,2024-07-28 18:38:09+00:00
1092,383,301,1,2024-11-22 17:55:19+00:00
1093,1478,281,5,2025-01-11 18:26:38+00:00
1094,1559,1932,4,2024-09-06 23:15:35+00:00
1095,283,824,1,2024-03-19 01:54:23+00:00
1096,1419,1805,4,2024-08-06 13:44:42+00:00
1097,230,137,2,2024-07-02 22:51:18+00:00
1098,465,1308,2,2025-06-16 00:52:03+00:00
1099,186,497,4,2025-03-22 00:14:07+00:00
1100,1603,1625,1,2024-11-14 07:22:08+00:00
1101,1962,764,2,2024-12-05 07:22:15+00:00
1102,33,137,4,2024-02-19 20:51:37+00:00
1103,645,1091,2,2025-12-31 07:42:34+00:00
1104,438,1834,3,2025-06-20 21:09:06+00:00
1105,268,1414,5,2024-10-13 05:22:45+00:00
1106,1139,292,2,2025-01-17 09:15:27+00:00
1107,1920,687,1,2024-11-07 14:34:11+00:00
1108,95,1318,1,2024-04-22 06:22:44+00:00
1109,297,1447,1,2025-12-04 00:32:49+00:00
1110,1182,687,1,2024-06-25 20:51:09+00:00
1111,585,1177,2,2025-08-14 02:47:33+00:00
1112,528,386,4,2024-03-08 13:08:30+00:00
1113,1137,758,2,2025-02-16 07:53:57+00:00
1114,915,1376,1,2024-03-23 20:38:46+00:00
1115,1416,1643,5,2025-04-03 21:58:00+00:00
1116,884,918,4,2025-08-04 20:03:11+00:00
1117,1612,105,2,2024-06-27 03:35:15+00:00
1118,1647,551,3,2024-04-20 21:10:26+00:00
1119,1224,870,3,2025-08-02 23:25:23+00:00
1120,1088,1756,3,2025-06-05 10:47:10+00:00
1121,954,1392,1,2025-05-20 04:00:26+00:00
1122,1334,79,2,2024-11-30 03:03:56+00:00
1123,315,384,5,2024-06-14 07:30:48+00:00
1124,1865,645,3,2025-07-04 06:06:52+00:00
1125,862,565,3,2025-11-16 14:32:56+00:00
1126,634,1741,4,2025-03-01 08:28:51+00:00
1127,1400,1001,2,2025-10-21 10:26:46+00:00
1128,1377,997,3,2024-10-19 03:13:30+00:00
1129,441,803,4,2024-04-04 13:03:55+00:00
1130,1059,1654,1,2025-07-10 12:00:13+00:00
1131,1601,1257,4,2025-02-24 04:06:15+00:00
1132,1624,1573,1,2024-10-06 11:17:20+00:00
1133,405,1004,1,2025-10-28 05:11:18+00:00
1134,1496,1954,5,2024-10-20 17:28:48+00:00
1135,1284,852,2,2024-10-20 15:33:30+00:00
1136,1424,381,1,2025-03-03 04:49:55+00:00
1137,1303,405,2,2025-05-25 01:08:26+00:00
1138,664,1114,2,2024-11-22 02:39:18+00:00
1139,927,89,3,2025-01-02 20:05:25+00:00
1140,900,817,2,2025-01-05 07:58:47+00:00
1141,1637,1265,3,2024-08-20 00:16:42+00:00
1142,652,462,4,2025-02-26 19:41:18+00:00
1143,85,1269,5,2024-04-04 11:32:29+00:00
1144,1764,1638,1,2024-01-21 07:54:27+00:00
1145,1960,1227,5,2025-06-19 00:16:58+00:00
1146,673,710,1,2024-11-01 03:45:29+00:00
1147,785,1393,3,2025-10-11 02:49:23+00:00
1148,935,174,5,2025-10-02 13:39:50+00:00
1149,800,921,2,2024-10-20 02:49:17+00:00
1150,1874,378,3,2026-01-07 23:00:30+00:00
1151,816,892,1,2025-05-27 01:30:43+00:00
1152,729,1629,3,2024-01-29 15:34:45+00:00
1153,726,1346,1,2024-12-30 17:05:20+00:00
1154,1713,269,4,2024-04-10 15:22:38+00:00
1155,368,964,2,2024-05-18 23:35:38+00:00
1156,2000,1895,4,2025-04-02 10:15:01+00:00
1157,1500,1732,1,2025-07-08 21:26:06+00:00
1158,606,717,5,2024-09-10 04:35:18+00:00
1159,966,400,2,2024-02-27 01:14:06+00:00
1160,173,208,1,2025-01-01 02:46:36+00:00
1161,1505,1872,1,2024-02-11 21:46:10+00:00
1162,947,216,4,2025-03-27 16:57:31+00:00
1163,944,826,3,2025-01-27 01:50:11+00:00
1164,1602,630,2,2025-12-10 15:32:11+00:00
1165,43,590,2,2024-10-09 22:47:18+00:00
1166,739,1586,5,2025-02-27 09:18:10+00:00
1167,670,1218,1,2025-11-15 18:00:23+00:00
1168,1600,1904,1,2024-02-20 15:37:03+00:00
1169,1725,538,3,2026-01-06 19:16:00+00:00
1170,1829,1923,1,2025-11-30 02:47:27+00:00
1171,53,1233,5,2025-11-22 11:56:00+00:00
1172,1260,217,4,2025-07-27 01:59:24+00:00
1173,298,596,5,2024-05-22 03:56:08+00:00
1174,1978,1198,5,2025-09-28 16:06:14+00:00
1175,363,110,3,2025-02-06 14:06:13+00:00
1176,1332,567,1,2025-08-20 18:57:13+00:00
1177,530,853,1,2024-07-31 01:16:32+00:00
1178,648,1023,5,2024-06-28 07:34:27+00:00
1179,1673,875,1,2025-11-05 07:33:28+00:00
1180,1592,774,3,2024-07-26 14:33:37+00:00
1181,1750,1480,3,2025-11-16 06:14:56+00:00
1182,384,1932,1,2025-07-25 07:36:28+00:00
1183,988,33,2,2025-08-01 04:11:50+00:00
1184,265,354,1,2024-11-25 18:19:09+00:00
1185,1379,498,1,2025-01-31 14:46:25+00:00
1186,405,563,2,2025-01-06 02:23:32+00:00
1187,1698,1264,5,2025-01-27 13:10:04+00:00
1188,1865,1274,3,2025-08-05 04:41:33+00:00
1189,1219,348,2,2025-08-10 16:22:15+00:00
1190,1459,724,3,2025-07-14 22:01:20+00:00
1191,974,248,1,2025-11-15 16:31:29+00:00
1192,1472,1046,3,2025-09-03 18:01:27+00:00
1193,1499,1998,1,2024-03-16 23:57:09+00:00
1194,1421,652,1,2025-08-08 12:09:47+00:00
1195,1617,107,1,2025-03-09 01:51:48+00:00
1196,939,106,5,2024-12-25 04:12:03+00:00
1197,920,875,5,2025-04-17 15:42:11+00:00
1198,138,894,1,2025-12-22 13:57:28+00:00
1199,500,1828,4,2025-08-02 14:50:29+00:00
1200,1106,735,1,2025-11-03 23:25:22+00:00
1201,1650,1319,1,2025-11-07 00:32:06+00:00
1202,1568,494,5,2024-01-15 06:18:27+00:00
1203,205,846,2,2024-05-24 23:30:14+00:00
1204,289,1367,2,2025-09-24 03:14:08+00:00
1205,1201,1676,4,2025-02-04 08:45:58+00:00
1206,1941,345,1,2025-07-08 02:45:06+00:00
1207,1284,1744,3,2025-08-24 02:57:15+00:00
1208,1006,1039,3,2024-08-30 07:08:55+00:00
1209,1311,1638,3,2024-10-01 05:28:47+00:00
1210,1136,1152,2,2024-04-14 08:04:14+00:00
1211,539,1335,1,2024-03-26 09:12:22+00:00
1212,891,1479,2,2025-06-28 20:04:45+00:00
1213,712,919,2,2025-02-18 03:06:07+00:00
1214,721,86,1,2026-01-01 16:21:20+00:00
1215,476,1891,5,2024-06-16 07:16:34+00:00
1216,1531,339,3,2024-11-13 07:04:55+00:00
1217,710,53,5,2025-08-18 06:01:53+00:00
1218,903,585,5,2025-07-29 09:03:48+00:00
1219,1422,483,4,2025-08-10 08:14:27+00:00
1220,1578,630,2,2025-06-30 04:41:52+00:00
1221,513,52,5,2025-10-03 17:47:29+00:00
1222,53,1612,2,2025-01-03 18:40:02+00:00
1223,313,758,4,2024-08-14 06:05:42+00:00
1224,1538,1927,2,2024-10-25 19:13:20+00:00
1225,316,777,2,2025-01-05 02:26:02+00:00
1226,1792,1826,5,2024-05-21 07:42:47+00:00
1227,1153,349,5,2025-09-27 16:40:53+00:00
1228,473,67,4,2025-02-09 17:19:11+00:00
1229,606,1479,2,2024-08-19 17:50:14+00:00
1230,1981,1773,3,2024-09-21 12:04:43+00:00
1231,1958,802,1,2024-11-20 23:38:16+00:00
1232,1501,1077,1,2024-11-09 06:25:56+00:00
1233,1466,1025,2,2025-11-03 16:23:08+00:00
1234,1907,565,2,2024-11-23 07:46:52+00:00
1235,1643,1214,5,2025-08-12 14:01:32+00:00
1236,1789,1738,5,2024-04-11 22:26:28+00:00
1237,1588,726,4,2025-05-30 01:21:34+00:00
1238,312,544,4,2024-07-15 00:06:06+00:00
1239,1095,1986,1,2025-03-31 04:48:26+00:00
1240,239,401,2,2025-08-21 06:32:58+00:00
1241,1394,1091,2,2024-09-30 21:40:38+00:00
1242,1891,1069,4,2025-12-19 23:23:22+00:00
1243,213,1849,4,2024-06-12 19:09:56+00:00
1244,280,1205,4,2024-10-23 01:15:18+00:00
1245,935,1088,5,2024-10-01 20:34:11+00:00
1246,1568,63,2,2024-12-11 00:47:48+00:00
1247,1640,261,3,2024-02-16 16:31:28+00:00
1248,353,314,5,2025-08-04 21:32:05+00:00
1249,980,673,2,2024-03-13 12:44:51+00:00
1250,1872,308,5,2025-02-22 10:36:58+00:00
1251,665,952,4,2024-06-16 23:57:57+00:00
1252,430,105,3,2025-02-27 23:27:12+00:00
1253,376,1486,3,2024-06-29 21:48:42+00:00
1254,1447,1201,3,2024-08-10 07:56:14+00:00
1255,1352,437,5,2024-12-23 12:47:44+00:00
1256,1283,1965,2,2025-07-23 17:24:26+00:00
1257,474,964,3,2024-04-27 05:04:12+00:00
1258,1569,932,2,2024-07-06 19:36:27+00:00
1259,925,572,5,2024-03-27 13:54:02+00:00
1260,1277,1073,5,2025-02-27 15:29:12+00:00
1261,716,247,3,2025-10-23 05:25:06+00:00
1262,966,1905,3,2025-08-25 15:03:42+00:00
1263,803,468,4,2024-06-27 06:23:39+00:00
1264,645,824,2,2025-12-12 19:31:54+00:00
1265,1269,1160,1,2025-09-08 11:36:50+00:00
1266,1093,1965,1,2025-04-08 01:23:51+00:00
1267,1679,1374,1,2025-10-11 19:36:00+00:00
1268,1425,506,5,2024-07-30 01:43:54+00:00
1269,7,1219,2,2025-06-10 05:25:23+00:00
1270,1053,1427,2,2025-02-25 17:46:53+00:00
1271,1373,1042,3,2024-03-12 23:08:28+00:00
1272,1241,448,3,2025-02-09 18:29:04+00:00
1273,1500,1456,2,2024-12-19 17:13:31+00:00
1274,1052,94,1,2024-08-16 00:58:10+00:00
1275,1942,1254,2,2025-06-09 03:53:59+00:00
1276,1174,237,3,2024-05-31 07:58:44+00:00
1277,704,421,3,2024-11-16 18:58:47+00:00
1278,718,448,2,2025-05-24 07:24:51+00:00
1279,1720,63,4,2025-02-22 17:52:55+00:00
1280,876,914,5,2024-08-11 14:21:59+00:00
1281,1948,956,2,2025-05-27 23:25:25+00:00
1282,967,347,4,2025-02-27 13:07:46+00:00
1283,1953,817,5,2025-09-20 14:54:04+00:00
1284,1903,1764,1,2024-11-18 08:56:28+00:00
1285,1170,13,4,2025-12-15 01:25:51+00:00
1286,310,1367,3,2025-06-18 21:43:29+00:00
1287,1943,1229,5,2025-01-04 12:42:50+00:00
1288,788,1652,4,2025-02-11 19:03:28+00:00
1289,431,244,3,2025-06-11 12:00:15+00:00
1290,469,1248,3,2025-08-11 09:23:13+00:00
1291,1045,1028,3,2025-07-05 02:34:48+00:00
1292,1235,1863,3,2026-01-04 15:12:49+00:00
1293,539,1913,4,2025-08-08 01:15:51+00:00
1294,1218,263,5,2025-02-17 12:34:43+00:00
1295,1145,1915,3,2026-01-07 18:51:38+00:00
1296,1202,862,5,2025-06-27 09:16:29+00:00
1297,1492,1596,5,2025-03-22 10:56:22+00:00
1298,10,1268,1,2025-10-15 16:37:38+00:00
1299,754,1377,2,2024-07-16 11:39:04+00:00
1300,94,469,5,2025-05-15 01:52:47+00:00
1301,1873,1389,3,2024-03-16 04:48:40+00:00
1302,75,1740,5,2025-09-11 21:34:25+00:00
1303,290,546,4,2024-01-23 23:25:11+00:00
1304,82,843,3,2025-12-16 21:26:57+00:00
1305,363,351,2,2026-01-07 11:29:27+00:00
1306,281,465,2,2024-09-06 01:23:15+00:00
1307,36,1068,5,2025-06-18 19:41:01+00:00
1308,1848,590,1,2024-10-31 15:52:42+00:00
1309,1298,1733,5,2024-02-05 07:50:08+00:00
1310,1957,102,2,2024-08-28 11:16:42+00:00
1311,91,255,2,2025-02-04 22:53:34+00:00
1312,551,629,2,2024-12-05 07:41:04+00:00
1313,736,387,3,2025-12-05 06:51:23+00:00
1314,396,1420,4,2024-02-24 20:20:55+00:00
1315,733,537,5,2025-10-30 12:33:08+00:00
1316,775,1888,5,2024-08-19 20:31:55+00:00
1317,1582,1373,1,2024-09-04 07:35:56+00:00
1318,1203,206,1,2024-08-07 19:08:22+00:00
1319,1483,76,5,2025-04-24 03:10:09+00:00
1320,1211,372,5,2025-02-20 18:16:42+00:00
1321,1337,625,4,2025-07-30 08:47:05+00:00
1322,620,1027,5,2025-06-26 08:37:36+00:00
1323,962,1713,3,2025-02-16 13:04:19+00:00
1324,1504,1606,2,2025-01-08 20:33:08+00:00
1325,2,1357,2,2024-10-17 23:41:40+00:00
1326,1382,637,3,2025-03-26 01:41:10+00:00
1327,653,708,1,2024-04-12 13:27:22+00:00
1328,1156,1477,2,2025-04-27 22:13:24+00:00
1329,552,820,3,2025-08-24 05:56:13+00:00
1330,1977,1556,3,2025-03-23 13:03:51+00:00
1331,1146,1523,2,2024-06-27 04:38:33+00:00
1332,226,1647,1,2024-11-11 01:44:26+00:00
1333,1268,638,4,2025-08-05 20:38:11+00:00
1334,1260,1353,3,2025-04-14 05:37:58+00:00
1335,543,429,5,2024-08-31 15:38:40+00:00
1336,1917,1727,3,2025-05-03 02:00:52+00:00
1337,1023,1432,3,2024-04-19 17:29:38+00:00
1338,874,299,4,2024-08-29 06:59:42+00:00
1339,1550,1590,1,2024-10-02 21:02:10+00:00
1340,847,1395,2,2024-05-05 08:20:55+00:00
1341,1147,532,2,2024-02-18 03:33:28+00:00
1342,914,1118,4,2025-12-25 21:33:28+00:00
1343,469,1122,4,2024-02-29 08:33:45+00:00
1344,1516,275,1,2024-05-02 09:29:02+00:00
1345,1947,749,4,2024-11-21 18:55:58+00:00
1346,557,1750,3,2024-06-25 18:55:54+00:00
1347,1578,1356,5,2025-09-27 04:58:14+00:00
1348,1333,1088,4,2024-09-11 14:16:45+00:00
1349,1986,121,3,2024-01-22 03:30:16+00:00
1350,1611,758,5,2024-07-31 20:17:18+00:00
1351,1772,206,1,2025-05-09 21:02:32+00:00
1352,1055,129,3,2024-11-26 02:29:10+00:00
1353,1262,1507,4,2025-03-21 05:42:15+00:00
1354,128,1714,2,2024-02-20 20:00:37+00:00
1355,108,1785,2,2024-05-22 02:50:15+00:00
1356,263,1199,3,2024-05-28 15:09:37+00:00
1357,405,338,1,2025-05-18 19:40:33+00:00
1358,1629,1036,3,2024-11-12 08:09:35+00:00
1359,492,1515,3,2024-05-19 23:48:04+00:00
1360,1915,89,1,2025-10-12 15:49:29+00:00
1361,1772,1654,5,2024-11-05 22:01:12+00:00
1362,166,981,5,2024-01-21 07:18:01+00:00
1363,1139,1603,1,2025-07-29 22:28:51+00:00
1364,1047,1378,3,2024-10-31 03:16:34+00:00
1365,422,1446,3,2026-01-03 15:11:44+00:00
1366,1354,657,4,2024-10-06 15:33:04+00:00
1367,599,1804,4,2024-09-07 18:10:20+00:00
1368,1493,1879,4,2025-10-03 17:52:54+00:00
1369,476,1478,3,2024-04-04 14:18:10+00:00
1370,176,1050,2,2025-03-30 11:11:35+00:00
1371,229,380,1,2025-12-31 23:12:32+00:00
1372,1722,1358,1,2024-12-22 04:05:40+00:00
1373,1913,1098,3,2025-07-03 15:26:26+00:00
1374,185,1111,3,2025-04-13 13:45:04+00:00
1375,1725,613,3,2024-05-02 05:53:11+00:00
1376,229,535,5,2025-12-15 09:39:32+00:00
1377,29,1315,2,2025-11-17 21:44:35+00:00
1378,1756,794,4,2024-02-12 01:59:45+00:00
1379,1870,1060,3,2025-08-16 11:43:29+00:00
1380,1259,781,2,2025-07-12 13:49:12+00:00
1381,1933,177,3,2025-07-07 21:32:26+00:00
1382,904,1686,5,2025-08-15 11:31:42+00:00
1383,40,352,3,2024-11-16 22:59:15+00:00
1384,1840,877,5,2024-09-02 03:54:08+00:00
1385,410,22,4,2024-07-25 01:56:42+00:00
1386,107,1600,1,2025-09-15 18:39:21+00:00
1387,183,1063,1,2025-10-06 23:38:14+00:00
1388,76,934,4,2025-02-08 01:00:50+00:00
1389,1802,342,3,2024-03-03 07:59:14+00:00
1390,1830,969,1,2024-09-18 23:03:09+00:00
1391,1714,191,2,2024-01-19 14:16:22+00:00
1392,1555,945,3,2024-07-28 20:59:30+00:00
1393,1855,1974,2,2024-08-11 19:52:42+00:00
1394,716,631,1,2024-11-11 06:50:13+00:00
1395,1223,171,4,2025-02-20 13:02:50+00:00
1396,1503,721,3,2025-06-06 11:52:48+00:00
1397,710,350,5,2024-12-25 15:22:39+00:00
1398,815,377,2,2025-10-13 09:51:22+00:00
1399,21,1615,5,2024-06-06 13:55:20+00:00
1400,1667,1505,2,2025-12-17 22:31:49+00:00
1401,1464,1406,5,2025-09-13 06:44:05+00:00
1402,1324,909,4,2025-03-05 16:22:29+00:00
1403,1961,1767,4,2024-06-25 13:50:12+00:00
1404,1855,41,1,2025-04-13 16:19:34+00:00
1405,9,109,2,2025-12-25 08:23:48+00:00
1406,438,747,2,2024-03-08 22:29:01+00:00
1407,654,618,4,2024-07-12 04:00:51+00:00
1408,1048,563,5,2024-07-23 10:04:27+00:00
1409,496,968,1,2024-04-25 09:56:54+00:00
1410,1477,878,1,2024-08-14 17:10:39+00:00
1411,1521,570,2,2024-07-01 05:18:49+00:00
1412,907,1698,5,2024-12-16 05:38:44+00:00
1413,489,256,2,2025-01-11 18:25:04+00:00
1414,1685,1299,1,2024-03-13 07:58:08+00:00
1415,622,1493,3,2025-11-28 15:47:24+00:00
1416,797,32,1,2024-09-05 17:45:01+00:00
1417,75,165,2,2025-10-02 13:04:37+00:00
1418,1910,1580,1,2024-01-22 19:12:26+00:00
1419,1753,179,4,2025-05-27 20:10:32+00:00
1420,1865,1446,4,2024-01-18 11:35:32+00:00
1421,1968,68,2,2024-08-21 00:36:18+00:00
1422,906,1434,1,2025-04-30 10:53:01+00:00
1423,818,1313,2,2025-05-11 10:19:39+00:00
1424,1943,1301,3,2024-04-23 15:34:51+00:00
1425,85,911,3,2024-02-08 09:17:17+00:00
1426,1424,62,2,2024-08-05 05:04:36+00:00
1427,76,118,4,2024-04-08 10:41:37+00:00
1428,256,1966,4,2025-03-28 00:37:47+00:00
1429,1867,863,4,2024-11-09 09:19:56+00:00
1430,1869,1610,4,2024-09-24 01:24:47+00:00
1431,283,490,1,2025-02-27 00:42:38+00:00
1432,920,932,3,2025-09-14 09:06:13+00:00
1433,863,418,4,2025-08-22 09:14:09+00:00
1434,1485,1730,2,2025-01-05 21:37:05+00:00
1435,1,1198,5,2025-05-24 10:55:54+00:00
1436,161,912,3,2025-04-27 01:43:58+00:00
1437,345,1959,2,2024-05-27 09:57:20+00:00
1438,291,1251,4,2024-07-16 04:11:25+00:00
1439,1610,34,2,2024-03-19 21:03:52+00:00
1440,1125,1336,2,2025-12-25 20:21:40+00:00
1441,1045,633,4,2024-05-21 14:29:03+00:00
1442,984,251,4,2025-11-16 10:02:02+00:00
1443,1982,664,3,2024-05-01 15:56:43+00:00
1444,987,687,3,2024-02-15 14:47:40+00:00
1445,196,1711,5,2025-12-14 10:44:57+00:00
1446,1431,1779,1,2026-01-03 01:24:04+00:00
1447,1895,217,5,2025-06-20 01:43:19+00:00
1448,1345,209,5,2025-10-18 20:39:49+00:00
1449,1706,1653,4,2024-08-19 03:57:50+00:00
1450,372,434,5,2024-03-11 14:47:16+00:00
1451,1728,752,2,2024-11-07 08:46:11+00:00
1452,814,1341,5,2025-05-03 16:45:40+00:00
1453,854,1242,4,2025-04-26 12:08:20+00:00
1454,763,1613,3,2025-07-04 23:16:54+00:00
1455,1779,846,2,2024-02-18 23:26:32+00:00
1456,1907,582,5,2025-03-30 18:57:53+00:00
1457,672,492,4,2024-08-30 12:06:38+00:00
1458,353,148,1,2024-05-18 10:14:16+00:00
1459,1013,911,1,2025-03-19 17:25:42+00:00
1460,1369,913,5,2025-07-06 19:01:19+00:00
1461,401,1716,5,2024-08-07 02:46:13+00:00
1462,443,1902,1,2025-02-19 09:03:42+00:00
1463,621,1838,4,2024-06-05 23:49:34+00:00
1464,478,1320,1,2025-03-01 19:40:32+00:00
1465,867,1407,5,2025-02-14 01:06:55+00:00
1466,1582,522,3,2025-04-28 01:24:42+00:00
1467,1331,710,5,2024-08-10 13:58:47+00:00
1468,1744,979,3,2025-04-11 18:58:30+00:00
1469,729,767,2,2025-09-29 20:41:23+00:00
1470,1606,1489,4,2025-09-09 01:06:13+00:00
1471,252,456,2,2025-12-17 11:47:20+00:00
1472,1380,1852,1,2024-02-28 15:59:10+00:00
1473,337,1332,2,2025-09-18 12:03:20+00:00
1474,68,564,5,2024-10-07 02:50:58+00:00
1475,1174,98,2,2025-05-29 01:14:21+00:00
1476,1554,1206,3,2024-02-13 21:12:33+00:00
1477,1661,1318,1,2024-07-26 10:25:41+00:00
1478,1620,126,2,2025-12-21 12:15:20+00:00
1479,1960,1318,2,2024-11-24 09:03:47+00:00
1480,1613,384,3,2024-04-25 05:49:30+00:00
1481,256,1922,5,2025-11-24 04:56:21+00:00
1482,1448,1761,3,2024-02-05 07:47:08+00:00
1483,445,1850,4,2025-07-09 00:50:25+00:00
1484,1572,1410,4,2025-05-24 07:33:40+00:00
1485,926,1521,1,2024-01-12 20:33:11+00:00
1486,352,1269,3,2024-05-12 22:35:25+00:00
1487,966,233,3,2025-12-02 21:39:20+00:00
1488,25,216,2,2025-01-31 18:40:33+00:00
1489,1707,292,1,2025-04-04 05:10:08+00:00
1490,1939,275,4,2024-07-13 14:34:04+00:00
1491,1508,1211,3,2025-10-14 04:41:28+00:00
1492,1506,1309,5,2024-12-29 09:46:31+00:00
1493,859,133,2,2024-10-22 21:00:02+00:00
1494,994,840,4,2025-04-22 18:15:55+00:00
1495,261,1627,2,2024-10-27 13:07:07+00:00
1496,559,1942,1,2025-11-27 18:34:17+00:00
1497,1138,198,1,2025-06-07 21:00:26+00:00
1498,1617,296,4,2024-11-15 08:46:30+00:00
1499,360,1541,2,2025-06-04 23:12:03+00:00
1500,675,250,5,2024-02-12 11:38:32+00:00
1501,1104,629,5,2025-10-15 20:01:57+00:00
1502,1747,1811,5,2024-03-05 10:21:08+00:00
1503,1138,1300,2,2024-10-07 08:41:39+00:00
1504,1821,1667,4,2024-05-05 07:37:43+00:00
1505,307,1683,3,2025-09-09 01:51:24+00:00
1506,111,795,4,2025-08-23 22:10:50+00:00
1507,859,1682,3,2025-02-22 07:08:31+00:00
1508,1631,655,1,2025-06-19 10:30:23+00:00
1509,1949,514,2,2025-08-27 08:15:39+00:00
1510,1180,1424,4,2025-06-22 06:36:19+00:00
1511,247,1945,5,2024-02-05 17:33:51+00:00
1512,1596,1513,4,2025-11-06 06:26:14+00:00
1513,1688,1366,5,2026-01-08 01:27:44+00:00
1514,688,736,4,2025-01-05 08:25:44+00:00
1515,218,924,1,2024-05-08 09:06:43+00:00
1516,39,826,2,2024-07-14 15:13:00+00:00
1517,1491,1325,2,2024-03-06 11:07:41+00:00
1518,137,1763,1,2024-07-31 20:04:07+00:00
1519,392,602,5,2025-11-11 21:02:20+00:00
1520,1312,1887,2,2025-01-21 08:52:22+00:00
1521,1671,1630,2,2025-03-11 00:07:58+00:00
1522,243,1947,2,2025-05-17 22:31:38+00:00
1523,55,992,5,2025-05-30 18:26:12+00:00
1524,879,518,3,2024-12-09 15:09:59+00:00
1525,912,1838,1,2024-06-17 04:11:21+00:00
1526,913,391,4,2024-11-09 04:09:46+00:00
1527,145,560,4,2025-03-06 09:32:32+00:00
1528,679,746,4,2025-12-21 00:43:13+00:00
1529,1584,530,5,2024-07-15 21:45:46+00:00
1530,369,1609,3,2025-03-24 10:25:35+00:00
1531,1272,1274,2,2024-01-15 17:12:42+00:00
1532,1736,173,4,2024-02-11 12:44:39+00:00
1533,814,1756,5,2025-04-30 18:52:39+00:00
1534,1661,193,5,2025-05-15 13:52:02+00:00
1535,1024,503,2,2024-06-15 00:14:24+00:00
1536,616,358,1,2024-05-14 07:27:58+00:00
1537,1111,1674,3,2025-10-27 22:11:47+00:00
1538,603,474,2,2024-11-14 05:36:15+00:00
1539,863,428,1,2025-08-23 21:39:33+00:00
1540,1523,263,1,2024-07-24 13:50:46+00:00
1541,1710,1431,2,2025-05-27 00:32:08+00:00
1542,322,68,3,2024-06-18 21:23:19+00:00
1543,755,668,2,2025-04-08 08:51:07+00:00
1544,1301,1233,4,2025-11-04 18:26:31+00:00
1545,893,1332,2,2025-11-18 19:10:22+00:00
1546,356,685,2,2024-02-01 11:58:10+00:00
1547,425,568,5,2024-05-13 18:44:32+00:00
1548,1002,794,5,2024-06-30 10:57:58+00:00
1549,1147,1466,4,2024-07-30 18:53:49+00:00
1550,1155,1126,3,2025-07-14 09:58:51+00:00
1551,699,1946,2,2025-09-01 12:44:52+00:00
1552,409,15,4,2025-03-05 15:03:33+00:00
1553,1447,1486,1,2024-11-18 02:35:30+00:00
1554,1502,685,2,2024-04-06 17:55:13+00:00
1555,836,1611,2,2024-05-24 10:17:28+00:00
1556,1689,484,4,2024-01-15 16:49:39+00:00
1557,64,1426,1,2025-11-19 04:17:44+00:00
1558,1501,549,3,2025-10-05 02:41:56+00:00
1559,583,20,5,2025-10-25 05:49:00+00:00
1560,520,1269,1,2025-01-23 09:05:33+00:00
1561,1051,818,3,2025-02-17 13:20:57+00:00
1562,190,967,3,2025-02-14 17:38:25+00:00
1563,1272,56,2,2024-04-18 23:53:07+00:00
1564,553,1239,2,2024-06-29 08:24:47+00:00
1565,1413,966,3,2024-10-06 17:18:55+00:00
1566,557,701,3,2024-02-20 08:47:45+00:00
1567,1618,513,5,2024-05-06 12:55:22+00:00
1568,1005,1760,3,2024-05-17 07:38:25+00:00
1569,318,631,2,2024-01-29 04:00:51+00:00
1570,1624,65,5,2024-05-12 14:01:28+00:00
1571,395,702,1,2025-09-05 19:03:32+00:00
1572,653,1863,1,2025-09-27 01:38:59+00:00
1573,1665,315,3,2025-07-31 00:18:23+00:00
1574,129,1076,1,2025-01-11 05:07:55+00:00
1575,340,1127,1,2024-07-22 12:28:43+00:00
1576,897,1566,1,2025-11-18 05:27:24+00:00
1577,1981,321,5,2025-07-22 21:11:21+00:00
1578,1106,1384,4,2025-10-11 15:16:33+00:00
1579,121,1785,1,2025-04-26 02:53:22+00:00
1580,469,413,5,2025-08-12 11:38:31+00:00
1581,1075,436,1,2025-04-04 04:18:18+00:00
1582,786,425,4,2024-06-24 11:45:27+00:00
1583,579,1988,5,2024-04-08 23:30:45+00:00
1584,713,216,4,2025-02-28 03:58:25+00:00
1585,1020,1051,4,2025-03-12 04:32:49+00:00
1586,891,1822,4,2025-06-19 12:05:31+00:00
1587,287,903,3,2025-12-16 10:04:15+00:00
1588,1313,1113,1,2024-02-09 18:22:33+00:00
1589,147,1116,4,2024-02-26 22:57:30+00:00
1590,976,201,4,2024-05-21 21:35:44+00:00
1591,1107,756,3,2024-11-27 00:23:50+00:00
1592,1813,1186,4,2024-08-22 00:29:51+00:00
1593,430,252,2,2025-09-30 09:45:51+00:00
1594,1535,1653,1,2024-08-21 23:29:19+00:00
1595,1291,103,1,2024-01-22 16:45:24+00:00
1596,260,538,4,2025-12-02 22:52:17+00:00
1597,1211,1623,5,2025-03-25 10:35:29+00:00
1598,1401,965,2,2024-08-07 09:40:57+00:00
1599,842,1344,5,2024-05-01 07:54:23+00:00
1600,549,755,5,2024-11-22 06:51:19+00:00
1601,1311,1907,1,2025-01-10 19:10:57+00:00
1602,1418,229,5,2025-02-21 05:19:36+00:00
1603,1024,435,5,2024-07-03 22:57:59+00:00
1604,1115,69,5,2025-05-09 07:18:26+00:00
1605,246,131,4,2024-12-04 02:58:06+00:00
1606,237,1125,4,2025-03-16 09:34:02+00:00
1607,1428,1952,1,2025-09-09 18:21:08+00:00
1608,684,1626,4,2025-01-09 05:47:28+00:00
1609,1758,454,5,2024-12-06 15:03:08+00:00
1610,1108,10,3,2025-03-29 16:12:06+00:00
1611,42,1330,1,2024-03-10 04:33:26+00:00
1612,1797,431,1,2025-11-01 17:48:56+00:00
1613,217,1418,4,2025-08-11 00:50:05+00:00
1614,1317,604,2,2024-10-23 14:54:04+00:00
1615,1747,1039,4,2025-09-03 13:33:03+00:00
1616,1111,1023,5,2024-06-29 09:23:34+00:00
1617,1843,84,1,2025-07-22 02:32:17+00:00
1618,1330,1349,2,2025-07-25 01:18:12+00:00
1619,565,1649,4,2024-12-14 20:18:37+00:00
1620,1263,1604,5,2025-06-26 06:41:53+00:00
1621,1744,605,5,2024-12-23 17:53:58+00:00
1622,33,1607,5,2024-11-26 13:29:58+00:00
1623,1118,1602,5,2024-06-27 16:01:22+00:00
1624,1855,629,5,2025-05-14 03:12:20+00:00
1625,398,945,3,2025-09-12 10:24:56+00:00
1626,957,257,3,2024-03-01 15:11:40+00:00
1627,230,354,1,2024-06-13 15:56:16+00:00
1628,241,1959,1,2024-12-21 20:27:17+00:00
1629,96,1217,2,2024-09-11 12:27:41+00:00
1630,1099,1324,3,2024-04-24 13:53:00+00:00
1631,120,1335,2,2024-09-26 23:21:08+00:00
1632,1753,1352,3,2024-04-10 22:56:22+00:00
1633,307,634,2,2024-11-11 23:26:33+00:00
1634,1140,1583,2,2025-10-09 18:12:44+00:00
1635,675,1708,4,2025-10-07 18:20:30+00:00
1636,1774,1283,1,2024-06-21 16:31:06+00:00
1637,794,291,5,2024-04-29 02:28:13+00:00
1638,454,1503,5,2024-06-15 21:09:51+00:00
1639,1525,1586,1,2025-08-13 07:08:45+00:00
1640,57,145,4,2025-04-12 11:26:09+00:00
1641,641,833,4,2024-09-24 12:57:55+00:00
1642,1698,1318,1,2025-09-10 09:07:58+00:00
1643,1266,1429,4,2025-11-01 05:30:20+00:00
1644,308,149,3,2025-09-18 16:54:59+00:00
1645,196,249,4,2024-01-13 19:27:43+00:00
1646,1777,63,3,2025-07-20 12:45:57+00:00
1647,272,930,1,2024-07-16 23:00:06+00:00
1648,1455,1972,5,2024-05-17 12:55:30+00:00
1649,1340,360,3,2025-05-02 04:09:41+00:00
1650,855,253,4,2024-05-06 03:42:14+00:00
1651,1120,1607,5,2025-01-05 13:24:10+00:00
1652,1605,1801,1,2025-03-31 17:58:48+00:00
1653,1343,1552,1,2024-11-02 18:17:13+00:00
1654,1753,273,5,2025-12-21 11:32:59+00:00
1655,612,1863,2,2024-03-10 23:28:44+00:00
1656,1314,317,1,2025-11-20 19:56:18+00:00
1657,254,1632,1,2025-07-10 09:17:14+00:00
1658,525,1624,3,2024-01-29 05:31:33+00:00
1659,1383,278,5,2025-06-27 01:39:08+00:00
1660,1744,698,1,2024-06-11 01:50:26+00:00
1661,1670,1946,4,2025-07-27 00:16:01+00:00
1662,679,1672,3,2024-08-05 06:38:30+00:00
1663,1350,767,2,2025-02-12 03:42:01+00:00
1664,1381,75,2,2025-02-05 16:36:52+00:00
1665,792,1677,4,2025-04-08 15:48:59+00:00
1666,1076,1560,4,2025-09-16 17:20:19+00:00
1667,1630,552,1,2024-07-23 05:49:58+00:00
1668,1854,266,2,2024-06-05 03:14:47+00:00
1669,220,1419,1,2025-10-10 02:55:16+00:00
1670,1009,976,2,2024-01-13 19:56:46+00:00
1671,1531,1925,2,2024-12-26 10:05:34+00:00
1672,1009,1566,3,2025-04-25 15:53:56+00:00
1673,917,55,3,2026-01-02 20:12:10+00:00
1674,1275,789,1,2025-12-29 20:51:55+00:00
1675,1405,665,3,2025-08-08 21:53:51+00:00
1676,1287,1191,4,2024-11-11 04:54:13+00:00
1677,814,1119,3,2025-12-19 08:04:26+00:00
1678,57,480,2,2025-10-27 19:28:10+00:00
1679,530,1314,2,2024-03-29 20:32:42+00:00
1680,1886,1744,1,2025-03-11 10:21:57+00:00
1681,670,1035,1,2025-01-02 02:32:04+00:00
1682,1429,900,1,2024-09-19 06:30:33+00:00
1683,969,978,1,2024-08-08 14:51:11+00:00
1684,189,410,3,2025-03-26 01:58:48+00:00
1685,1017,116,2,2025-11-29 12:59:53+00:00
1686,497,233,5,2024-12-15 13:55:35+00:00
1687,1928,1115,2,2025-12-09 13:54:57+00:00
1688,1873,1229,5,2025-02-11 09:54:59+00:00
1689,120,196,4,2024-07-05 00:16:43+00:00
1690,1107,1643,5,2025-10-15 14:09:00+00:00
1691,1776,955,1,2024-09-04 18:31:06+00:00
1692,1111,298,3,2024-10-26 04:21:19+00:00
1693,892,590,4,2024-04-01 11:04:15+00:00
1694,164,1230,3,2024-06-11 03:04:20+00:00
1695,1392,1559,5,2024-08-16 08:51:32+00:00
1696,583,1617,3,2025-11-03 03:24:43+00:00
1697,1932,266,5,2025-03-31 10:44:45+00:00
1698,1665,448,3,2025-06-25 05:56:44+00:00
1699,219,1800,5,2025-05-20 21:25:34+00:00
1700,109,1959,1,2025-09-12 05:07:48+00:00
1701,1543,1649,1,2024-04-23 13:26:16+00:00
1702,1774,1602,1,2025-07-07 05:07:42+00:00
1703,78,1639,3,2025-05-13 07:25:37+00:00
1704,1526,233,5,2024-10-13 11:57:40+00:00
1705,1753,1555,3,2024-12-18 02:07:35+00:00
1706,134,1983,4,2025-11-19 13:42:36+00:00
1707,1775,449,4,2025-05-30 17:12:34+00:00
1708,1387,428,3,2024-12-08 09:44:18+00:00
1709,600,716,3,2025-01-15 23:30:52+00:00
1710,376,1518,5,2025-04-08 07:45:40+00:00
1711,166,617,3,2024-08-13 13:48:25+00:00
1712,1864,1581,5,2024-02-01 19:42:44+00:00
1713,656,1448,5,2024-11-03 13:48:41+00:00
1714,1052,530,2,2025-04-14 07:13:31+00:00
1715,69,1020,5,2025-05-06 11:04:36+00:00
1716,369,302,2,2025-01-23 10:47:20+00:00
1717,187,1495,2,2024-12-19 23:35:33+00:00
1718,996,582,1,2025-06-19 12:29:57+00:00
1719,1495,934,1,2025-03-02 18:11:04+00:00
1720,1197,566,4,2024-10-05 08:23:27+00:00
1721,1241,124,1,2025-11-25 03:23:12+00:00
1722,1212,634,4,2025-09-30 21:19:31+00:00
1723,1256,1925,1,2025-08-19 06:19:49+00:00
1724,1065,1278,1,2024-11-22 17:52:53+00:00
1725,474,1353,4,2025-10-11 14:34:51+00:00
1726,671,1162,2,2024-07-20 11:51:17+00:00
1727,1646,1827,3,2025-07-26 08:10:42+00:00
1728,1779,1479,4,2024-09-17 00:43:04+00:00
1729,1572,270,3,2025-01-24 01:59:36+00:00
1730,1148,86,3,2024-06-15 06:40:32+00:00
1731,1043,900,5,2025-01-04 22:59:08+00:00
1732,1319,1556,2,2025-01-30 02:47:47+00:00
1733,532,1695,4,2024-02-25 19:34:19+00:00
1734,399,1086,1,2025-05-23 06:47:27+00:00
1735,1783,1918,4,2025-11-05 02:59:47+00:00
1736,528,1395,1,2025-07-01 01:26:10+00:00
1737,303,19,3,2024-04-17 11:25:59+00:00
1738,145,98,4,2025-10-20 18:52:04+00:00
1739,540,1166,2,2025-07-15 10:33:22+00:00
1740,1731,278,1,2025-02-21 03:05:57+00:00
1741,527,1589,1,2024-04-29 18:10:57+00:00
1742,1232,599,1,2024-12-03 18:18:34+00:00
1743,93,1877,2,2024-01-21 07:58:28+00:00
1744,77,795,1,2025-01-08 08:18:05+00:00
1745,1393,9,5,2024-08-14 21:35:38+00:00
1746,1655,1268,1,2024-12-07 22:43:03+00:00
1747,182,1363,1,2025-05-09 14:50:28+00:00
1748,1734,1360,1,2024-09-30 05:11:45+00:00
1749,1606,156,3,2025-01-03 15:56:39+00:00
1750,481,1275,1,2025-05-25 03:36:16+00:00
1751,291,343,2,2024-12-20 07:49:58+00:00
1752,1707,904,3,2025-07-18 23:09:27+00:00
1753,1022,249,5,2024-08-07 20:06:33+00:00
1754,64,1510,1,2024-07-26 01:02:02+00:00
1755,1629,899,3,2025-04-06 10:01:38+00:00
1756,925,734,3,2024-08-13 04:09:57+00:00
1757,779,1627,1,2024-11-28 21:27:51+00:00
1758,799,1043,3,2025-01-08 01:01:46+00:00
1759,1883,785,2,2024-11-18 14:20:28+00:00
1760,1486,1434,1,2024-11-27 16:30:21+00:00
1761,1423,154,4,2025-09-05 07:00:44+00:00
1762,1259,1576,1,2025-01-08 23:22:04+00:00
1763,110,750,1,2024-10-04 13:05:39+00:00
1764,943,1396,5,2025-08-25 14:34:31+00:00
1765,1343,1582,5,2024-06-29 06:19:56+00:00
1766,205,1614,5,2024-09-26 03:40:33+00:00
1767,1965,1718,4,2025-04-29 21:17:48+00:00
1768,157,1545,5,2025-11-29 04:29:13+00:00
1769,96,261,3,2024-06-11 06:28:54+00:00
1770,1154,1318,1,2025-12-25 19:12:16+00:00
1771,1443,1033,4,2024-05-20 22:55:44+00:00
1772,54,333,4,2025-10-29 22:38:29+00:00
1773,1399,1395,2,2024-09-05 20:51:00+00:00
1774,1730,786,4,2024-04-16 01:54:25+00:00
1775,1465,1442,3,2024-07-01 03:13:31+00:00
1776,1057,1607,1,2025-04-27 00:28:27+00:00
1777,475,1595,3,2025-03-20 08:01:23+00:00
1778,1921,1374,4,2025-03-18 18:37:08+00:00
1779,1568,604,4,2025-01-08 10:36:22+00:00
1780,1766,359,4,2024-07-09 17:03:51+00:00
1781,920,1126,1,2024-10-19 11:22:28+00:00
1782,1001,234,5,2025-08-13 17:05:13+00:00
1783,1902,1963,3,2024-03-02 01:20:42+00:00
1784,625,767,5,2024-12-03 05:31:40+00:00
1785,1287,416,1,2025-12-10 21:26:25+00:00
1786,938,1201,2,2025-10-08 20:00:33+00:00
1787,1328,1675,5,2025-10-01 12:07:06+00:00
1788,1972,764,5,2024-07-22 16:33:24+00:00
1789,1631,340,2,2025-09-20 00:44:35+00:00
1790,1571,514,5,2024-04-05 14:06:59+00:00
1791,1893,79,1,2025-12-27 08:56:29+00:00
1792,628,42,3,2025-03-31 12:03:34+00:00
1793,316,1163,1,2024-08-11 17:52:32+00:00
1794,1652,1572,5,2025-08-07 09:55:01+00:00
1795,606,1809,4,2025-08-31 10:55:30+00:00
1796,1069,746,4,2025-02-09 17:19:28+00:00
1797,1576,1636,5,2024-05-10 13:42:37+00:00
1798,1015,1318,5,2025-02-03 23:19:35+00:00
1799,1220,928,4,2024-08-08 07:58:06+00:00
1800,305,1774,3,2025-04-22 20:03:42+00:00
1801,687,590,2,2024-02-21 04:06:51+00:00
1802,397,106,5,2025-04-24 00:48:43+00:00
1803,379,265,1,2024-03-02 14:40:44+00:00
1804,726,1912,4,2025-05-25 06:01:51+00:00
1805,820,1136,1,2025-10-16 18:27:47+00:00
1806,165,1300,1,2024-04-30 05:27:12+00:00
1807,1942,793,2,2025-08-17 00:47:21+00:00
1808,853,1355,5,2025-02-25 08:16:55+00:00
1809,1104,776,4,2024-09-05 01:17:49+00:00
1810,1716,1607,4,2024-04-12 07:27:38+00:00
1811,1139,1510,5,2025-04-02 05:27:03+00:00
1812,852,713,5,2024-09-05 22:04:05+00:00
1813,1232,685,2,2024-03-09 16:39:25+00:00
1814,1462,1111,3,2024-09-11 09:56:34+00:00
1815,1885,49,3,2025-04-29 18:19:03+00:00
1816,1927,873,2,2025-11-07 12:28:44+00:00
1817,1400,387,1,2024-04-06 07:02:42+00:00
1818,654,1966,4,2025-11-21 23:53:26+00:00
1819,37,37,2,2025-09-11 05:02:38+00:00
1820,394,922,2,2025-01-24 22:03:22+00:00
1821,1160,1519,3,2025-03-27 17:45:11+00:00
1822,580,912,5,2025-06-08 11:06:33+00:00
1823,1531,1386,4,2025-09-11 19:48:53+00:00
1824,821,1812,2,2024-04-01 10:27:51+00:00
1825,1315,1986,2,2024-08-10 05:38:32+00:00
1826,56,1907,1,2024-07-10 19:00:14+00:00
1827,820,977,1,2026-01-04 14:20:11+00:00
1828,95,1906,1,2024-01-31 16:36:53+00:00
1829,1465,1887,5,2026-01-06 11:57:39+00:00
1830,1768,929,4,2025-10-11 11:34:02+00:00
1831,1647,109,5,2024-04-03 07:14:35+00:00
1832,1459,1769,4,2024-07-09 01:00:29+00:00
1833,514,678,4,2025-12-10 14:41:15+00:00
1834,1504,641,4,2025-07-28 01:26:35+00:00
1835,103,1069,3,2025-11-20 23:05:25+00:00
1836,599,323,1,2024-07-23 09:06:01+00:00
1837,692,266,3,2024-01-29 12:29:22+00:00
1838,762,247,1,2025-07-18 08:41:03+00:00
1839,377,821,4,2025-12-20 04:53:32+00:00
1840,1875,837,5,2025-07-02 08:35:57+00:00
1841,326,1116,1,2025-06-02 15:41:11+00:00
1842,129,903,5,2025-07-17 22:06:46+00:00
1843,947,199,4,2024-01-21 06:02:02+00:00
1844,1825,1553,4,2025-06-22 15:23:48+00:00
1845,279,1172,1,2025-10-01 12:18:09+00:00
1846,1376,309,4,2024-08-17 05:59:21+00:00
1847,1119,512,3,2025-06-12 22:14:44+00:00
1848,1377,397,4,2024-03-17 16:18:29+00:00
1849,1242,948,4,2024-11-24 19:46:35+00:00
1850,1405,2000,2,2024-06-14 03:37:00+00:00
1851,1277,1900,2,2025-05-26 15:16:59+00:00
1852,559,101,2,2025-11-21 04:17:25+00:00
1853,964,1632,1,2024-05-24 20:38:48+00:00
1854,404,1194,3,2024-01-26 14:01:04+00:00
1855,1379,1407,3,2024-12-12 19:51:32+00:00
1856,987,1806,2,2025-12-09 15:30:01+00:00
1857,494,247,5,2024-10-31 01:29:29+00:00
1858,1307,222,2,2025-05-16 01:55:02+00:00
1859,1456,446,4,2024-03-14 08:11:45+00:00
1860,338,1853,3,2025-03-25 08:00:20+00:00
1861,437,1082,4,2025-01-25 06:05:59+00:00
1862,1016,1204,4,2024-02-03 18:49:30+00:00
1863,649,1385,2,2024-10-13 03:45:41+00:00
1864,1751,1525,5,2025-03-18 05:27:41+00:00
1865,1344,890,2,2025-04-06 09:17:46+00:00
1866,1131,667,2,2024-12-02 10:45:25+00:00
1867,1385,860,2,2024-05-10 14:27:29+00:00
1868,400,366,4,2024-05-22 23:35:38+00:00
1869,1403,215,4,2024-12-16 16:08:06+00:00
1870,1449,207,4,2025-11-17 10:08:02+00:00
1871,1387,817,3,2025-10-16 13:36:48+00:00
1872,1022,1001,4,2025-08-19 05:28:14+00:00
1873,812,782,4,2024-12-23 03:53:01+00:00
1874,456,674,3,2025-03-03 02:07:39+00:00
1875,264,786,1,2024-01-29 08:25:16+00:00
1876,923,333,4,2024-10-23 18:24:37+00:00
1877,38,1261,1,2025-08-23 23:44:59+00:00
1878,1172,1331,4,2024-06-23 07:34:24+00:00
1879,47,1862,5,2025-10-05 12:14:21+00:00
1880,221,1008,3,2024-08-30 03:59:57+00:00
1881,106,418,4,2024-10-10 17:11:23+00:00
1882,279,979,2,2024-08-18 18:07:41+00:00
1883,1952,1860,3,2025-11-14 17:07:26+00:00
1884,818,1925,3,2025-04-08 15:20:14+00:00
1885,1113,77,5,2024-02-25 08:56:44+00:00
1886,751,588,4,2024-04-12 16:44:56+00:00
1887,920,742,1,2024-04-30 05:09:59+00:00
1888,1419,517,3,2025-09-06 08:22:29+00:00
1889,639,1388,3,2024-06-05 02:31:33+00:00
1890,1117,1347,5,2024-05-10 22:48:51+00:00
1891,1727,628,3,2025-11-04 17:39:10+00:00
1892,102,1236,1,2024-10-11 04:00:54+00:00
1893,1537,1637,5,2025-08-11 19:18:08+00:00
1894,47,1925,2,2024-02-10 08:18:56+00:00
1895,503,172,2,2024-09-24 21:49:21+00:00
1896,378,1302,3,2025-10-06 22:24:47+00:00
1897,257,1100,3,2024-05-18 16:06:51+00:00
1898,634,1864,2,2024-04-13 16:18:17+00:00
1899,783,40,5,2024-05-03 14:58:46+00:00
1900,1406,1504,1,2025-04-29 08:22:21+00:00
1901,12,1152,3,2024-02-20 13:37:34+00:00
1902,435,1620,5,2024-09-24 14:54:47+00:00
1903,653,1243,4,2024-07-30 14:06:43+00:00
1904,1163,80,2,2025-07-13 19:06:26+00:00
1905,196,677,1,2024-06-18 07:29:50+00:00
1906,1655,898,5,2024-04-07 12:16:42+00:00
1907,492,438,4,2024-10-10 20:49:43+00:00
1908,951,764,5,2025-09-18 16:52:11+00:00
1909,478,1258,1,2025-08-26 00:20:37+00:00
1910,1392,485,4,2024-05-20 09:50:25+00:00
1911,969,1945,4,2025-01-27 19:42:31+00:00
1912,1870,975,4,2025-06-11 15:34:50+00:00
1913,428,1264,1,2025-02-13 19:57:06+00:00
1914,1303,324,2,2024-05-28 09:22:23+00:00
1915,1554,1656,3,2024-01-24 05:23:33+00:00
1916,421,1781,4,2025-05-04 05:56:57+00:00
1917,1365,838,3,2024-06-24 03:31:59+00:00
1918,168,1652,1,2025-12-22 03:46:50+00:00
1919,1835,1079,4,2025-05-30 07:42:38+00:00
1920,1469,427,5,2024-06-28 06:27:56+00:00
1921,42,1205,3,2025-04-26 17:07:02+00:00
1922,1632,940,1,2025-11-24 07:36:42+00:00
1923,13,1345,4,2024-02-24 15:20:18+00:00
1924,14,1653,1,2025-01-09 04:59:43+00:00
1925,1150,785,4,2024-02-22 09:52:47+00:00
1926,366,219,3,2024-11-13 00:50:00+00:00
1927,192,1922,4,2024-06-06 00:43:45+00:00
1928,1006,1151,4,2025-10-13 18:36:50+00:00
1929,1531,263,2,2025-03-20 07:15:06+00:00
1930,683,1625,1,2024-07-22 11:35:21+00:00
1931,186,1319,3,2024-05-28 19:40:10+00:00
1932,923,309,1,2025-05-17 08:56:53+00:00
1933,1099,895,1,2024-03-09 19:29:53+00:00
1934,557,1091,1,2024-11-28 07:02:16+00:00
1935,1022,1122,4,2024-02-25 07:54:08+00:00
1936,619,1179,2,2025-08-01 00:28:59+00:00
1937,1851,1315,2,2025-12-11 03:56:31+00:00
1938,1793,1761,3,2025-06-15 09:01:07+00:00
1939,1077,1497,4,2024-07-06 11:52:17+00:00
1940,685,606,1,2024-06-17 12:33:52+00:00
1941,1925,1160,1,2024-04-30 17:09:45+00:00
1942,1669,1140,4,2024-09-20 08:58:39+00:00
1943,914,751,5,2024-11-14 22:10:45+00:00
1944,365,1970,2,2025-12-07 07:39:28+00:00
1945,34,82,3,2024-03-13 06:35:04+00:00
1946,1841,1010,2,2025-02-02 00:03:26+00:00
1947,1512,305,2,2025-03-10 18:47:34+00:00
1948,960,1240,5,2025-11-15 02:11:08+00:00
1949,762,873,2,2025-07-20 12:51:53+00:00
1950,100,785,2,2024-09-19 11:25:21+00:00
1951,364,813,1,2025-11-28 18:46:48+00:00
1952,316,585,5,2025-02-14 16:17:39+00:00
1953,508,299,4,2024-04-22 19:10:34+00:00
1954,585,1050,1,2025-11-02 06:43:36+00:00
1955,396,836,1,2024-04-21 11:44:20+00:00
1956,1413,542,4,2025-01-03 03:33:50+00:00
1957,1395,787,3,2024-08-10 02:22:45+00:00
1958,489,1250,2,2025-11-13 00:27:18+00:00
1959,655,806,2,2024-06-30 03:37:57+00:00
1960,600,1049,2,2024-03-08 02:42:28+00:00
1961,622,557,2,2025-01-29 06:41:49+00:00
1962,599,787,4,2024-12-18 09:31:59+00:00
1963,4,172,3,2024-09-05 15:14:26+00:00
1964,541,997,3,2024-01-23 19:57:22+00:00
1965,1295,164,3,2025-01-08 14:52:06+00:00
1966,439,145,4,2025-01-03 20:23:50+00:00
1967,17,1757,3,2024-03-01 16:47:34+00:00
1968,1763,1145,5,2025-01-23 07:58:31+00:00
1969,651,1812,2,2025-04-23 09:55:15+00:00
1970,1938,599,5,2024-09-29 03:51:13+00:00
1971,167,1963,4,2025-10-03 01:48:06+00:00
1972,744,710,5,2025-07-27 17:57:54+00:00
1973,219,1585,4,2024-10-12 10:15:50+00:00
1974,561,815,1,2024-04-11 09:43:31+00:00
1975,1757,792,2,2025-03-26 10:02:34+00:00
1976,1918,365,1,2024-11-11 12:55:13+00:00
1977,1050,858,2,2025-08-26 19:24:57+00:00
1978,1937,1891,4,2025-07-07 12:57:02+00:00
1979,1107,967,1,2025-07-26 01:08:38+00:00
1980,1080,601,2,2025-05-20 11:27:35+00:00
1981,620,1238,2,2024-06-19 00:21:46+00:00
1982,1647,1785,3,2025-05-25 07:41:12+00:00
1983,1405,1400,4,2024-08-10 10:09:23+00:00
1984,1349,1101,1,2025-09-29 09:32:10+00:00
1985,1343,356,5,2024-12-22 05:26:28+00:00
1986,1265,1284,5,2024-11-23 20:46:43+00:00
1987,1929,1703,2,2025-04-07 21:08:06+00:00
1988,397,1213,4,2025-08-05 00:08:58+00:00
1989,1906,320,4,2024-06-14 16:05:30+00:00
1990,1655,541,2,2024-03-12 05:38:09+00:00
1991,490,1305,3,2024-05-16 14:44:27+00:00
1992,290,431,1,2024-04-12 23:43:52+00:00
1993,818,938,3,2025-09-22 20:19:54+00:00
1994,715,1967,4,2024-05-06 23:42:02+00:00
1995,1292,1150,2,2025-03-17 16:02:57+00:00
1996,85,2,4,2025-03-01 16:33:00+00:00
1997,406,1747,3,2025-06-11 20:57:00+00:00
1998,716,407,5,2025-09-24 02:19:50+00:00
1999,1036,1381,5,2025-11-23 02:37:13+00:00
2000,1192,858,2,2024-03-31 09:30:20+00:00
