service_order_item_id,service_order_id,service_id,quantity,unit_price,created_at
1,1266,50,6,598.52,2024-05-29 12:08:30+00:00
2,353,20,7,1276.12,2025-08-30 06:05:39+00:00
3,10,5,9,1870.04,2024-10-28 22:38:05+00:00
4,1743,11,9,1681.13,2025-12-11 07:41:47+00:00
5,1188,29,7,953.88,2025-05-12 02:05:49+00:00
6,285,11,4,257.33,2024-10-25 17:26:54+00:00
7,37,1,10,1090.92,2024-09-27 21:35:06+00:00
8,403,11,7,324.86,2025-02-16 08:44:56+00:00
9,1582,32,4,832.36,2024-12-03 07:50:49+00:00
10,1091,1,2,1992.51,2025-08-15 13:31:02+00:00
11,197,20,6,1913.97,2024-12-21 14:57:37+00:00
12,733,26,8,416.4,2024-03-16 16:52:50+00:00
13,1173,44,8,1463.49,2024-06-13 23:05:13+00:00
14,477,4,9,1178.33,2024-09-12 16:34:17+00:00
15,550,7,8,813.21,2024-07-05 16:05:27+00:00
16,146,18,2,98.76,2024-08-06 20:06:50+00:00
17,1416,1,10,1705.55,2024-02-14 02:17:38+00:00
18,1340,47,7,329.35,2024-08-26 10:16:49+00:00
19,1638,20,5,55.55,2025-10-16 07:39:21+00:00
20,1840,39,2,1637.78,2025-05-02 23:44:44+00:00
21,1787,28,6,717.47,2024-06-10 00:11:13+00:00
22,429,21,1,1943.69,2024-09-20 00:02:56+00:00
23,704,45,1,947.37,2025-09-12 17:53:57+00:00
24,269,4,6,472.49,2024-01-23 13:48:15+00:00
25,1933,30,6,892.23,2025-12-13 04:26:15+00:00
26,711,26,2,433.21,2025-12-18 15:01:27+00:00
27,1727,10,9,1129.54,2025-10-03 04:30:41+00:00
28,1301,15,8,1753.11,2025-10-04 12:51:19+00:00
29,315,9,9,413.58,2025-11-15 16:49:02+00:00
30,79,40,7,344.25,2025-04-26 15:44:50+00:00
31,622,43,5,1988.21,2025-11-30 20:25:33+00:00
32,1371,14,7,590.32,2024-09-01 20:36:51+00:00
33,1335,7,6,1991.41,2025-10-30 21:11:50+00:00
34,286,14,3,1276.41,2024-08-02 06:33:53+00:00
35,179,48,6,1869.17,2025-06-07 07:42:49+00:00
36,1906,50,8,88.51,2024-10-22 20:45:40+00:00
37,77,11,2,536.84,2024-10-28 12:36:25+00:00
38,595,34,3,1759.41,2024-03-09 14:25:48+00:00
39,1003,31,2,1072.77,2025-05-05 07:31:59+00:00
40,1432,16,1,1693.52,2025-12-13 15:53:12+00:00
41,1179,8,5,754.13,2024-11-29 02:20:32+00:00
42,1544,6,7,1214.89,2025-01-30 14:57:01+00:00
43,1397,15,6,699.93,2025-11-19 09:32:52+00:00
44,529,25,3,1198.35,2024-10-28 17:07:14+00:00
45,1259,46,1,1396.1,2025-02-11 00:13:43+00:00
46,876,5,4,1866.17,2024-03-08 00:37:40+00:00
47,692,21,9,195.67,2024-01-24 05:21:14+00:00
48,1151,44,1,987.04,2024-09-22 03:10:03+00:00
49,158,9,7,1469.39,2025-06-08 06:51:29+00:00
50,1748,47,10,1619.79,2025-12-26 01:16:48+00:00
51,2000,31,4,659.32,2024-04-17 00:09:12+00:00
52,1363,4,8,1091.95,2025-07-30 23:53:44+00:00
53,956,14,5,772.8,2025-10-01 05:23:17+00:00
54,215,21,6,642.93,2024-12-05 10:53:35+00:00
55,93,37,4,1188.71,2025-11-07 09:38:11+00:00
56,966,47,3,1049.22,2024-03-29 12:33:34+00:00
57,656,21,6,783.39,2024-08-01 16:27:34+00:00
58,920,47,4,722.02,2024-09-30 21:58:51+00:00
59,1295,20,10,1685.23,2025-07-09 10:48:23+00:00
60,164,35,6,1859.14,2024-10-30 20:46:05+00:00
61,1439,2,7,251.88,2024-05-26 04:35:04+00:00
62,1824,48,7,154.18,2024-05-20 21:08:17+00:00
63,1457,30,2,869.14,2024-04-08 01:39:52+00:00
64,1027,8,10,598.54,2024-08-12 20:08:25+00:00
65,914,41,4,979.44,2025-04-22 11:56:33+00:00
66,435,15,8,468.74,2024-09-07 12:12:18+00:00
67,1966,9,7,112.21,2025-10-22 04:29:24+00:00
68,1124,48,2,1311.98,2024-10-22 20:23:34+00:00
69,1304,42,5,1430.72,2025-12-29 07:26:01+00:00
70,646,47,2,1654.12,2025-10-19 18:27:31+00:00
71,1916,17,1,930.6,2025-09-02 18:22:00+00:00
72,1373,1,9,1108.44,2025-01-23 15:00:43+00:00
73,939,33,6,847.22,2025-02-21 15:23:35+00:00
74,153,45,3,607.42,2024-09-10 20:32:05+00:00
75,1766,46,10,150.01,2025-03-23 18:37:26+00:00
76,123,1,4,855.46,2024-02-18 16:17:56+00:00
77,346,44,6,1036.27,2024-02-14 22:48:22+00:00
78,1729,45,6,1696.61,2024-05-20 13:00:08+00:00
79,46,48,5,620.77,2025-12-17 13:01:54+00:00
80,163,22,8,432.91,2024-03-29 18:02:29+00:00
81,361,48,1,1248.49,2025-11-19 10:31:23+00:00
82,532,30,3,1636.41,2024-11-07 08:34:22+00:00
83,244,13,7,1072.53,2024-05-16 00:08:00+00:00
84,540,13,7,650.47,2025-08-15 08:55:28+00:00
85,540,40,10,927.16,2025-08-04 21:49:42+00:00
86,339,41,5,1697.96,2025-03-15 19:30:42+00:00
87,448,7,9,1239.87,2025-01-01 16:51:52+00:00
88,541,1,1,291.01,2024-08-15 06:01:33+00:00
89,1907,40,1,137.24,2024-09-15 12:36:09+00:00
90,805,27,8,1749.88,2025-02-10 17:34:41+00:00
91,530,24,4,948.02,2025-12-23 17:11:01+00:00
92,1542,5,8,427.69,2024-01-19 01:00:55+00:00
93,803,43,6,845.89,2024-09-02 15:22:59+00:00
94,1237,45,7,801.3,2025-12-28 02:28:52+00:00
95,237,12,1,1300.41,2025-01-28 19:59:31+00:00
96,709,47,10,1605.92,2025-07-16 16:10:22+00:00
97,1866,42,10,1934.96,2024-02-16 20:40:13+00:00
98,1875,23,7,1930.49,2025-09-28 02:33:54+00:00
99,253,17,10,785.48,2025-06-01 09:40:10+00:00
100,1078,12,8,1761.3,2024-08-29 01:51:50+00:00
101,546,23,3,896.91,2025-04-16 06:25:18+00:00
102,59,45,9,1314.6,2025-09-26 13:16:51+00:00
103,1268,4,3,832.83,2024-03-19 04:50:52+00:00
104,1935,35,1,306.49,2024-05-08 15:59:06+00:00
105,1833,8,7,1871.08,2024-03-12 10:35:01+00:00
106,1058,8,1,1834.67,2024-09-22 01:18:18+00:00
107,976,21,8,404.25,2024-10-31 01:45:51+00:00
108,707,4,9,1280.35,2024-09-13 01:36:16+00:00
109,631,35,8,1057.7,2024-02-09 17:22:37+00:00
110,1162,39,4,1564.35,2024-02-01 10:39:07+00:00
111,1312,34,7,1191.07,2024-11-16 12:23:06+00:00
112,1725,50,6,831.4,2024-07-15 21:19:45+00:00
113,1919,17,10,967.09,2025-08-17 06:15:02+00:00
114,1068,42,6,1625.79,2024-06-30 10:27:09+00:00
115,1158,8,4,527.91,2025-11-24 06:32:51+00:00
116,848,30,1,689.22,2024-01-27 22:06:17+00:00
117,545,39,7,630.47,2025-01-20 07:16:39+00:00
118,1709,34,4,473.92,2024-11-25 03:35:18+00:00
119,1368,41,4,599.0,2024-01-27 00:20:06+00:00
120,882,3,10,567.0,2024-12-15 22:35:09+00:00
121,530,38,4,793.37,2024-07-09 12:09:46+00:00
122,826,39,3,326.76,2024-10-17 23:21:18+00:00
123,1048,7,1,1905.38,2024-12-09 10:16:35+00:00
124,1282,8,2,1207.08,2024-12-25 10:22:27+00:00
125,1513,12,3,60.45,2025-06-07 07:47:34+00:00
126,1544,49,8,777.13,2024-12-01 12:45:19+00:00
127,1205,16,3,46.84,2025-11-20 17:26:14+00:00
128,692,27,2,808.93,2025-04-30 00:27:32+00:00
129,1921,13,8,1830.24,2025-01-10 14:36:38+00:00
130,1802,24,3,151.42,2024-08-15 18:00:35+00:00
131,285,28,7,342.76,2025-07-17 18:33:34+00:00
132,903,41,1,1658.53,2024-09-13 16:53:23+00:00
133,744,21,1,1890.22,2024-09-05 05:16:42+00:00
134,1591,10,2,1524.61,2024-07-08 22:51:48+00:00
135,1817,47,8,1351.68,2025-09-18 09:24:42+00:00
136,1513,39,1,100.15,2024-03-09 10:37:06+00:00
137,1627,16,2,1485.85,2025-04-04 03:33:56+00:00
138,973,31,6,1132.46,2025-01-09 06:14:09+00:00
139,1050,44,1,428.96,2025-06-05 13:01:25+00:00
140,1054,31,9,437.51,2025-05-16 09:32:03+00:00
141,1543,28,7,67.94,2024-03-27 09:59:21+00:00
142,211,44,6,1954.9,2024-09-08 21:07:38+00:00
143,996,18,5,768.72,2024-05-24 17:36:34+00:00
144,1026,22,9,1486.94,2024-06-23 12:20:24+00:00
145,1013,16,2,238.95,2024-11-12 12:00:38+00:00
146,1639,12,2,583.42,2024-08-17 07:20:30+00:00
147,871,47,8,488.25,2025-06-07 09:52:48+00:00
148,589,6,4,1910.48,2024-08-10 19:26:42+00:00
149,1483,38,2,1493.67,2025-12-18 11:57:02+00:00
150,363,40,9,1152.8,2024-07-09 12:36:11+00:00
151,1531,20,4,1502.86,2024-10-23 17:22:49+00:00
152,1292,30,4,1118.44,2024-03-09 03:28:13+00:00
153,1997,2,7,195.28,2025-04-13 08:28:18+00:00
154,1785,14,5,1369.15,2025-03-23 14:38:26+00:00
155,168,8,4,498.73,2024-07-02 12:35:38+00:00
156,777,41,10,827.59,2025-03-21 19:56:27+00:00
157,1897,48,8,761.15,2024-05-16 19:39:23+00:00
158,189,46,2,1600.71,2024-06-11 14:31:13+00:00
159,1048,15,2,744.8,2024-04-25 12:16:03+00:00
160,1491,49,8,1724.8,2024-07-21 07:32:25+00:00
161,394,46,3,732.86,2024-06-14 18:27:36+00:00
162,1121,11,7,1907.4,2024-12-21 17:20:25+00:00
163,1527,8,10,1755.02,2024-04-24 10:33:26+00:00
164,1461,2,1,1278.47,2025-11-03 10:17:09+00:00
165,583,6,4,1741.42,2024-07-28 10:42:08+00:00
166,1968,37,6,185.78,2025-05-18 05:25:36+00:00
167,331,36,1,1474.6,2025-09-21 03:11:35+00:00
168,1469,25,1,1822.88,2025-07-20 14:01:02+00:00
169,18,21,10,748.37,2024-08-18 21:50:38+00:00
170,1411,22,8,122.13,2024-11-19 21:59:11+00:00
171,920,40,9,1354.8,2025-03-26 18:55:14+00:00
172,812,49,5,1737.76,2025-05-02 04:30:08+00:00
173,232,6,2,1116.95,2024-04-17 19:32:14+00:00
174,729,11,9,700.12,2025-09-30 07:30:14+00:00
175,1465,27,6,1623.92,2025-04-01 14:44:59+00:00
176,935,1,6,350.93,2025-07-13 23:11:09+00:00
177,778,24,10,1774.69,2025-11-09 15:31:19+00:00
178,1126,6,8,672.16,2025-09-09 23:41:37+00:00
179,1381,21,7,1493.07,2025-12-21 04:52:15+00:00
180,1605,20,9,1781.88,2025-06-22 02:20:15+00:00
181,1152,3,9,870.74,2025-09-25 04:29:38+00:00
182,797,41,7,166.2,2024-04-05 01:00:29+00:00
183,1243,29,4,301.9,2025-01-11 06:03:39+00:00
184,902,9,2,1486.54,2024-04-16 11:43:39+00:00
185,434,30,1,1180.8,2024-06-28 03:17:54+00:00
186,1435,33,7,516.78,2024-12-15 11:38:29+00:00
187,430,33,7,792.0,2024-08-24 18:05:33+00:00
188,194,37,10,1791.53,2025-06-06 23:49:53+00:00
189,1293,47,10,227.18,2024-02-26 04:02:38+00:00
190,976,11,5,679.85,2025-01-30 19:19:14+00:00
191,5,46,1,1671.83,2024-09-02 19:03:53+00:00
192,680,46,4,1985.76,2025-12-20 08:16:24+00:00
193,67,45,4,1036.11,2025-11-07 17:24:45+00:00
194,1808,42,2,1941.48,2025-08-18 05:05:32+00:00
195,753,13,7,1811.32,2024-06-09 11:18:22+00:00
196,717,20,10,87.92,2025-05-18 22:48:57+00:00
197,1068,25,1,660.75,2025-05-23 10:00:52+00:00
198,389,14,6,1669.56,2025-02-13 10:39:42+00:00
199,1503,15,2,260.55,2024-03-26 17:54:34+00:00
200,1202,44,9,1834.48,2025-02-05 17:31:11+00:00
201,1714,43,5,1480.28,2025-01-22 03:56:03+00:00
202,1170,26,4,1309.8,2024-04-16 02:14:40+00:00
203,1416,35,9,1575.01,2025-06-21 07:42:48+00:00
204,1880,46,5,1348.44,2025-01-09 11:38:37+00:00
205,263,36,6,1040.55,2024-06-13 03:14:40+00:00
206,368,18,7,1768.84,2024-06-05 22:22:23+00:00
207,287,17,3,245.69,2024-10-12 15:06:44+00:00
208,623,9,7,1666.22,2025-12-10 02:17:16+00:00
209,1351,34,7,1664.87,2025-05-03 01:27:13+00:00
210,719,15,6,1023.5,2025-01-09 05:04:04+00:00
211,509,11,10,699.89,2024-05-18 13:28:59+00:00
212,377,25,3,823.51,2024-12-14 08:36:24+00:00
213,640,27,5,475.49,2024-07-02 15:46:57+00:00
214,1185,27,8,1570.88,2025-09-08 03:12:04+00:00
215,430,4,6,1546.3,2024-03-19 13:16:51+00:00
216,1462,34,3,835.58,2024-03-26 16:04:57+00:00
217,1762,16,3,1582.34,2024-02-17 19:23:51+00:00
218,1087,18,4,1717.03,2025-10-31 02:39:40+00:00
219,1237,32,10,1336.64,2025-12-23 06:39:37+00:00
220,185,31,9,63.5,2025-10-26 07:51:21+00:00
221,1238,16,4,124.32,2025-10-17 23:02:41+00:00
222,88,19,2,1255.1,2025-08-04 01:29:57+00:00
223,1881,16,9,1642.58,2025-09-21 10:15:53+00:00
224,1911,50,7,211.09,2025-09-29 07:13:41+00:00
225,1712,44,2,520.06,2025-03-24 04:35:22+00:00
226,1934,29,10,1126.74,2024-01-11 00:46:53+00:00
227,1191,48,7,334.39,2024-06-03 06:45:35+00:00
228,605,50,3,1028.59,2025-04-05 18:05:24+00:00
229,500,10,8,274.37,2025-01-23 01:58:33+00:00
230,1004,20,9,794.46,2024-02-05 00:57:44+00:00
231,1405,12,3,834.73,2025-01-14 19:11:24+00:00
232,1037,15,3,903.27,2025-07-02 01:57:28+00:00
233,1979,26,8,510.14,2025-05-27 18:11:41+00:00
234,1303,24,8,885.77,2024-05-12 07:17:33+00:00
235,118,43,7,812.88,2026-01-09 17:41:23+00:00
236,1595,28,10,869.86,2025-04-26 02:02:14+00:00
237,737,45,5,560.37,2024-02-20 04:49:33+00:00
238,1977,46,10,682.39,2024-10-19 17:21:04+00:00
239,430,41,1,657.43,2024-03-14 00:50:13+00:00
240,559,6,5,489.68,2025-11-24 19:03:22+00:00
241,972,21,1,123.08,2024-03-02 02:22:24+00:00
242,1792,3,10,573.48,2025-08-18 07:50:22+00:00
243,933,31,2,1080.57,2024-07-31 01:06:22+00:00
244,543,48,10,777.94,2025-09-02 09:16:59+00:00
245,259,3,8,1748.14,2025-08-18 15:26:50+00:00
246,1745,44,9,356.41,2024-12-23 23:55:03+00:00
247,1440,8,1,34.13,2025-07-05 19:40:48+00:00
248,332,42,7,460.74,2025-10-18 22:52:31+00:00
249,1254,19,9,228.05,2024-08-23 01:45:31+00:00
250,1021,6,6,46.89,2024-10-01 08:24:31+00:00
251,98,45,1,1654.94,2025-12-30 19:20:20+00:00
252,1023,48,5,1549.58,2025-03-17 17:15:27+00:00
253,956,22,8,1762.83,2025-07-05 09:31:49+00:00
254,1820,22,7,1879.77,2024-01-29 00:49:11+00:00
255,215,1,3,524.95,2024-02-08 23:49:45+00:00
256,1981,43,3,1656.27,2024-10-23 12:36:57+00:00
257,466,36,8,1766.7,2025-11-17 07:41:21+00:00
258,1506,22,6,407.78,2024-10-20 13:38:47+00:00
259,887,44,2,208.37,2025-10-04 07:29:11+00:00
260,1234,15,6,1909.99,2025-03-24 12:34:06+00:00
261,1201,50,1,1395.69,2025-12-20 22:19:38+00:00
262,770,12,4,36.24,2024-04-04 17:42:53+00:00
263,1623,16,10,1453.97,2025-02-19 03:34:47+00:00
264,511,38,6,1948.98,2025-01-18 22:07:41+00:00
265,1540,35,3,342.01,2024-02-23 01:06:58+00:00
266,303,2,6,342.13,2025-12-29 19:44:52+00:00
267,446,20,7,1609.98,2025-11-11 17:26:15+00:00
268,1125,28,8,131.67,2024-03-04 17:39:11+00:00
269,1098,34,3,719.95,2025-03-24 23:07:17+00:00
270,1272,18,10,459.79,2025-02-02 09:06:57+00:00
271,1925,39,1,454.52,2024-02-20 12:29:38+00:00
272,1853,47,7,1036.12,2024-01-26 01:51:27+00:00
273,561,16,7,920.63,2025-04-27 15:28:03+00:00
274,192,21,2,1866.21,2024-07-05 21:42:47+00:00
275,329,23,2,193.5,2025-01-26 02:59:34+00:00
276,1102,46,7,987.63,2025-07-20 13:52:45+00:00
277,605,32,4,1805.31,2024-12-11 19:10:28+00:00
278,116,48,1,1802.41,2025-05-16 20:56:01+00:00
279,264,41,3,429.32,2024-04-13 14:29:18+00:00
280,473,46,6,1849.53,2025-03-13 11:54:23+00:00
281,981,38,7,1480.61,2024-08-23 08:32:17+00:00
282,1569,36,7,118.24,2025-07-12 16:07:06+00:00
283,1888,30,5,879.78,2024-10-26 03:01:17+00:00
284,1506,6,6,1105.08,2024-04-03 22:45:39+00:00
285,330,45,5,831.82,2024-05-28 22:08:31+00:00
286,2000,2,4,1460.49,2024-02-16 15:47:43+00:00
287,1519,47,2,1257.49,2024-03-28 12:15:44+00:00
288,6,37,9,699.21,2025-01-20 15:51:17+00:00
289,1881,29,4,547.4,2025-07-27 11:49:17+00:00
290,254,17,7,956.92,2025-01-20 05:50:25+00:00
291,1450,3,3,1812.23,2025-09-15 08:09:25+00:00
292,1965,46,5,1067.2,2025-09-28 15:14:25+00:00
293,1162,20,3,1889.07,2024-06-05 06:29:50+00:00
294,789,44,3,304.18,2024-09-30 07:48:52+00:00
295,789,50,7,947.83,2025-09-21 04:57:17+00:00
296,308,34,8,180.72,2024-05-11 04:30:11+00:00
297,1555,31,2,979.36,2024-03-10 16:33:33+00:00
298,1989,47,8,253.79,2025-09-20 06:49:25+00:00
299,32,40,2,1220.29,2025-07-08 18:52:06+00:00
300,1284,34,8,1763.77,2025-05-27 01:13:19+00:00
301,1272,8,3,176.98,2025-04-30 16:44:10+00:00
302,1408,29,10,1951.34,2025-04-25 05:11:30+00:00
303,614,41,1,566.13,2024-01-23 10:24:54+00:00
304,1856,5,7,729.28,2024-09-15 11:57:43+00:00
305,625,27,10,1870.41,2025-05-23 01:43:37+00:00
306,325,3,4,105.26,2025-01-10 01:51:46+00:00
307,1343,34,1,1382.08,2024-07-14 03:29:52+00:00
308,1580,16,8,513.31,2025-09-21 11:52:29+00:00
309,883,26,2,691.51,2025-12-02 07:08:55+00:00
310,572,47,3,1415.06,2025-03-29 23:33:09+00:00
311,981,33,7,1401.68,2025-08-17 10:11:55+00:00
312,828,29,7,635.64,2024-11-19 00:49:29+00:00
313,936,6,3,1639.99,2025-07-06 10:49:53+00:00
314,908,22,5,186.67,2025-08-29 10:48:09+00:00
315,139,38,8,177.24,2024-11-12 22:01:36+00:00
316,1336,13,7,338.33,2024-10-14 00:48:15+00:00
317,268,33,3,1424.35,2025-04-02 07:27:28+00:00
318,1666,30,7,110.84,2025-03-06 13:30:14+00:00
319,611,19,4,234.2,2025-10-25 20:22:29+00:00
320,1221,38,5,609.47,2025-02-07 06:31:29+00:00
321,1814,17,6,128.05,2025-05-09 21:50:27+00:00
322,1302,23,6,1677.11,2025-05-12 10:46:27+00:00
323,422,41,6,967.37,2025-03-22 03:41:07+00:00
324,383,36,1,810.01,2025-01-25 20:11:30+00:00
325,655,27,1,860.18,2025-04-27 21:29:16+00:00
326,143,25,8,343.55,2024-05-11 04:25:56+00:00
327,1605,14,7,1205.97,2024-11-25 07:32:38+00:00
328,911,30,8,337.0,2024-11-26 15:30:22+00:00
329,239,3,5,1947.23,2025-12-22 15:48:37+00:00
330,391,21,2,646.52,2024-02-01 02:07:52+00:00
331,1737,40,9,1876.07,2025-12-18 19:28:15+00:00
332,1775,9,1,1052.58,2025-12-13 18:57:58+00:00
333,776,28,9,254.13,2026-01-05 16:13:53+00:00
334,71,11,4,68.13,2024-08-23 03:10:56+00:00
335,309,17,6,997.51,2024-01-12 03:52:09+00:00
336,594,37,3,955.56,2025-02-17 08:36:47+00:00
337,1669,37,6,1687.67,2025-05-29 13:03:08+00:00
338,99,37,2,1845.56,2024-05-28 20:42:22+00:00
339,864,8,2,231.7,2025-07-20 08:26:08+00:00
340,335,24,2,1276.25,2025-11-02 18:07:31+00:00
341,1268,4,6,1640.53,2024-06-16 15:39:29+00:00
342,11,26,7,115.56,2025-11-21 05:03:44+00:00
343,1271,28,2,157.56,2025-09-13 03:23:25+00:00
344,1244,23,1,1278.12,2025-08-29 09:55:08+00:00
345,970,2,3,1882.93,2024-10-07 18:02:56+00:00
346,120,30,2,120.25,2025-10-24 05:51:53+00:00
347,1689,6,8,148.81,2024-04-26 02:01:51+00:00
348,30,48,7,1364.85,2025-03-04 05:44:04+00:00
349,1964,34,2,1045.59,2024-10-24 00:57:11+00:00
350,1881,25,6,607.71,2025-01-08 21:41:10+00:00
351,665,13,8,277.26,2025-01-06 13:21:54+00:00
352,716,41,6,215.88,2025-07-02 14:04:09+00:00
353,1873,35,7,1027.68,2024-08-19 12:58:43+00:00
354,1673,42,5,1458.71,2025-12-13 14:32:56+00:00
355,103,20,10,677.34,2024-05-22 12:46:14+00:00
356,1109,29,9,932.64,2024-01-25 18:40:39+00:00
357,415,24,3,986.27,2025-12-11 21:06:09+00:00
358,1325,36,4,28.28,2025-05-29 19:12:02+00:00
359,1836,41,2,439.27,2025-11-28 20:57:28+00:00
360,691,38,10,928.88,2024-06-19 02:07:44+00:00
361,260,8,9,1151.45,2024-09-29 23:08:25+00:00
362,1241,30,10,829.43,2024-11-27 13:34:10+00:00
363,1037,36,4,92.96,2024-12-30 14:43:46+00:00
364,177,45,3,579.11,2025-02-18 00:08:19+00:00
365,1017,48,6,1106.67,2025-01-04 08:42:49+00:00
366,497,3,10,1964.88,2024-01-28 05:47:47+00:00
367,1364,19,7,769.18,2025-08-01 14:31:23+00:00
368,1464,41,7,1755.07,2025-01-30 18:03:32+00:00
369,1241,42,1,701.51,2024-08-16 17:11:56+00:00
370,1404,41,4,1985.15,2025-11-12 02:44:35+00:00
371,914,19,9,188.41,2024-10-18 02:57:48+00:00
372,1730,41,1,1933.68,2024-02-14 05:29:04+00:00
373,1119,22,1,1492.76,2024-03-13 04:25:20+00:00
374,117,43,3,85.05,2025-05-21 11:56:00+00:00
375,659,39,5,1103.94,2025-03-13 18:43:29+00:00
376,1038,6,3,778.15,2025-03-13 00:45:14+00:00
377,900,46,7,1121.91,2025-07-03 19:28:56+00:00
378,418,1,5,1649.32,2024-03-10 14:20:55+00:00
379,253,28,2,1067.58,2024-11-11 01:29:30+00:00
380,1136,7,3,1140.61,2025-10-03 13:31:47+00:00
381,672,27,1,1272.33,2024-03-30 10:52:49+00:00
382,1445,22,6,1232.2,2024-12-03 17:23:10+00:00
383,1453,15,9,268.57,2025-05-15 11:38:42+00:00
384,1036,26,1,651.51,2025-03-11 13:15:40+00:00
385,1454,31,10,802.34,2025-12-04 18:42:21+00:00
386,482,5,2,1266.26,2024-08-16 04:37:02+00:00
387,1949,24,10,593.8,2024-02-11 05:49:19+00:00
388,1573,13,5,632.93,2025-01-26 03:03:00+00:00
389,1800,18,6,432.68,2025-08-06 00:25:55+00:00
390,123,34,3,47.97,2024-04-12 20:20:55+00:00
391,1959,44,4,1428.51,2024-05-01 13:58:09+00:00
392,1654,39,4,1705.96,2024-10-25 13:44:43+00:00
393,1123,30,2,1954.38,2025-08-22 05:09:04+00:00
394,1884,39,9,1625.04,2025-02-05 10:18:36+00:00
395,1073,4,8,499.93,2025-02-28 00:57:54+00:00
396,692,28,7,705.54,2025-04-06 04:24:38+00:00
397,591,26,2,1582.78,2025-04-20 13:07:04+00:00
398,50,49,5,1534.0,2025-03-09 06:58:46+00:00
399,1488,22,6,755.49,2025-01-12 22:51:08+00:00
400,970,36,5,626.43,2024-10-03 19:02:21+00:00
401,1083,10,4,1725.78,2025-12-17 03:47:12+00:00
402,697,40,8,247.18,2025-01-05 19:21:08+00:00
403,455,24,5,151.7,2025-11-02 11:43:14+00:00
404,1861,2,6,1140.81,2025-12-18 08:09:45+00:00
405,454,32,10,499.97,2024-06-11 11:00:09+00:00
406,803,20,8,637.55,2025-01-24 12:13:50+00:00
407,1945,40,8,60.85,2024-05-12 04:51:17+00:00
408,1259,36,6,673.27,2024-02-13 04:56:56+00:00
409,1584,16,3,1685.01,2025-06-01 04:42:38+00:00
410,528,16,2,1142.86,2025-09-27 04:54:14+00:00
411,1404,43,10,553.68,2025-04-09 08:33:25+00:00
412,1212,31,9,315.5,2024-09-05 17:00:33+00:00
413,402,22,1,535.42,2024-05-11 17:28:30+00:00
414,1479,11,1,313.94,2024-04-16 12:37:30+00:00
415,775,23,4,1171.99,2025-06-26 23:47:18+00:00
416,1039,16,9,1849.62,2025-08-02 15:54:46+00:00
417,614,46,9,600.04,2025-11-14 16:24:39+00:00
418,301,35,9,1235.51,2025-09-10 03:13:28+00:00
419,1871,29,3,928.81,2025-06-05 21:08:30+00:00
420,1792,48,5,376.75,2026-01-01 06:59:52+00:00
421,274,45,3,170.05,2024-12-29 23:05:20+00:00
422,319,31,1,644.4,2024-04-20 03:23:10+00:00
423,1267,28,4,205.62,2024-09-10 09:18:03+00:00
424,1475,23,10,1119.4,2025-11-16 04:04:46+00:00
425,1137,47,6,907.59,2025-08-25 18:27:22+00:00
426,997,31,5,194.45,2024-12-14 02:08:51+00:00
427,894,33,5,1569.04,2025-07-20 08:14:44+00:00
428,1842,2,4,1179.17,2024-07-24 15:11:05+00:00
429,794,44,7,1750.55,2024-06-29 04:22:14+00:00
430,1450,22,8,1051.88,2025-10-24 10:56:22+00:00
431,1011,35,4,170.23,2024-05-24 10:26:39+00:00
432,971,39,3,1183.68,2025-11-05 02:26:18+00:00
433,822,18,2,1650.92,2025-02-19 00:49:59+00:00
434,1673,23,5,102.85,2025-11-27 23:01:54+00:00
435,1580,31,6,847.66,2024-10-13 09:56:39+00:00
436,542,41,10,804.63,2025-11-06 03:45:13+00:00
437,1182,42,8,187.14,2025-08-22 08:10:30+00:00
438,1426,45,10,1159.32,2025-07-21 08:16:37+00:00
439,1297,26,9,470.93,2025-06-25 16:28:58+00:00
440,147,40,10,1810.12,2024-08-10 20:22:57+00:00
441,756,27,3,1293.02,2024-08-05 17:58:44+00:00
442,260,43,1,1384.17,2025-06-25 06:52:50+00:00
443,992,11,1,753.69,2024-11-28 17:09:11+00:00
444,1992,27,4,965.11,2025-09-10 20:18:59+00:00
445,1836,25,5,349.86,2024-06-13 15:22:30+00:00
446,621,39,2,992.86,2024-09-03 06:24:49+00:00
447,993,18,2,1409.27,2025-02-18 16:53:28+00:00
448,1719,45,3,855.38,2025-11-22 10:38:53+00:00
449,424,19,10,1319.7,2025-02-17 16:59:25+00:00
450,143,40,1,582.99,2025-06-28 23:42:18+00:00
451,1615,28,3,558.73,2025-12-22 02:14:27+00:00
452,226,45,3,535.88,2025-08-03 22:41:27+00:00
453,881,15,2,838.98,2024-09-08 04:44:21+00:00
454,1801,3,2,1065.67,2025-01-22 01:37:55+00:00
455,1214,31,5,1479.59,2025-04-21 00:02:38+00:00
456,39,12,9,142.01,2025-02-03 14:50:31+00:00
457,405,15,3,1863.91,2024-02-16 01:01:35+00:00
458,571,41,6,724.33,2024-03-15 18:22:20+00:00
459,567,6,6,874.79,2024-02-20 09:05:14+00:00
460,589,22,8,943.78,2025-04-30 12:14:59+00:00
461,956,8,1,625.64,2025-01-27 07:54:42+00:00
462,451,21,2,897.43,2024-03-23 15:19:11+00:00
463,380,26,9,1455.41,2025-06-30 14:00:09+00:00
464,717,7,6,1268.46,2025-02-18 03:53:50+00:00
465,1371,21,7,1224.28,2024-11-19 20:33:21+00:00
466,69,10,4,1441.39,2025-03-08 09:03:53+00:00
467,261,37,3,974.56,2025-06-13 16:06:20+00:00
468,986,22,4,917.81,2025-06-10 18:06:23+00:00
469,689,29,9,1440.95,2024-11-01 18:31:23+00:00
470,1541,9,4,68.51,2025-03-17 10:13:33+00:00
471,1551,14,2,137.6,2024-01-30 15:53:10+00:00
472,1035,47,7,1818.54,2025-04-23 20:01:00+00:00
473,1788,7,10,1461.13,2024-10-07 05:33:57+00:00
474,368,36,9,766.79,2024-02-14 11:31:44+00:00
475,970,4,6,163.63,2024-05-18 14:03:22+00:00
476,1227,6,7,340.68,2025-08-26 14:29:50+00:00
477,1562,33,1,884.56,2024-03-31 22:57:43+00:00
478,1172,1,8,456.85,2025-04-29 00:56:12+00:00
479,389,26,9,1577.57,2025-12-26 22:34:39+00:00
480,1684,37,8,569.99,2024-02-17 01:44:23+00:00
481,1419,30,7,1909.1,2025-11-19 05:06:39+00:00
482,1941,21,3,444.39,2025-09-07 04:07:13+00:00
483,1771,31,2,1268.41,2025-10-31 09:49:52+00:00
484,1341,50,5,849.14,2024-12-15 12:26:11+00:00
485,902,31,4,1543.05,2025-09-09 05:02:53+00:00
486,1351,23,2,833.82,2024-07-06 05:49:52+00:00
487,1005,42,2,1622.81,2025-02-15 03:56:40+00:00
488,1689,40,3,995.42,2024-09-22 02:46:33+00:00
489,851,46,4,1621.55,2024-12-05 03:26:43+00:00
490,1751,14,5,650.36,2024-11-06 01:09:25+00:00
491,1120,50,1,865.19,2025-12-17 06:07:25+00:00
492,764,50,2,1109.01,2025-02-08 23:39:50+00:00
493,245,49,8,300.44,2025-01-10 21:44:10+00:00
494,1539,24,10,980.32,2025-06-18 12:00:42+00:00
495,182,7,9,1933.18,2025-03-03 00:08:55+00:00
496,1992,20,4,1753.48,2025-04-14 14:39:24+00:00
497,1102,48,9,1926.32,2024-06-01 19:18:37+00:00
498,1218,42,7,1886.16,2025-08-07 05:27:44+00:00
499,1288,17,7,1089.89,2025-06-19 22:52:15+00:00
500,520,50,8,327.94,2025-03-30 08:23:41+00:00
501,115,20,3,404.67,2025-08-30 19:46:41+00:00
502,223,14,10,1168.71,2024-10-13 15:40:19+00:00
503,1157,41,7,1867.1,2024-09-23 12:20:36+00:00
504,1722,6,8,957.23,2024-10-11 02:13:53+00:00
505,185,39,1,1490.66,2025-10-20 20:42:49+00:00
506,1359,22,8,145.35,2025-12-01 07:40:06+00:00
507,422,17,9,1469.11,2025-12-04 13:30:06+00:00
508,189,29,10,1913.97,2025-01-28 05:08:32+00:00
509,111,5,2,632.99,2024-11-08 11:21:18+00:00
510,1925,32,5,1778.51,2025-06-19 23:36:54+00:00
511,953,3,7,1234.87,2025-11-10 00:27:03+00:00
512,1846,2,5,1885.39,2024-02-14 10:08:55+00:00
513,268,13,5,1199.64,2024-11-03 11:26:05+00:00
514,296,3,9,837.51,2024-01-19 23:00:11+00:00
515,999,13,4,283.87,2024-04-11 15:53:50+00:00
516,159,35,5,1137.56,2025-03-27 23:55:47+00:00
517,832,5,5,1206.47,2025-07-28 18:36:15+00:00
518,1442,38,1,383.7,2024-06-09 23:21:29+00:00
519,896,35,1,1541.73,2025-10-03 11:40:45+00:00
520,1675,31,6,933.28,2025-04-08 05:46:44+00:00
521,1799,35,4,1463.23,2024-12-22 19:42:12+00:00
522,1035,17,2,435.18,2025-06-19 08:08:50+00:00
523,1331,45,1,677.09,2025-06-19 06:25:43+00:00
524,1672,23,6,1289.1,2024-02-13 08:21:39+00:00
525,1860,40,3,1970.86,2024-01-27 11:30:59+00:00
526,919,7,3,244.2,2024-04-30 06:01:03+00:00
527,705,38,5,1259.01,2025-09-14 12:27:21+00:00
528,1248,30,7,355.48,2024-01-11 08:46:36+00:00
529,1475,50,5,157.02,2025-05-06 05:22:49+00:00
530,1762,32,4,880.86,2025-01-08 01:18:28+00:00
531,1294,31,10,1848.15,2025-07-10 02:10:27+00:00
532,980,36,6,1675.06,2026-01-02 06:18:33+00:00
533,991,40,1,701.77,2025-09-21 11:32:41+00:00
534,1710,19,6,1612.48,2024-04-19 10:41:19+00:00
535,237,44,10,86.33,2025-08-18 03:40:00+00:00
536,136,42,7,1036.07,2025-05-06 11:26:47+00:00
537,1402,1,2,605.02,2025-05-22 00:01:15+00:00
538,48,27,7,211.66,2025-09-05 06:30:47+00:00
539,40,6,10,1979.37,2024-01-27 06:00:42+00:00
540,330,2,2,1133.59,2024-06-20 21:42:14+00:00
541,266,4,7,1981.52,2025-09-02 10:11:25+00:00
542,1734,24,5,217.0,2025-11-30 20:38:13+00:00
543,299,39,5,1072.86,2025-11-28 01:25:39+00:00
544,1207,39,1,357.55,2024-10-08 21:00:13+00:00
545,963,34,4,379.37,2025-04-09 21:47:29+00:00
546,297,18,2,1073.75,2024-11-18 11:18:29+00:00
547,1807,36,3,1787.82,2024-01-18 18:40:40+00:00
548,1257,42,8,1807.74,2024-02-17 02:48:38+00:00
549,531,24,6,765.55,2025-03-29 18:40:07+00:00
550,1533,18,6,1916.11,2025-09-30 03:15:44+00:00
551,1527,5,10,1991.3,2025-01-14 04:26:32+00:00
552,635,35,5,289.31,2024-10-21 07:55:27+00:00
553,379,21,8,1064.09,2025-12-18 09:08:45+00:00
554,1170,7,7,1237.16,2024-10-10 08:30:23+00:00
555,510,5,2,278.21,2024-07-06 14:26:21+00:00
556,1701,34,2,810.55,2024-04-22 09:54:43+00:00
557,282,42,9,818.04,2025-01-23 03:21:11+00:00
558,507,40,6,492.96,2025-06-27 21:53:47+00:00
559,177,2,6,1326.74,2024-05-11 12:17:04+00:00
560,288,6,7,766.14,2025-02-22 01:49:47+00:00
561,1001,37,1,1000.52,2025-11-22 18:44:09+00:00
562,1700,8,10,1132.07,2025-05-20 07:54:28+00:00
563,1631,2,6,1076.35,2024-02-29 14:15:00+00:00
564,1473,22,2,1654.1,2024-02-15 22:56:23+00:00
565,1529,39,9,1948.5,2025-11-15 07:50:05+00:00
566,502,17,1,1197.47,2024-05-27 12:56:21+00:00
567,1906,18,5,910.77,2024-10-19 04:06:38+00:00
568,217,45,9,520.62,2024-09-02 03:54:02+00:00
569,1557,16,10,631.28,2024-03-24 20:20:57+00:00
570,1449,7,7,1268.94,2024-06-02 18:46:08+00:00
571,1368,38,6,899.33,2024-07-01 14:39:55+00:00
572,1633,2,6,1071.55,2024-09-01 06:00:43+00:00
573,1231,30,3,1962.19,2025-06-01 21:10:13+00:00
574,159,3,9,73.87,2024-11-10 01:42:01+00:00
575,1769,47,8,598.59,2024-02-25 15:22:33+00:00
576,1037,50,5,1988.81,2025-09-05 14:07:57+00:00
577,1768,40,8,57.86,2024-10-26 08:20:27+00:00
578,967,19,5,1393.79,2024-09-03 15:54:23+00:00
579,1344,10,9,30.6,2024-06-22 13:22:23+00:00
580,1530,35,4,390.89,2024-03-04 01:12:56+00:00
581,778,12,8,1052.74,2024-03-28 14:34:57+00:00
582,196,33,3,64.12,2024-02-24 03:53:09+00:00
583,1649,8,1,1168.73,2025-03-31 17:40:49+00:00
584,1967,39,5,387.55,2025-11-04 01:42:32+00:00
585,1422,2,8,1970.18,2024-01-24 14:25:15+00:00
586,1755,30,5,907.19,2024-11-28 23:54:26+00:00
587,1268,23,8,1658.75,2025-09-03 09:21:21+00:00
588,1653,8,10,1763.09,2024-06-30 21:55:57+00:00
589,1030,14,3,1968.56,2024-09-11 22:41:15+00:00
590,518,37,6,911.89,2024-03-14 20:26:33+00:00
591,1146,26,10,89.21,2024-01-11 13:32:39+00:00
592,1932,23,5,611.15,2025-02-01 11:50:35+00:00
593,1109,31,10,545.8,2024-04-12 11:36:17+00:00
594,966,9,5,1046.9,2024-01-11 14:25:54+00:00
595,1412,20,5,154.95,2024-11-13 03:00:56+00:00
596,1958,19,8,90.21,2025-07-24 04:31:04+00:00
597,662,30,5,1359.97,2025-05-20 14:27:51+00:00
598,1235,17,6,1369.63,2025-12-24 22:39:52+00:00
599,985,41,8,1790.91,2025-01-11 02:10:31+00:00
600,724,5,1,1295.67,2024-05-11 09:06:12+00:00
601,1903,44,7,807.03,2024-11-23 17:50:02+00:00
602,465,9,6,544.71,2024-01-22 17:25:35+00:00
603,1949,45,8,1671.99,2025-01-08 11:58:55+00:00
604,329,22,1,1235.41,2024-02-27 23:07:43+00:00
605,1752,13,10,1466.57,2024-10-27 21:37:34+00:00
606,1662,9,7,90.46,2024-08-08 00:14:06+00:00
607,136,4,10,1579.74,2024-02-25 18:13:42+00:00
608,1516,14,9,1106.95,2024-02-15 17:17:45+00:00
609,1978,43,3,1741.46,2025-01-24 20:16:09+00:00
610,1818,17,4,1946.55,2024-01-14 17:36:13+00:00
611,524,6,4,1595.92,2025-06-12 17:51:34+00:00
612,1996,40,3,1129.2,2025-12-14 12:56:37+00:00
613,510,24,7,1153.06,2025-12-26 13:32:31+00:00
614,378,7,9,894.16,2024-08-22 23:04:34+00:00
615,1519,11,9,243.04,2024-11-10 15:01:37+00:00
616,1558,12,8,1716.41,2025-05-26 20:08:57+00:00
617,1470,13,10,254.47,2025-02-09 12:18:43+00:00
618,1217,6,7,869.49,2025-06-02 01:28:50+00:00
619,418,36,10,646.16,2025-02-25 06:30:07+00:00
620,313,19,5,412.88,2025-05-21 16:47:18+00:00
621,1983,25,3,1826.6,2024-06-14 19:58:59+00:00
622,21,24,2,120.58,2024-12-04 13:48:04+00:00
623,871,25,10,874.29,2025-04-30 16:46:52+00:00
624,538,45,2,149.45,2024-12-27 15:50:42+00:00
625,1749,18,2,597.88,2025-02-28 22:43:48+00:00
626,47,48,7,442.7,2025-03-16 09:13:33+00:00
627,517,7,8,811.75,2025-09-13 16:59:46+00:00
628,573,47,8,1772.25,2025-12-03 21:46:33+00:00
629,1252,26,3,154.59,2025-12-15 23:31:10+00:00
630,1185,25,8,651.04,2025-10-15 16:24:47+00:00
631,1939,8,1,918.18,2025-04-20 00:52:24+00:00
632,1685,20,4,1110.7,2024-12-25 01:01:26+00:00
633,1298,16,8,1005.84,2024-11-09 19:35:33+00:00
634,772,28,8,962.27,2025-03-01 14:18:42+00:00
635,307,28,10,1689.08,2024-06-26 15:42:13+00:00
636,1941,33,10,958.78,2025-10-20 19:44:19+00:00
637,1734,14,7,1150.19,2024-01-13 02:19:57+00:00
638,1311,36,1,64.59,2025-02-24 23:41:58+00:00
639,105,14,1,1999.25,2025-09-09 14:18:18+00:00
640,1441,9,1,883.17,2025-06-15 16:44:00+00:00
641,347,34,5,1747.98,2024-01-23 18:24:45+00:00
642,1035,19,10,324.58,2025-09-20 19:29:55+00:00
643,776,44,5,645.33,2025-07-06 06:01:03+00:00
644,1984,42,9,148.21,2025-03-11 13:25:23+00:00
645,60,21,7,1148.27,2024-12-28 13:13:47+00:00
646,1615,36,6,849.37,2025-08-07 15:25:26+00:00
647,1809,6,6,605.68,2024-06-09 22:59:14+00:00
648,387,26,5,359.6,2024-05-18 09:37:48+00:00
649,1329,24,2,906.67,2024-07-27 04:01:41+00:00
650,1092,2,3,580.56,2024-07-08 16:19:26+00:00
651,1950,43,2,1061.46,2024-09-21 16:58:46+00:00
652,580,2,8,667.54,2025-02-17 16:39:39+00:00
653,1696,16,8,87.72,2025-04-26 17:57:51+00:00
654,633,26,7,352.5,2025-08-13 10:40:14+00:00
655,1222,12,9,1930.65,2024-03-17 12:56:13+00:00
656,79,1,5,1384.99,2026-01-01 11:58:20+00:00
657,1189,20,4,1660.78,2025-10-29 21:14:11+00:00
658,1390,27,4,485.07,2024-08-10 02:51:58+00:00
659,672,8,7,1006.16,2024-08-01 08:30:35+00:00
660,196,30,5,412.52,2024-11-14 21:56:16+00:00
661,1255,13,3,1557.5,2025-04-08 15:14:01+00:00
662,1709,46,1,870.36,2025-04-27 01:47:53+00:00
663,1582,31,4,1435.35,2024-10-20 09:59:07+00:00
664,974,38,6,1127.48,2025-06-17 16:29:30+00:00
665,57,8,3,1546.58,2025-09-16 22:15:39+00:00
666,139,23,8,327.81,2024-02-17 08:48:30+00:00
667,845,8,10,114.92,2024-10-03 11:58:29+00:00
668,1576,28,4,82.18,2025-07-18 17:59:28+00:00
669,148,24,5,53.85,2024-04-09 03:57:00+00:00
670,1103,4,6,1838.53,2024-05-29 02:10:40+00:00
671,560,48,8,1809.97,2025-08-26 01:51:26+00:00
672,156,3,7,1047.33,2024-11-02 21:06:20+00:00
673,12,46,5,234.64,2024-12-29 23:21:22+00:00
674,20,5,7,1849.29,2024-02-25 23:22:12+00:00
675,1104,39,1,1142.44,2024-10-31 22:15:08+00:00
676,1481,22,5,1233.99,2024-06-11 13:34:20+00:00
677,1013,32,6,1194.24,2024-07-13 17:20:49+00:00
678,2000,26,9,1639.58,2025-08-21 21:59:50+00:00
679,1707,40,6,1351.17,2024-07-10 12:04:30+00:00
680,699,36,8,1486.2,2024-11-22 21:00:12+00:00
681,910,34,5,313.94,2025-03-28 23:14:40+00:00
682,1697,49,10,409.55,2025-03-17 04:20:55+00:00
683,455,10,3,679.38,2024-06-26 12:25:33+00:00
684,456,13,9,600.73,2024-05-20 22:33:29+00:00
685,1937,46,5,1416.38,2025-04-05 03:20:42+00:00
686,1031,21,1,1903.92,2025-12-20 05:25:36+00:00
687,30,8,10,1067.3,2025-10-02 16:41:45+00:00
688,478,1,8,126.45,2024-12-23 16:02:52+00:00
689,1995,33,7,1980.28,2025-07-20 09:57:50+00:00
690,1701,47,4,407.24,2024-07-02 01:06:12+00:00
691,135,43,10,1563.94,2025-04-13 07:44:22+00:00
692,703,45,2,1830.88,2025-01-10 00:46:40+00:00
693,1870,8,3,143.25,2025-11-21 09:04:38+00:00
694,625,42,6,1473.05,2024-12-02 20:10:12+00:00
695,897,13,4,1988.25,2025-05-25 11:06:12+00:00
696,354,7,9,164.71,2025-04-29 04:52:13+00:00
697,1223,1,7,1570.5,2024-09-27 15:20:18+00:00
698,1799,38,10,1872.6,2025-11-11 09:10:53+00:00
699,185,6,4,1157.35,2024-05-12 14:34:09+00:00
700,1457,41,9,1714.13,2024-01-25 14:36:34+00:00
701,946,14,1,593.72,2025-04-01 22:14:57+00:00
702,475,46,6,213.06,2024-10-27 22:59:58+00:00
703,1142,17,5,1959.56,2024-09-14 11:43:02+00:00
704,1316,25,6,362.63,2024-03-31 05:58:18+00:00
705,912,12,8,1967.81,2024-01-22 23:43:58+00:00
706,578,32,6,1956.33,2025-12-28 19:04:05+00:00
707,670,6,1,747.83,2025-05-13 18:39:02+00:00
708,1997,16,1,1191.48,2024-06-11 17:54:17+00:00
709,218,22,3,572.63,2025-03-17 21:28:57+00:00
710,1314,11,4,1566.0,2025-01-06 15:20:03+00:00
711,1476,39,4,89.58,2024-11-14 05:34:05+00:00
712,476,39,3,151.64,2025-03-17 13:46:22+00:00
713,1219,13,6,1185.76,2024-04-09 03:45:50+00:00
714,447,12,4,1407.56,2025-07-16 09:13:23+00:00
715,871,1,7,1358.3,2024-04-17 16:38:28+00:00
716,32,33,10,1609.66,2025-07-04 17:33:29+00:00
717,94,7,1,1847.97,2024-03-06 18:45:45+00:00
718,317,42,2,1702.41,2024-01-13 01:47:52+00:00
719,718,35,8,1688.54,2024-12-20 08:47:31+00:00
720,1878,38,2,98.79,2024-02-22 01:15:17+00:00
721,250,48,7,1386.74,2024-12-24 01:27:09+00:00
722,1656,31,8,1183.1,2025-04-04 21:09:55+00:00
723,949,4,2,843.68,2025-03-15 09:37:01+00:00
724,979,17,2,1228.55,2025-07-18 08:08:15+00:00
725,823,6,7,1748.07,2024-04-05 01:52:43+00:00
726,1088,35,1,1959.45,2025-11-29 20:15:30+00:00
727,1557,43,5,419.11,2024-01-20 20:57:37+00:00
728,1364,27,7,1903.06,2025-12-18 08:20:30+00:00
729,1547,42,8,1165.85,2024-08-31 19:59:41+00:00
730,1034,17,9,1012.19,2024-12-01 01:00:57+00:00
731,793,30,8,1017.1,2024-03-03 17:41:54+00:00
732,171,32,1,1575.4,2024-03-24 12:20:44+00:00
733,1923,36,3,1894.0,2024-11-04 14:40:08+00:00
734,844,18,2,1654.12,2025-12-29 20:26:15+00:00
735,982,38,8,1027.4,2025-08-10 20:55:49+00:00
736,978,42,1,1135.63,2025-09-04 04:37:53+00:00
737,1387,16,8,1248.33,2024-04-23 07:56:43+00:00
738,107,16,5,1087.49,2024-04-09 03:39:11+00:00
739,1879,39,3,601.08,2025-03-03 08:45:46+00:00
740,926,49,6,1245.46,2025-07-05 06:49:39+00:00
741,1523,9,1,1443.9,2025-04-01 07:01:49+00:00
742,1023,32,8,1338.38,2024-05-28 16:49:02+00:00
743,33,15,3,542.52,2024-07-21 10:01:01+00:00
744,1373,21,10,227.42,2024-03-25 05:42:06+00:00
745,1084,5,1,1339.94,2024-12-11 04:34:26+00:00
746,1372,42,5,918.6,2025-12-29 05:35:51+00:00
747,1500,17,10,82.07,2024-01-21 16:42:09+00:00
748,1987,3,3,224.66,2025-04-02 08:39:08+00:00
749,325,34,7,1261.25,2025-09-02 07:57:06+00:00
750,1025,46,5,436.55,2025-02-03 00:41:19+00:00
751,1829,3,10,991.24,2025-05-22 04:01:24+00:00
752,811,34,7,1795.71,2025-03-26 10:14:12+00:00
753,1561,17,3,1783.23,2025-11-05 07:17:08+00:00
754,1504,40,4,984.9,2024-06-13 05:18:46+00:00
755,1606,25,7,790.52,2025-11-28 20:06:40+00:00
756,737,9,1,1243.15,2024-09-06 21:53:39+00:00
757,1849,2,8,1057.0,2024-12-04 11:17:40+00:00
758,513,7,8,520.66,2025-05-31 08:01:25+00:00
759,478,27,10,35.75,2024-09-04 09:15:07+00:00
760,394,24,9,31.9,2025-06-20 22:26:39+00:00
761,1831,14,4,1259.43,2024-09-01 06:09:16+00:00
762,1322,22,4,573.14,2025-08-18 16:52:07+00:00
763,80,50,9,418.98,2025-08-26 22:30:51+00:00
764,869,44,5,1371.61,2025-08-08 02:49:23+00:00
765,606,16,8,224.43,2024-10-17 13:18:49+00:00
766,408,2,1,1351.76,2024-07-08 02:26:16+00:00
767,901,12,6,1512.88,2025-03-08 00:13:09+00:00
768,1677,20,1,739.63,2024-12-09 22:46:05+00:00
769,730,19,1,1148.16,2025-11-22 03:40:40+00:00
770,1967,8,5,1615.33,2025-02-21 04:39:57+00:00
771,1170,27,8,46.7,2025-11-21 13:42:51+00:00
772,1765,46,6,185.43,2025-04-15 08:12:51+00:00
773,1349,47,2,1757.88,2024-02-10 18:11:45+00:00
774,1888,31,4,1249.03,2025-08-20 09:32:17+00:00
775,337,21,6,74.61,2024-02-12 15:15:32+00:00
776,86,4,2,1863.7,2024-09-13 22:54:48+00:00
777,1509,12,9,838.41,2024-03-31 21:06:21+00:00
778,1356,37,6,1968.63,2025-12-29 02:55:09+00:00
779,1543,41,1,880.87,2024-11-05 18:20:32+00:00
780,1486,44,5,745.8,2025-09-04 04:41:48+00:00
781,1342,25,10,1884.43,2024-06-13 15:03:02+00:00
782,344,29,4,36.59,2025-06-10 12:19:47+00:00
783,597,14,8,739.3,2025-05-06 05:56:11+00:00
784,1122,29,10,372.86,2025-05-11 07:16:02+00:00
785,475,5,3,1586.62,2024-05-13 00:12:11+00:00
786,507,42,5,1314.44,2024-06-25 16:25:20+00:00
787,1683,10,6,1895.0,2024-07-26 00:42:41+00:00
788,985,40,5,1898.59,2024-02-14 18:54:32+00:00
789,870,33,8,240.12,2024-03-18 23:16:14+00:00
790,405,6,9,1866.58,2024-01-19 00:24:18+00:00
791,1229,36,3,1718.93,2025-03-19 06:10:39+00:00
792,1329,49,7,353.76,2024-06-16 10:41:12+00:00
793,760,32,7,937.49,2024-02-10 12:40:06+00:00
794,254,1,5,186.96,2024-09-11 22:33:39+00:00
795,1109,5,9,1057.14,2025-04-10 02:41:56+00:00
796,609,19,5,1571.88,2025-08-28 01:53:02+00:00
797,1996,42,2,137.26,2024-10-13 10:48:46+00:00
798,1250,37,5,1683.05,2025-02-09 04:13:44+00:00
799,1766,35,9,1328.63,2024-03-09 12:43:20+00:00
800,429,45,7,1431.84,2024-11-16 14:18:22+00:00
801,117,50,5,1009.73,2025-02-23 16:21:38+00:00
802,1386,3,6,557.43,2024-11-05 03:59:45+00:00
803,1839,34,7,1319.7,2025-03-19 18:33:30+00:00
804,345,24,7,1144.84,2024-06-19 23:27:10+00:00
805,1408,29,10,1051.17,2025-08-14 20:47:35+00:00
806,1935,45,8,1417.07,2025-11-20 08:41:13+00:00
807,522,10,8,1785.65,2024-04-23 22:37:02+00:00
808,1632,42,2,1049.93,2024-04-06 10:10:08+00:00
809,407,3,6,1679.32,2024-05-25 07:43:33+00:00
810,728,3,6,151.35,2024-01-26 22:44:11+00:00
811,1776,38,6,930.26,2024-03-12 00:44:33+00:00
812,1054,16,5,518.5,2024-01-15 22:27:47+00:00
813,183,14,4,1285.13,2024-01-23 10:17:23+00:00
814,1412,14,7,588.65,2024-07-03 23:09:07+00:00
815,516,33,1,1499.56,2025-06-06 20:48:11+00:00
816,579,26,8,618.79,2024-07-14 14:13:03+00:00
817,777,44,5,1522.26,2025-12-23 08:52:31+00:00
818,451,46,1,584.16,2024-06-04 23:38:04+00:00
819,272,5,7,1016.78,2025-09-09 09:34:29+00:00
820,1265,13,8,457.72,2025-06-09 09:45:37+00:00
821,64,7,4,585.15,2025-05-27 19:54:11+00:00
822,762,10,7,1175.75,2024-06-08 23:43:14+00:00
823,1644,23,7,694.38,2024-05-15 16:40:51+00:00
824,1493,43,3,1396.56,2024-04-03 19:49:10+00:00
825,1052,50,4,1343.76,2024-11-11 13:49:48+00:00
826,1796,40,6,1579.11,2024-11-27 01:21:56+00:00
827,404,8,5,648.6,2025-06-29 17:29:44+00:00
828,1771,19,3,148.56,2024-06-30 15:23:28+00:00
829,1956,8,8,558.35,2024-06-19 08:51:06+00:00
830,613,44,3,1379.4,2025-05-27 20:54:18+00:00
831,687,40,9,305.46,2025-10-11 00:53:26+00:00
832,673,45,5,1677.01,2025-07-21 03:57:59+00:00
833,1528,17,4,665.95,2024-08-11 01:00:43+00:00
834,646,10,5,642.74,2025-06-16 06:13:16+00:00
835,717,47,4,289.77,2024-05-25 05:10:21+00:00
836,1114,26,1,1915.93,2024-01-30 12:32:17+00:00
837,491,25,6,1548.77,2024-06-14 13:27:55+00:00
838,1596,23,9,1643.86,2025-02-13 04:08:41+00:00
839,90,7,4,542.92,2025-07-23 19:54:46+00:00
840,671,30,8,287.66,2024-05-07 04:01:27+00:00
841,340,37,9,1889.94,2024-07-07 20:36:37+00:00
842,340,10,3,1171.31,2025-06-06 12:16:48+00:00
843,988,48,9,1850.07,2025-01-07 00:33:50+00:00
844,906,6,8,1039.03,2024-12-27 19:33:53+00:00
845,1424,21,9,1056.49,2025-01-28 05:09:49+00:00
846,1694,22,7,1595.44,2024-01-27 03:25:02+00:00
847,1972,25,4,893.49,2025-05-06 05:40:15+00:00
848,1881,2,10,196.42,2026-01-05 04:02:05+00:00
849,381,5,3,1343.13,2025-02-05 18:04:39+00:00
850,877,43,3,883.46,2025-04-21 05:51:40+00:00
851,471,25,1,1550.64,2024-11-13 00:53:01+00:00
852,466,31,4,940.12,2025-09-12 15:20:04+00:00
853,877,33,9,1653.32,2024-03-25 15:48:59+00:00
854,571,5,7,455.01,2025-11-18 14:17:15+00:00
855,306,38,10,1955.01,2025-02-09 06:30:02+00:00
856,1212,20,6,230.51,2024-11-21 13:12:04+00:00
857,1909,8,2,1354.39,2024-09-25 23:58:30+00:00
858,1161,17,4,1537.38,2025-08-04 17:05:08+00:00
859,782,39,6,929.62,2025-04-15 00:50:40+00:00
860,675,24,7,194.06,2024-08-31 22:43:39+00:00
861,120,42,9,765.27,2025-08-15 00:48:29+00:00
862,1160,6,6,1065.55,2025-12-14 21:55:35+00:00
863,1482,40,4,1908.89,2024-09-26 14:05:21+00:00
864,1311,28,9,1582.93,2025-08-01 22:12:46+00:00
865,390,39,5,1268.73,2025-05-12 12:03:26+00:00
866,1959,6,9,629.4,2024-12-10 15:25:05+00:00
867,1770,29,1,1119.66,2026-01-08 09:33:31+00:00
868,1188,5,2,1380.61,2025-02-14 08:55:52+00:00
869,1438,14,10,230.72,2025-04-28 18:34:56+00:00
870,1627,40,10,1201.3,2024-08-13 17:42:04+00:00
871,696,32,8,1465.18,2025-07-31 16:36:12+00:00
872,1195,43,2,511.0,2025-04-03 07:29:23+00:00
873,1919,38,6,1751.49,2025-12-11 17:04:01+00:00
874,1640,15,10,95.18,2025-09-10 23:21:38+00:00
875,438,29,1,1238.58,2025-08-19 23:33:43+00:00
876,716,45,4,1989.4,2024-11-28 02:23:32+00:00
877,1850,35,5,1376.89,2024-02-21 20:49:20+00:00
878,502,40,5,220.3,2025-06-20 13:39:47+00:00
879,898,31,7,1688.02,2024-06-01 20:04:31+00:00
880,1895,4,3,475.81,2024-03-22 09:41:58+00:00
881,504,4,2,1209.03,2025-05-21 19:34:21+00:00
882,1764,11,7,1172.64,2025-02-12 18:53:58+00:00
883,1426,13,3,1307.49,2024-12-29 01:29:30+00:00
884,1227,25,2,727.05,2025-03-05 13:51:53+00:00
885,454,29,7,1920.75,2025-08-26 12:55:13+00:00
886,933,15,8,1939.63,2024-03-20 00:45:15+00:00
887,1121,7,8,1386.49,2025-01-31 02:39:59+00:00
888,680,34,8,1621.47,2025-06-24 02:56:26+00:00
889,1190,38,8,1404.79,2024-10-22 03:16:04+00:00
890,622,21,2,1442.97,2025-01-28 03:25:43+00:00
891,1487,27,5,986.43,2025-04-30 05:03:46+00:00
892,98,26,9,970.09,2025-12-27 01:39:47+00:00
893,1584,31,7,952.36,2024-03-21 17:31:38+00:00
894,531,32,10,1649.08,2025-09-11 22:28:17+00:00
895,829,40,9,303.83,2025-06-09 00:37:32+00:00
896,1640,32,7,534.8,2025-04-27 18:57:50+00:00
897,125,22,8,337.54,2025-08-04 21:23:43+00:00
898,1269,22,8,177.66,2025-04-11 10:53:04+00:00
899,1350,26,3,1376.19,2024-05-05 01:25:55+00:00
900,35,42,10,323.87,2024-08-03 19:01:02+00:00
901,576,30,2,23.04,2024-01-15 11:23:40+00:00
902,663,3,6,778.39,2024-05-01 04:50:16+00:00
903,343,45,8,501.52,2024-07-14 02:11:20+00:00
904,345,32,9,1252.93,2024-06-11 03:10:57+00:00
905,1949,46,1,400.28,2024-03-20 06:50:46+00:00
906,1277,48,6,541.19,2024-07-22 23:42:46+00:00
907,569,41,5,991.88,2024-08-30 07:21:02+00:00
908,1686,26,10,1265.95,2025-07-21 04:25:58+00:00
909,132,50,3,1423.69,2025-11-27 06:54:36+00:00
910,224,49,2,176.27,2024-09-03 07:31:54+00:00
911,975,39,4,1173.31,2024-10-07 16:50:35+00:00
912,1522,42,8,715.43,2025-04-12 01:42:35+00:00
913,697,21,5,1469.59,2025-09-09 02:43:20+00:00
914,598,4,7,1331.45,2026-01-02 05:21:52+00:00
915,1047,31,7,507.99,2024-12-17 07:25:00+00:00
916,252,10,1,869.18,2024-08-13 00:02:02+00:00
917,1992,22,10,1792.14,2025-11-23 22:15:39+00:00
918,1226,23,10,1912.23,2024-07-30 09:23:55+00:00
919,1120,10,8,1510.72,2024-01-14 10:58:52+00:00
920,240,7,7,1722.39,2025-10-09 18:26:30+00:00
921,370,50,3,1472.3,2024-04-07 15:56:45+00:00
922,1692,20,5,728.05,2025-01-04 22:44:17+00:00
923,1029,15,5,420.88,2024-08-05 10:25:16+00:00
924,1612,44,1,961.06,2025-12-31 12:26:00+00:00
925,405,49,8,494.05,2025-06-03 21:30:01+00:00
926,211,34,7,446.34,2024-04-10 03:53:10+00:00
927,1621,45,10,1228.82,2024-11-30 22:32:18+00:00
928,398,20,1,1063.7,2024-09-07 10:53:02+00:00
929,1934,16,5,714.57,2025-05-01 05:10:27+00:00
930,492,39,5,109.78,2024-05-11 10:27:15+00:00
931,1460,49,10,1321.77,2025-10-07 15:12:42+00:00
932,1081,50,8,1178.15,2025-05-06 08:49:10+00:00
933,1869,35,7,1328.9,2025-06-12 09:36:09+00:00
934,747,29,2,700.0,2024-01-22 12:44:34+00:00
935,1007,48,10,1565.26,2024-08-31 01:14:09+00:00
936,1960,43,2,1518.82,2025-05-02 08:37:08+00:00
937,1066,50,1,1962.84,2024-09-23 15:19:58+00:00
938,1362,10,8,1800.43,2024-11-05 18:07:14+00:00
939,1345,42,9,997.39,2024-09-29 11:32:36+00:00
940,258,39,9,716.52,2024-09-28 16:37:48+00:00
941,801,4,6,544.35,2025-05-28 19:38:57+00:00
942,868,12,8,346.9,2024-02-05 03:18:19+00:00
943,1774,33,7,429.81,2024-03-14 15:02:58+00:00
944,803,41,3,21.82,2024-04-09 03:17:18+00:00
945,707,7,7,834.01,2025-06-11 08:51:28+00:00
946,1570,44,8,363.94,2024-06-01 15:36:51+00:00
947,1609,10,6,1636.08,2024-02-28 08:29:30+00:00
948,599,20,2,312.7,2024-07-02 03:41:39+00:00
949,393,42,2,1438.4,2025-09-09 02:27:10+00:00
950,259,43,9,1757.4,2024-07-16 22:27:55+00:00
951,171,15,4,1480.34,2025-08-08 01:21:53+00:00
952,1986,29,9,1025.3,2024-09-02 01:40:55+00:00
953,1954,39,6,585.34,2026-01-09 10:56:49+00:00
954,903,50,8,643.25,2024-05-04 01:42:29+00:00
955,984,49,3,33.22,2024-01-25 05:20:40+00:00
956,1633,32,8,319.46,2024-09-28 10:45:15+00:00
957,1712,12,4,780.57,2025-08-16 04:33:51+00:00
958,873,41,5,1789.12,2025-04-02 01:03:20+00:00
959,657,38,4,1285.48,2024-09-28 15:08:25+00:00
960,1177,13,10,1284.83,2024-03-24 19:05:15+00:00
961,1969,4,1,1403.68,2025-07-06 05:12:21+00:00
962,1094,46,7,649.56,2024-11-23 03:41:01+00:00
963,1388,31,4,1658.72,2024-01-19 15:12:39+00:00
964,504,31,1,685.37,2025-03-28 09:16:53+00:00
965,912,29,10,1304.41,2024-11-04 19:37:47+00:00
966,1396,34,2,484.92,2025-05-08 06:58:48+00:00
967,689,12,4,1921.5,2025-04-17 16:33:45+00:00
968,250,21,1,400.63,2025-11-09 10:23:33+00:00
969,1784,27,5,1772.05,2024-12-17 08:13:29+00:00
970,739,15,2,235.54,2024-08-02 23:22:22+00:00
971,1451,38,1,844.85,2025-04-14 21:06:59+00:00
972,1272,22,2,438.77,2024-05-03 20:22:18+00:00
973,788,43,6,1662.41,2025-04-16 11:53:02+00:00
974,1737,41,10,1230.9,2024-12-21 09:19:48+00:00
975,13,5,5,1628.93,2025-11-08 13:51:29+00:00
976,1008,8,1,42.77,2025-09-30 09:46:20+00:00
977,1498,35,3,486.01,2025-06-21 16:08:26+00:00
978,1763,19,4,1718.68,2024-10-01 13:59:19+00:00
979,1982,33,4,1630.45,2025-10-28 08:05:37+00:00
980,1440,34,6,119.85,2024-02-15 09:14:00+00:00
981,1072,3,3,722.37,2025-06-09 01:47:09+00:00
982,1936,8,6,1232.88,2025-06-27 13:39:47+00:00
983,1642,13,7,1125.05,2024-12-29 02:36:00+00:00
984,1193,35,7,1891.49,2024-08-13 07:50:15+00:00
985,575,11,4,1826.64,2025-06-03 04:03:35+00:00
986,456,46,9,1136.85,2024-02-20 03:56:43+00:00
987,576,23,1,1002.33,2024-01-15 13:31:38+00:00
988,408,49,8,587.51,2024-11-24 21:56:30+00:00
989,904,13,4,1152.71,2024-12-24 03:40:45+00:00
990,915,46,3,873.82,2025-05-26 17:27:45+00:00
991,1113,31,7,190.36,2025-03-01 16:50:49+00:00
992,826,12,9,663.81,2025-02-27 14:07:39+00:00
993,278,35,5,291.04,2024-08-27 21:27:37+00:00
994,1451,8,10,707.76,2024-03-19 09:08:42+00:00
995,1140,2,5,200.06,2025-05-20 08:38:27+00:00
996,1581,46,9,1813.02,2025-07-09 10:55:19+00:00
997,1729,14,5,1079.85,2025-03-10 05:34:46+00:00
998,73,4,6,401.59,2024-03-19 18:15:34+00:00
999,250,7,9,1980.17,2025-01-18 20:46:41+00:00
1000,1681,23,7,1552.07,2024-02-16 05:48:07+00:00
1001,522,48,9,1528.64,2025-12-09 22:59:32+00:00
1002,1558,14,10,93.19,2025-04-23 12:05:03+00:00
1003,881,26,10,940.8,2025-04-19 07:37:30+00:00
1004,1759,41,10,1781.64,2024-10-25 00:56:58+00:00
1005,1675,49,7,512.28,2024-08-15 12:55:20+00:00
1006,1648,16,1,234.04,2025-05-03 01:01:47+00:00
1007,919,13,7,752.23,2024-03-28 18:45:07+00:00
1008,1897,4,4,1630.61,2024-01-21 10:28:17+00:00
1009,943,48,8,1497.03,2025-12-23 18:50:43+00:00
1010,477,48,7,119.38,2025-01-20 09:05:57+00:00
1011,489,31,2,887.5,2025-10-13 09:04:50+00:00
1012,58,38,9,355.21,2024-04-28 07:13:07+00:00
1013,1785,26,9,1070.6,2024-06-24 03:06:57+00:00
1014,1111,24,10,1163.35,2024-06-12 13:32:39+00:00
1015,1603,42,5,1514.68,2025-05-03 21:01:54+00:00
1016,1872,30,4,1983.08,2024-12-08 13:04:11+00:00
1017,747,28,10,1493.88,2024-08-05 09:36:09+00:00
1018,188,32,5,1139.56,2024-02-29 08:18:39+00:00
1019,1804,11,2,708.04,2025-09-16 21:04:59+00:00
1020,141,6,10,24.21,2025-11-11 03:44:38+00:00
1021,74,43,8,1027.26,2024-04-27 00:33:27+00:00
1022,559,35,8,655.85,2024-11-22 16:54:22+00:00
1023,1378,49,9,30.81,2024-03-30 06:05:26+00:00
1024,431,39,8,871.59,2025-03-17 15:32:25+00:00
1025,1314,38,4,1346.52,2025-02-27 18:59:39+00:00
1026,1975,37,8,1249.66,2024-07-18 21:09:24+00:00
1027,1949,29,1,163.85,2025-02-07 03:59:58+00:00
1028,752,26,9,608.78,2025-02-24 21:47:32+00:00
1029,1103,28,8,408.91,2025-10-30 06:09:20+00:00
1030,91,23,7,897.06,2025-03-31 05:26:56+00:00
1031,1100,8,6,984.52,2024-12-30 09:44:43+00:00
1032,601,49,2,1116.42,2024-09-28 19:27:23+00:00
1033,183,36,7,683.0,2024-06-13 02:11:47+00:00
1034,876,1,2,1612.08,2025-02-24 06:40:03+00:00
1035,892,16,7,58.72,2025-11-10 09:33:49+00:00
1036,1614,18,5,95.34,2025-03-16 09:30:03+00:00
1037,30,14,1,1106.88,2024-12-22 02:10:25+00:00
1038,224,11,2,1445.13,2025-01-04 18:49:16+00:00
1039,78,31,1,698.72,2024-11-28 00:22:52+00:00
1040,1311,26,6,107.43,2024-07-14 23:04:56+00:00
1041,257,2,1,328.37,2025-04-13 00:14:03+00:00
1042,1712,20,10,1616.53,2024-04-02 22:29:26+00:00
1043,28,31,7,1710.06,2025-02-10 19:41:03+00:00
1044,1819,34,10,1267.7,2024-06-14 01:46:54+00:00
1045,69,1,8,484.27,2025-05-07 05:18:02+00:00
1046,905,45,2,1567.45,2025-09-30 20:20:41+00:00
1047,1733,30,2,521.09,2025-03-02 17:19:22+00:00
1048,1791,36,10,1743.79,2025-07-26 00:31:23+00:00
1049,1234,23,3,285.73,2024-05-07 03:18:52+00:00
1050,97,13,5,1206.81,2025-03-16 22:09:37+00:00
1051,1278,36,9,1717.62,2024-12-10 12:34:04+00:00
1052,342,4,4,827.15,2024-09-20 23:52:52+00:00
1053,1598,29,2,1657.03,2024-08-18 17:51:53+00:00
1054,1722,16,6,1425.4,2024-03-30 00:24:13+00:00
1055,753,21,4,425.52,2024-04-21 09:11:37+00:00
1056,328,42,3,1522.92,2025-02-09 22:07:58+00:00
1057,54,45,7,1880.98,2024-03-15 18:42:42+00:00
1058,714,15,2,1276.17,2025-04-05 23:35:08+00:00
1059,1224,32,1,709.57,2025-09-20 15:34:14+00:00
1060,1246,11,7,220.23,2024-11-18 12:05:53+00:00
1061,1732,2,1,259.51,2025-10-30 11:54:19+00:00
1062,1562,45,4,776.12,2024-03-01 13:28:51+00:00
1063,539,37,3,152.86,2024-11-09 18:39:15+00:00
1064,1142,15,2,570.16,2025-07-30 09:30:05+00:00
1065,893,40,10,1893.84,2024-02-07 22:53:04+00:00
1066,1009,41,6,1949.46,2024-05-19 13:09:38+00:00
1067,1553,16,10,718.29,2025-04-23 00:46:11+00:00
1068,1160,33,2,629.45,2025-01-17 17:16:20+00:00
1069,363,31,8,1909.55,2024-03-31 05:24:55+00:00
1070,1231,38,6,927.66,2025-05-12 17:31:35+00:00
1071,803,4,2,1977.41,2026-01-08 03:47:33+00:00
1072,457,9,8,1023.76,2024-09-11 01:01:24+00:00
1073,784,48,7,1957.67,2025-03-09 00:47:24+00:00
1074,1317,45,6,1564.01,2025-03-14 20:04:28+00:00
1075,1645,25,7,1273.49,2025-09-20 12:59:21+00:00
1076,310,15,8,1970.02,2024-08-18 16:17:01+00:00
1077,1474,11,2,1760.73,2024-03-22 15:29:50+00:00
1078,1192,37,5,1344.13,2025-03-04 18:17:24+00:00
1079,90,40,4,1852.04,2025-05-20 13:24:58+00:00
1080,1791,22,3,683.53,2024-05-03 19:46:15+00:00
1081,124,8,1,1626.23,2024-09-19 21:56:23+00:00
1082,762,39,1,148.29,2025-06-02 09:34:08+00:00
1083,1076,3,2,432.53,2025-09-04 21:40:31+00:00
1084,894,33,7,1089.89,2025-12-25 06:44:38+00:00
1085,1611,40,7,487.22,2025-01-14 10:00:45+00:00
1086,1816,26,1,1038.53,2025-10-07 12:42:28+00:00
1087,650,24,1,1882.39,2024-02-09 12:04:01+00:00
1088,72,43,6,1996.69,2025-02-06 20:43:55+00:00
1089,1290,29,8,1558.29,2025-06-21 10:23:30+00:00
1090,2000,14,1,548.38,2025-11-30 03:49:18+00:00
1091,126,46,3,1698.52,2024-05-12 12:17:55+00:00
1092,315,35,1,1083.5,2024-07-29 04:15:01+00:00
1093,1257,7,2,1827.51,2025-06-14 16:55:07+00:00
1094,439,49,4,1968.97,2025-05-02 23:52:21+00:00
1095,1130,47,7,962.13,2025-03-04 20:09:43+00:00
1096,1004,14,5,576.72,2025-11-07 19:55:44+00:00
1097,818,12,9,197.86,2024-03-29 15:42:11+00:00
1098,437,37,5,354.54,2025-02-02 16:08:32+00:00
1099,881,49,2,717.06,2024-08-25 13:03:31+00:00
1100,1791,20,6,337.76,2025-03-29 09:03:47+00:00
1101,1019,32,6,119.42,2025-09-28 02:35:03+00:00
1102,1930,28,3,1557.61,2025-10-07 11:00:08+00:00
1103,1541,48,5,966.07,2025-06-24 04:21:45+00:00
1104,1370,16,7,523.09,2025-05-31 05:41:42+00:00
1105,1628,1,4,474.84,2025-12-02 00:58:36+00:00
1106,1373,6,5,181.38,2025-05-09 02:40:09+00:00
1107,1998,28,2,1225.25,2024-04-11 15:56:34+00:00
1108,449,15,5,1113.04,2025-08-18 21:18:35+00:00
1109,906,35,5,1630.18,2025-06-23 21:40:05+00:00
1110,930,24,6,769.73,2024-07-04 17:05:40+00:00
1111,1081,47,8,485.78,2025-11-15 02:47:28+00:00
1112,860,20,9,942.33,2025-06-10 02:42:01+00:00
1113,1335,6,5,467.03,2024-10-15 12:28:18+00:00
1114,184,49,10,85.98,2025-09-24 19:33:29+00:00
1115,652,34,10,1856.98,2024-06-05 21:12:20+00:00
1116,329,17,3,1956.02,2025-03-02 20:12:00+00:00
1117,852,33,10,135.31,2024-08-07 22:03:37+00:00
1118,1661,30,1,1601.74,2025-09-06 16:26:59+00:00
1119,1978,12,7,489.68,2025-12-06 18:52:35+00:00
1120,1724,43,8,499.18,2024-07-19 04:19:28+00:00
1121,1500,26,6,163.86,2026-01-04 22:02:59+00:00
1122,1357,26,3,1175.0,2024-08-01 10:41:03+00:00
1123,1011,13,1,272.12,2025-12-13 18:59:08+00:00
1124,743,38,8,1775.28,2025-03-23 16:03:54+00:00
1125,1854,41,4,659.27,2024-05-11 15:51:27+00:00
1126,193,38,6,758.69,2024-03-15 21:46:57+00:00
1127,1902,21,4,608.69,2025-04-27 22:10:02+00:00
1128,1690,7,5,756.6,2025-10-20 07:00:14+00:00
1129,211,5,8,1688.65,2024-11-24 04:38:35+00:00
1130,1655,38,10,849.99,2024-01-30 11:50:01+00:00
1131,1870,10,4,863.12,2025-08-21 13:14:50+00:00
1132,859,49,8,214.01,2025-08-27 03:14:15+00:00
1133,1332,48,3,72.0,2025-10-28 14:12:54+00:00
1134,568,45,10,566.48,2025-04-02 23:58:01+00:00
1135,1579,30,7,392.83,2025-11-24 20:33:57+00:00
1136,328,16,2,982.3,2025-04-28 19:38:08+00:00
1137,1222,20,3,332.2,2024-07-18 13:25:13+00:00
1138,888,6,10,1121.48,2025-10-01 07:04:41+00:00
1139,837,13,5,879.12,2025-06-25 03:00:30+00:00
1140,808,30,1,202.59,2024-01-30 09:29:19+00:00
1141,781,44,5,1086.09,2025-06-12 14:24:21+00:00
1142,1517,7,8,813.61,2024-02-07 12:45:42+00:00
1143,963,43,1,801.95,2024-08-02 13:26:21+00:00
1144,1303,35,2,1885.49,2025-09-12 13:03:33+00:00
1145,132,41,6,856.74,2025-03-20 02:34:10+00:00
1146,1488,30,8,86.71,2024-08-08 05:51:23+00:00
1147,1760,17,1,510.66,2024-04-07 12:09:05+00:00
1148,1658,29,8,1829.05,2024-08-18 03:22:28+00:00
1149,459,20,4,1983.78,2024-07-05 12:33:46+00:00
1150,55,10,3,595.71,2024-12-25 13:01:50+00:00
1151,1589,9,9,1773.29,2024-02-01 16:58:37+00:00
1152,1542,10,7,557.39,2025-03-16 03:46:31+00:00
1153,140,21,1,507.23,2025-05-20 19:11:01+00:00
1154,1355,22,10,1770.28,2024-11-28 21:47:18+00:00
1155,1506,8,8,254.75,2024-05-25 01:28:23+00:00
1156,1660,41,4,483.4,2024-03-29 02:33:15+00:00
1157,796,39,4,978.46,2025-06-24 18:57:08+00:00
1158,1750,19,6,516.16,2024-11-12 06:23:01+00:00
1159,562,8,4,1679.23,2025-09-22 06:39:42+00:00
1160,574,15,10,1471.89,2024-05-18 14:51:14+00:00
1161,1744,29,9,520.05,2024-01-12 05:26:29+00:00
1162,734,42,8,945.65,2024-08-23 17:30:24+00:00
1163,1374,37,7,981.88,2025-04-20 21:45:44+00:00
1164,1480,38,6,328.5,2024-09-01 12:19:26+00:00
1165,681,18,1,1285.4,2025-07-03 08:30:50+00:00
1166,872,23,8,91.96,2024-03-09 08:39:52+00:00
1167,1509,43,9,882.99,2025-02-07 03:55:50+00:00
1168,1408,23,9,1848.88,2024-08-20 00:37:06+00:00
1169,966,16,9,863.26,2025-04-02 08:08:53+00:00
1170,1087,12,3,1992.34,2024-06-15 09:52:09+00:00
1171,2,15,1,708.67,2025-10-13 20:03:24+00:00
1172,1472,22,10,1765.31,2024-12-31 10:00:30+00:00
1173,1695,31,5,1367.92,2025-01-19 20:12:07+00:00
1174,307,19,1,159.08,2025-05-27 22:59:56+00:00
1175,270,41,1,614.35,2025-11-25 01:22:19+00:00
1176,1573,1,9,668.37,2024-09-15 21:35:19+00:00
1177,93,35,5,505.25,2024-01-31 05:38:04+00:00
1178,515,37,3,365.68,2024-10-07 18:04:52+00:00
1179,678,36,1,176.03,2024-01-30 20:52:22+00:00
1180,1735,28,5,727.5,2025-04-14 19:25:32+00:00
1181,1855,13,7,1571.8,2026-01-02 19:41:57+00:00
1182,623,42,8,1679.46,2025-03-24 16:08:13+00:00
1183,1996,3,4,1038.55,2025-05-01 19:11:38+00:00
1184,1221,27,5,827.62,2025-12-13 22:18:32+00:00
1185,561,18,7,1760.43,2024-11-05 19:34:42+00:00
1186,1657,27,7,1788.6,2024-10-26 13:24:37+00:00
1187,148,2,6,1726.32,2025-11-28 19:40:21+00:00
1188,800,20,4,554.04,2024-12-11 16:18:11+00:00
1189,1976,14,2,389.35,2025-08-19 21:15:32+00:00
1190,1174,4,4,1393.35,2024-05-18 21:32:09+00:00
1191,193,29,4,875.25,2025-09-23 16:43:25+00:00
1192,425,49,9,1410.09,2025-04-05 22:17:17+00:00
1193,451,6,8,1925.65,2025-08-18 04:31:54+00:00
1194,675,25,7,185.27,2025-07-25 21:04:01+00:00
1195,120,33,3,566.02,2024-09-06 11:41:55+00:00
1196,1709,2,7,1842.34,2025-12-25 02:22:04+00:00
1197,1774,14,1,923.17,2024-11-24 11:09:32+00:00
1198,600,21,1,1049.54,2025-08-10 02:23:10+00:00
1199,203,31,4,1588.17,2025-05-04 15:23:09+00:00
1200,1417,20,1,1466.95,2024-02-13 19:19:22+00:00
1201,75,50,2,1279.92,2024-04-28 20:38:41+00:00
1202,76,15,3,1158.04,2025-09-03 01:27:56+00:00
1203,1478,49,5,218.61,2024-10-05 00:42:51+00:00
1204,1073,2,6,984.87,2025-12-26 15:27:58+00:00
1205,449,7,4,1809.4,2024-11-26 09:35:16+00:00
1206,465,41,1,1685.9,2025-11-28 04:25:17+00:00
1207,1552,48,2,115.92,2024-05-03 19:27:05+00:00
1208,365,44,9,739.86,2024-09-22 20:42:19+00:00
1209,1152,45,6,1920.13,2024-05-10 13:43:34+00:00
1210,1217,37,4,852.31,2025-10-17 20:49:10+00:00
1211,1079,16,4,662.33,2024-04-26 04:07:40+00:00
1212,192,36,2,666.45,2024-07-19 13:41:12+00:00
1213,680,22,10,165.48,2024-02-18 07:43:29+00:00
1214,364,49,2,1465.1,2025-02-18 04:55:28+00:00
1215,1867,11,4,666.44,2025-02-07 07:05:11+00:00
1216,1472,4,5,1600.95,2024-07-19 20:43:50+00:00
1217,642,8,9,691.14,2024-05-11 23:49:40+00:00
1218,391,40,2,1492.67,2025-05-03 17:53:12+00:00
1219,1733,40,9,280.7,2025-12-24 20:28:17+00:00
1220,104,10,9,1611.84,2025-04-16 11:19:45+00:00
1221,1852,36,6,532.64,2024-02-06 06:38:05+00:00
1222,1668,33,1,1001.7,2025-12-30 04:51:14+00:00
1223,1773,40,2,1714.45,2024-10-10 17:44:55+00:00
1224,1810,28,6,1284.86,2025-10-22 20:58:32+00:00
1225,216,17,4,1633.96,2025-08-17 05:14:30+00:00
1226,549,50,4,1498.73,2024-08-10 07:55:52+00:00
1227,1988,15,4,756.3,2025-06-29 13:21:52+00:00
1228,1170,45,3,1511.12,2025-09-24 22:34:37+00:00
1229,1188,39,3,789.45,2025-03-14 06:39:55+00:00
1230,1125,13,10,881.26,2024-12-19 21:53:43+00:00
1231,1925,23,10,1462.26,2025-07-09 17:32:26+00:00
1232,293,43,8,1611.85,2024-11-02 15:36:11+00:00
1233,1448,26,5,556.48,2024-02-17 11:58:54+00:00
1234,1819,50,6,633.11,2025-01-08 05:48:31+00:00
1235,753,13,1,342.46,2024-06-15 08:49:31+00:00
1236,1748,48,7,1111.7,2024-05-27 06:04:41+00:00
1237,868,6,10,573.8,2025-08-12 02:28:03+00:00
1238,127,10,10,678.01,2025-05-04 02:38:47+00:00
1239,127,34,9,671.16,2024-09-20 10:03:16+00:00
1240,275,29,1,1391.85,2025-05-24 13:11:53+00:00
1241,1688,36,2,1262.13,2026-01-09 02:10:19+00:00
1242,1454,11,5,127.04,2025-05-31 14:28:40+00:00
1243,663,35,4,470.87,2024-04-05 23:33:06+00:00
1244,1310,29,10,1524.54,2024-06-09 09:38:21+00:00
1245,1331,10,1,1141.98,2025-10-29 22:34:36+00:00
1246,1709,39,8,1099.03,2024-11-17 04:48:57+00:00
1247,889,40,4,344.94,2025-09-04 00:58:39+00:00
1248,233,37,2,1979.84,2024-11-16 05:11:54+00:00
1249,816,48,1,772.46,2024-06-11 21:14:09+00:00
1250,1319,32,3,666.15,2025-06-26 14:07:05+00:00
1251,741,21,10,1512.53,2025-09-11 11:19:07+00:00
1252,605,26,6,1312.37,2025-09-06 15:56:37+00:00
1253,1051,40,10,872.08,2025-06-20 13:57:23+00:00
1254,816,9,5,407.04,2025-05-11 04:47:33+00:00
1255,1189,46,3,1445.06,2025-03-05 13:53:48+00:00
1256,1327,13,10,625.42,2024-06-08 11:24:28+00:00
1257,1136,25,5,681.3,2025-03-25 07:44:35+00:00
1258,297,30,7,1975.64,2025-09-17 05:23:10+00:00
1259,648,7,2,683.55,2025-10-04 01:22:15+00:00
1260,550,28,2,662.13,2025-03-02 14:55:41+00:00
1261,623,46,1,1965.38,2024-08-16 10:22:35+00:00
1262,312,43,8,1082.09,2024-02-13 05:09:04+00:00
1263,232,3,4,1408.9,2025-01-15 08:06:17+00:00
1264,382,3,9,1959.41,2025-09-30 10:33:51+00:00
1265,1053,17,8,1253.29,2025-04-15 01:08:04+00:00
1266,864,11,2,118.84,2025-08-18 17:23:58+00:00
1267,1303,33,5,1653.11,2024-11-10 11:05:20+00:00
1268,260,4,8,1207.85,2025-09-27 03:30:47+00:00
1269,1973,38,1,1179.4,2024-01-10 19:42:18+00:00
1270,1362,4,10,1815.42,2025-12-04 19:22:06+00:00
1271,1768,42,6,132.31,2025-02-26 05:10:46+00:00
1272,138,44,3,1049.61,2024-04-06 17:01:42+00:00
1273,971,6,10,524.02,2024-11-23 20:32:18+00:00
1274,804,38,6,1804.83,2025-07-29 15:39:29+00:00
1275,1850,49,3,501.44,2025-04-09 08:58:56+00:00
1276,1447,28,8,690.85,2024-03-29 06:43:15+00:00
1277,95,10,7,960.93,2025-06-03 13:55:32+00:00
1278,1115,39,9,1186.72,2025-06-07 22:05:09+00:00
1279,195,34,3,1818.05,2025-09-12 06:39:28+00:00
1280,508,17,9,1849.31,2026-01-03 23:04:22+00:00
1281,1490,12,3,138.95,2025-11-17 12:10:48+00:00
1282,794,23,1,80.59,2024-11-29 19:47:24+00:00
1283,428,50,3,1082.94,2025-05-05 21:42:05+00:00
1284,1846,29,4,143.03,2024-07-31 06:15:33+00:00
1285,105,43,4,1170.62,2024-09-30 17:36:34+00:00
1286,1029,21,7,1951.67,2025-04-19 09:34:56+00:00
1287,1451,27,3,330.6,2025-11-11 19:30:55+00:00
1288,653,1,7,838.33,2024-08-24 05:49:17+00:00
1289,1761,14,9,1231.36,2024-05-10 05:37:56+00:00
1290,897,11,9,919.45,2024-09-04 18:30:02+00:00
1291,935,4,1,1719.34,2025-01-20 14:26:12+00:00
1292,312,14,2,1988.77,2024-01-21 03:37:39+00:00
1293,39,19,10,1223.62,2025-01-22 01:58:45+00:00
1294,904,37,1,115.7,2024-10-21 12:24:06+00:00
1295,1564,40,7,517.21,2025-05-03 19:43:34+00:00
1296,1287,19,7,1836.16,2025-09-06 10:28:25+00:00
1297,1378,44,5,1000.42,2025-07-27 03:08:08+00:00
1298,1304,28,8,1449.84,2025-10-08 12:28:04+00:00
1299,728,23,9,387.01,2024-04-29 08:08:18+00:00
1300,538,31,1,702.7,2025-07-12 07:59:24+00:00
1301,1342,34,10,116.48,2025-08-16 16:24:37+00:00
1302,789,22,6,1815.95,2025-10-21 16:22:33+00:00
1303,1584,41,5,1082.2,2025-07-17 21:25:42+00:00
1304,1943,38,10,1100.42,2024-08-26 03:32:10+00:00
1305,1243,28,4,800.72,2024-04-24 13:31:04+00:00
1306,354,3,7,1910.4,2024-11-14 18:29:15+00:00
1307,366,1,7,278.91,2025-12-01 07:19:36+00:00
1308,1007,48,2,757.76,2024-11-20 11:23:01+00:00
1309,1242,41,1,602.04,2025-04-05 07:54:05+00:00
1310,1619,5,6,955.76,2024-03-15 16:02:03+00:00
1311,1717,17,10,1217.29,2025-12-10 05:47:40+00:00
1312,1054,21,10,1972.48,2025-12-12 18:06:28+00:00
1313,368,15,3,959.98,2025-08-30 11:00:42+00:00
1314,674,18,7,583.9,2024-11-04 20:54:22+00:00
1315,510,15,2,283.37,2025-12-02 16:51:04+00:00
1316,1984,39,6,931.78,2024-12-03 02:58:41+00:00
1317,1577,34,2,796.28,2025-06-20 07:39:52+00:00
1318,651,19,6,865.22,2024-04-26 08:57:08+00:00
1319,226,33,2,1631.95,2024-10-09 03:03:39+00:00
1320,791,45,3,1184.8,2025-06-05 17:25:30+00:00
1321,529,50,7,428.99,2025-10-18 03:11:19+00:00
1322,1521,3,10,1896.28,2024-05-01 06:53:17+00:00
1323,1375,27,3,833.82,2024-08-01 17:53:46+00:00
1324,602,47,8,1895.65,2024-01-27 22:53:37+00:00
1325,1709,22,3,158.77,2024-09-16 07:40:01+00:00
1326,268,44,7,747.43,2025-06-10 00:11:09+00:00
1327,1683,5,9,1870.4,2025-12-04 15:35:30+00:00
1328,381,32,2,1491.32,2024-03-18 16:41:19+00:00
1329,1017,46,1,1726.27,2024-04-13 03:10:31+00:00
1330,1265,4,9,288.35,2024-06-25 21:19:22+00:00
1331,1638,19,10,1948.04,2024-10-09 15:48:32+00:00
1332,290,1,10,291.92,2025-02-08 04:10:54+00:00
1333,1858,5,3,1128.54,2025-10-19 09:17:50+00:00
1334,505,43,3,1194.78,2024-12-30 07:05:29+00:00
1335,9,48,5,1326.33,2025-08-23 10:54:07+00:00
1336,1016,21,3,1222.1,2025-04-04 12:01:44+00:00
1337,933,6,9,1656.22,2024-07-19 21:32:41+00:00
1338,1366,11,1,525.24,2024-12-07 17:31:22+00:00
1339,138,3,3,1475.57,2025-06-04 01:25:57+00:00
1340,1245,31,7,1394.12,2025-08-13 20:01:08+00:00
1341,1706,32,1,1836.94,2024-02-26 02:34:42+00:00
1342,1,49,2,1333.29,2024-09-20 02:29:06+00:00
1343,1649,26,1,1845.74,2024-02-01 19:42:12+00:00
1344,309,49,3,362.11,2025-05-12 16:39:10+00:00
1345,1135,46,10,1266.21,2025-07-15 05:08:12+00:00
1346,1013,32,6,1891.47,2024-12-12 01:01:05+00:00
1347,1639,4,7,232.97,2024-05-10 14:29:20+00:00
1348,1328,5,5,1417.56,2024-04-10 10:13:49+00:00
1349,1865,47,6,161.96,2025-06-25 09:41:37+00:00
1350,782,23,7,1629.25,2025-04-28 16:05:40+00:00
1351,122,15,3,602.65,2024-03-15 04:07:37+00:00
1352,1015,29,8,1428.89,2024-12-04 08:02:04+00:00
1353,667,12,5,998.2,2025-11-16 10:49:17+00:00
1354,1728,13,3,1100.03,2025-03-28 22:39:15+00:00
1355,498,34,2,1838.88,2024-06-17 14:32:53+00:00
1356,1554,12,5,99.77,2024-07-08 16:02:17+00:00
1357,433,33,1,648.22,2025-01-29 05:45:12+00:00
1358,651,5,9,298.55,2025-02-23 20:13:09+00:00
1359,1062,19,3,1250.71,2024-03-21 14:07:28+00:00
1360,11,31,1,1283.57,2024-02-11 11:24:10+00:00
1361,1092,22,8,1094.71,2025-09-28 17:53:02+00:00
1362,79,5,6,323.76,2025-06-14 04:59:59+00:00
1363,839,31,10,816.45,2025-06-04 16:11:51+00:00
1364,705,19,6,1708.48,2025-11-27 17:15:25+00:00
1365,586,48,7,466.36,2024-03-29 03:22:15+00:00
1366,16,9,9,1432.28,2025-11-20 21:58:42+00:00
1367,1280,15,7,1922.56,2024-05-06 20:09:41+00:00
1368,617,8,9,1867.19,2024-12-13 04:05:21+00:00
1369,219,38,2,1621.6,2024-01-15 12:53:13+00:00
1370,782,50,10,556.32,2024-05-22 00:01:01+00:00
1371,116,44,10,678.03,2025-09-06 19:18:01+00:00
1372,818,39,1,814.6,2025-11-24 11:34:32+00:00
1373,256,50,2,1165.56,2024-08-10 13:06:49+00:00
1374,1801,33,1,1155.77,2025-06-17 23:06:01+00:00
1375,866,50,2,350.99,2024-09-19 05:23:50+00:00
1376,94,17,5,1747.05,2025-03-26 17:33:24+00:00
1377,1862,1,2,1578.16,2025-12-27 23:05:46+00:00
1378,500,31,2,775.41,2025-09-03 13:45:18+00:00
1379,1415,45,2,1885.5,2025-04-28 17:07:23+00:00
1380,1234,44,7,872.79,2024-04-24 21:35:12+00:00
1381,1995,24,4,993.34,2024-12-15 01:30:24+00:00
1382,1465,9,3,456.56,2024-07-24 16:08:30+00:00
1383,1382,13,8,318.61,2024-02-23 20:06:04+00:00
1384,1058,4,8,1119.63,2024-11-24 10:47:29+00:00
1385,1155,21,8,1415.62,2025-12-05 03:17:27+00:00
1386,744,35,10,1247.6,2025-03-04 01:45:41+00:00
1387,1076,47,4,356.84,2024-11-27 18:13:58+00:00
1388,1694,20,7,477.08,2025-03-07 07:44:56+00:00
1389,1923,18,7,1041.42,2024-11-04 04:50:37+00:00
1390,661,19,1,1628.02,2025-12-03 13:08:27+00:00
1391,2,48,4,1318.04,2025-07-01 20:11:31+00:00
1392,1970,48,7,1257.19,2025-07-04 19:06:53+00:00
1393,1400,45,8,272.24,2025-05-14 21:28:55+00:00
1394,1880,25,1,1623.23,2025-02-23 21:55:53+00:00
1395,538,7,2,1328.95,2024-06-07 11:07:02+00:00
1396,1744,32,4,715.8,2024-08-08 14:19:31+00:00
1397,1801,1,10,623.14,2024-10-04 21:34:37+00:00
1398,772,20,6,1460.14,2025-08-07 17:19:27+00:00
1399,1395,32,9,1661.92,2025-12-01 16:11:32+00:00
1400,895,44,9,733.73,2024-06-30 22:24:18+00:00
1401,1496,25,6,661.9,2025-01-03 09:36:52+00:00
1402,733,27,2,299.65,2024-12-14 12:46:33+00:00
1403,60,41,8,1670.0,2025-03-12 05:31:52+00:00
1404,1093,24,2,1150.9,2025-07-27 06:48:10+00:00
1405,1611,31,4,343.13,2025-05-26 13:34:29+00:00
1406,1686,1,10,1017.44,2024-11-14 06:10:06+00:00
1407,1238,49,10,1106.82,2025-08-03 17:03:38+00:00
1408,1060,18,10,397.88,2024-12-05 07:39:36+00:00
1409,1409,49,1,1638.76,2025-08-17 02:09:03+00:00
1410,1601,49,6,1775.84,2024-09-20 15:20:03+00:00
1411,546,28,1,1806.74,2025-04-18 22:03:43+00:00
1412,791,40,6,1626.19,2024-07-28 01:33:02+00:00
1413,1524,21,9,1281.65,2024-06-07 15:37:42+00:00
1414,1578,5,8,1227.58,2024-11-26 16:00:17+00:00
1415,1061,39,2,1948.01,2024-09-24 16:23:36+00:00
1416,575,43,8,1227.28,2024-03-02 19:19:12+00:00
1417,222,8,4,38.78,2024-08-04 10:55:06+00:00
1418,951,31,6,1693.23,2024-09-30 19:43:59+00:00
1419,1424,15,5,1843.95,2024-03-22 03:25:20+00:00
1420,947,46,3,586.4,2025-09-30 06:33:28+00:00
1421,1146,7,5,1566.79,2024-01-23 11:06:52+00:00
1422,1160,23,10,1939.44,2024-11-16 04:59:54+00:00
1423,225,12,1,1796.82,2024-11-25 00:23:25+00:00
1424,790,47,5,173.31,2025-12-02 08:41:57+00:00
1425,1085,14,4,1825.33,2024-10-03 06:41:28+00:00
1426,881,34,10,1429.95,2025-03-25 19:56:47+00:00
1427,1916,1,3,911.48,2025-04-19 22:54:28+00:00
1428,996,36,4,1028.7,2025-10-29 15:21:23+00:00
1429,967,10,5,664.34,2024-12-08 09:05:25+00:00
1430,1861,4,6,1757.39,2024-03-19 04:06:52+00:00
1431,377,20,9,388.79,2025-07-10 09:01:47+00:00
1432,27,27,1,562.65,2025-08-22 22:37:39+00:00
1433,1322,49,2,179.69,2025-09-26 10:23:53+00:00
1434,1977,26,5,488.77,2025-07-12 07:51:30+00:00
1435,1280,44,2,239.82,2024-02-01 04:30:56+00:00
1436,488,38,5,1574.54,2025-07-31 15:52:33+00:00
1437,1444,27,2,1182.16,2024-05-06 19:43:53+00:00
1438,172,23,6,972.63,2025-06-01 12:12:16+00:00
1439,1499,48,6,1174.59,2025-10-11 21:35:30+00:00
1440,1440,47,6,490.1,2025-08-27 07:01:40+00:00
1441,1348,8,2,339.66,2024-06-11 11:32:43+00:00
1442,1015,24,8,289.68,2024-05-16 12:31:21+00:00
1443,714,7,1,871.21,2024-10-03 10:59:05+00:00
1444,1319,2,4,343.58,2025-08-08 23:59:38+00:00
1445,1845,25,1,142.14,2025-08-23 00:01:52+00:00
1446,759,39,8,1585.9,2025-11-16 16:53:38+00:00
1447,1366,40,8,1142.28,2025-11-10 12:32:07+00:00
1448,1117,27,9,323.19,2025-11-04 05:27:17+00:00
1449,1797,14,5,469.48,2025-12-07 11:43:31+00:00
1450,610,24,7,610.44,2024-11-13 19:25:49+00:00
1451,1486,26,4,1648.74,2025-05-15 03:55:55+00:00
1452,137,43,3,63.63,2024-09-19 09:42:24+00:00
1453,1379,47,9,1640.93,2025-06-10 10:07:30+00:00
1454,203,12,6,1662.85,2024-07-20 06:02:17+00:00
1455,486,39,7,766.79,2025-04-02 20:34:57+00:00
1456,741,5,9,822.55,2025-04-09 06:30:09+00:00
1457,354,33,4,481.63,2025-11-12 17:42:20+00:00
1458,22,38,4,1231.89,2024-11-02 17:48:46+00:00
1459,76,10,7,332.68,2025-02-15 12:31:12+00:00
1460,8,14,6,280.01,2024-11-03 11:42:23+00:00
1461,767,3,10,374.04,2024-08-21 11:22:40+00:00
1462,1541,22,3,1289.06,2024-12-07 17:35:15+00:00
1463,57,30,3,1426.14,2024-11-09 18:36:51+00:00
1464,820,29,7,912.21,2024-11-28 02:34:11+00:00
1465,459,25,2,1091.76,2024-12-17 19:40:56+00:00
1466,1225,9,7,50.95,2024-03-12 19:20:20+00:00
1467,866,39,1,313.07,2025-09-06 03:49:23+00:00
1468,1034,15,4,1106.6,2025-01-30 18:35:01+00:00
1469,1871,30,6,641.34,2024-11-22 11:08:28+00:00
1470,853,28,6,1570.36,2024-03-02 08:46:30+00:00
1471,171,2,10,333.9,2024-06-20 23:57:50+00:00
1472,631,49,9,1629.4,2024-09-28 21:56:48+00:00
1473,736,20,1,57.09,2024-05-11 00:29:05+00:00
1474,279,37,10,462.78,2024-09-14 20:23:47+00:00
1475,1693,24,10,1034.24,2024-05-07 03:24:30+00:00
1476,1269,49,5,195.74,2025-01-07 06:26:23+00:00
1477,1600,16,6,455.98,2025-11-10 07:15:49+00:00
1478,1414,37,3,419.19,2025-03-13 18:42:27+00:00
1479,839,43,2,456.55,2024-05-31 07:10:37+00:00
1480,279,38,3,559.4,2024-10-16 02:58:55+00:00
1481,412,2,1,375.31,2024-07-21 16:49:59+00:00
1482,1199,38,2,995.82,2025-04-16 12:22:02+00:00
1483,1071,18,4,539.12,2024-10-17 01:58:46+00:00
1484,963,11,9,758.79,2024-11-22 19:47:52+00:00
1485,1197,20,7,1261.56,2025-01-15 16:19:27+00:00
1486,884,23,5,358.77,2025-07-15 20:29:25+00:00
1487,1082,27,8,855.81,2024-04-05 11:30:21+00:00
1488,1857,8,5,863.68,2026-01-08 22:15:56+00:00
1489,1402,6,3,570.2,2026-01-01 13:22:44+00:00
1490,165,17,8,300.4,2025-04-27 07:02:12+00:00
1491,1688,35,4,846.24,2025-11-19 09:19:07+00:00
1492,792,24,6,374.77,2025-01-14 23:47:40+00:00
1493,1767,3,5,1030.57,2024-11-16 23:14:05+00:00
1494,1998,23,5,59.56,2025-06-21 04:14:22+00:00
1495,1167,41,6,36.96,2024-12-11 00:07:32+00:00
1496,1260,32,10,164.83,2024-04-26 13:22:47+00:00
1497,7,12,10,909.17,2024-07-20 22:11:01+00:00
1498,1940,15,7,917.65,2024-06-13 06:19:57+00:00
1499,324,15,8,1627.52,2025-05-03 01:29:28+00:00
1500,1137,30,10,1110.49,2025-12-01 22:00:11+00:00
1501,471,4,6,1196.92,2025-08-14 06:01:26+00:00
1502,1732,11,8,1655.2,2024-02-23 09:55:49+00:00
1503,1714,15,9,1587.11,2024-12-23 09:26:08+00:00
1504,835,42,8,1031.37,2025-02-15 21:34:34+00:00
1505,469,2,7,306.6,2025-09-11 06:21:55+00:00
1506,1740,23,7,1029.93,2025-12-18 00:34:46+00:00
1507,1614,14,9,1609.64,2025-04-02 13:12:06+00:00
1508,82,46,9,1742.41,2024-09-24 08:58:33+00:00
1509,717,6,5,1932.06,2024-11-18 20:07:46+00:00
1510,1613,47,9,346.68,2025-04-06 13:03:39+00:00
1511,633,41,9,1267.72,2025-06-05 16:48:29+00:00
1512,280,46,2,96.51,2025-11-05 14:37:17+00:00
1513,992,1,2,1110.63,2024-12-24 18:35:54+00:00
1514,703,39,3,1235.83,2025-09-02 08:44:30+00:00
1515,1802,23,8,803.78,2024-09-11 13:36:18+00:00
1516,55,12,3,249.0,2025-04-10 23:18:16+00:00
1517,1986,37,4,1049.84,2025-12-24 22:07:44+00:00
1518,402,45,9,262.15,2025-02-10 07:18:57+00:00
1519,1198,43,4,604.45,2025-09-19 08:43:19+00:00
1520,210,43,8,1482.58,2025-04-10 19:27:58+00:00
1521,818,29,6,1032.83,2025-02-02 21:23:41+00:00
1522,1592,46,10,615.45,2024-10-06 11:47:23+00:00
1523,1444,42,4,604.39,2025-09-10 09:08:15+00:00
1524,1200,12,2,48.42,2024-11-15 08:21:34+00:00
1525,220,30,8,918.11,2025-07-05 08:43:29+00:00
1526,55,34,10,524.83,2025-08-15 15:32:34+00:00
1527,1538,27,10,383.47,2025-03-18 13:28:14+00:00
1528,1265,48,8,169.9,2025-05-04 19:52:22+00:00
1529,1922,23,3,1547.38,2024-10-19 12:23:26+00:00
1530,1366,12,9,558.5,2024-03-23 09:52:08+00:00
1531,923,31,3,676.48,2024-06-06 09:02:38+00:00
1532,1998,6,7,82.98,2024-06-01 12:57:46+00:00
1533,575,9,9,1580.11,2024-03-20 00:27:18+00:00
1534,243,20,4,664.08,2024-01-13 15:13:00+00:00
1535,581,2,6,1731.02,2026-01-04 22:07:40+00:00
1536,1948,35,8,1809.0,2024-09-27 03:45:34+00:00
1537,1423,20,4,1413.81,2025-10-14 14:54:48+00:00
1538,312,42,5,1184.85,2024-08-06 03:48:32+00:00
1539,1713,30,8,1780.73,2024-09-22 02:03:24+00:00
1540,1997,21,10,935.49,2025-10-25 15:59:27+00:00
1541,482,13,3,1226.45,2025-01-24 17:35:19+00:00
1542,328,37,6,968.73,2024-05-06 14:40:47+00:00
1543,385,30,2,351.78,2024-07-19 18:16:15+00:00
1544,435,21,5,1683.57,2024-12-08 11:10:08+00:00
1545,1997,3,3,1267.91,2024-11-05 14:11:57+00:00
1546,721,28,9,1234.94,2025-03-03 06:52:06+00:00
1547,1792,4,9,1856.61,2024-07-10 14:45:49+00:00
1548,739,27,5,1114.13,2025-06-15 03:01:49+00:00
1549,248,1,8,1290.77,2024-08-11 22:39:33+00:00
1550,203,16,2,1288.28,2025-10-28 11:59:14+00:00
1551,1151,46,2,597.94,2024-09-13 06:27:57+00:00
1552,1546,4,4,23.22,2025-05-13 13:21:51+00:00
1553,513,4,9,886.27,2024-09-20 11:04:19+00:00
1554,1602,42,10,1129.91,2025-05-24 02:51:07+00:00
1555,972,8,1,495.9,2025-05-23 09:32:46+00:00
1556,1781,18,4,46.5,2025-05-18 01:17:40+00:00
1557,575,22,6,368.94,2024-02-03 15:00:26+00:00
1558,120,11,5,469.34,2025-11-11 11:32:12+00:00
1559,364,24,9,87.03,2025-10-29 04:00:38+00:00
1560,1393,46,7,1613.82,2025-08-16 03:59:47+00:00
1561,512,25,9,1569.42,2024-08-11 17:41:41+00:00
1562,146,38,3,1128.19,2024-07-31 21:34:29+00:00
1563,1917,50,4,1478.87,2024-05-17 07:49:18+00:00
1564,1178,47,9,1305.95,2025-11-02 21:27:48+00:00
1565,146,47,4,226.99,2025-03-26 09:14:10+00:00
1566,1362,26,4,1353.11,2025-01-12 19:28:26+00:00
1567,508,38,7,638.33,2025-01-12 11:08:50+00:00
1568,1353,10,1,704.87,2024-11-24 08:41:29+00:00
1569,342,43,3,1326.56,2025-06-16 11:58:14+00:00
1570,526,13,9,1223.8,2025-08-29 16:09:31+00:00
1571,1154,47,6,448.91,2025-10-29 06:17:37+00:00
1572,1215,19,9,1327.23,2025-07-28 17:45:59+00:00
1573,1073,26,3,485.96,2024-07-10 22:48:18+00:00
1574,433,50,10,360.49,2024-11-20 19:42:31+00:00
1575,1114,50,5,838.61,2025-10-10 17:59:36+00:00
1576,1342,15,3,275.28,2024-02-12 02:13:28+00:00
1577,1879,50,3,1618.02,2025-10-30 22:41:45+00:00
1578,1284,50,8,1650.48,2024-07-30 20:58:59+00:00
1579,1167,38,8,871.9,2024-08-15 19:29:02+00:00
1580,1699,11,5,1561.14,2025-08-12 05:47:16+00:00
1581,1028,45,8,1089.5,2025-11-07 14:31:23+00:00
1582,996,6,1,368.23,2024-01-23 14:25:17+00:00
1583,997,21,4,287.51,2024-08-23 11:39:05+00:00
1584,703,24,6,1750.04,2024-04-21 10:49:56+00:00
1585,1359,24,5,447.06,2024-06-29 12:46:12+00:00
1586,537,50,5,1678.88,2025-08-07 10:30:08+00:00
1587,1979,31,1,1881.45,2025-04-20 10:48:36+00:00
1588,1522,17,2,1283.61,2025-03-17 12:55:56+00:00
1589,819,32,7,215.24,2025-04-22 17:23:14+00:00
1590,1748,13,10,980.46,2024-10-19 01:28:51+00:00
1591,431,38,1,1231.25,2024-02-20 14:00:12+00:00
1592,1638,11,3,1419.9,2024-08-14 07:28:18+00:00
1593,1730,8,3,1030.48,2024-08-19 10:02:02+00:00
1594,961,50,1,968.38,2024-04-26 17:37:35+00:00
1595,1317,36,3,1290.78,2024-02-25 02:51:02+00:00
1596,690,38,7,550.93,2024-01-19 10:05:52+00:00
1597,1127,39,2,593.11,2025-05-03 12:24:30+00:00
1598,409,23,3,80.84,2024-09-19 00:03:09+00:00
1599,474,8,7,449.48,2024-02-25 01:15:40+00:00
1600,369,46,9,1875.36,2025-08-06 13:42:58+00:00
1601,261,2,6,230.46,2025-10-18 22:20:57+00:00
1602,1923,50,2,939.97,2025-01-17 05:03:34+00:00
1603,1068,43,6,1898.17,2026-01-10 04:03:49+00:00
1604,1002,6,7,296.12,2024-05-18 08:26:57+00:00
1605,1564,28,10,472.13,2025-05-12 17:55:02+00:00
1606,450,19,10,57.26,2024-03-11 20:31:40+00:00
1607,1953,26,3,80.33,2025-06-02 03:48:41+00:00
1608,296,14,9,862.81,2024-10-07 10:23:18+00:00
1609,1199,8,5,1559.66,2024-10-12 21:19:10+00:00
1610,388,6,10,1050.9,2025-08-16 19:52:02+00:00
1611,249,46,3,970.98,2024-07-19 14:13:37+00:00
1612,822,32,4,1545.09,2026-01-01 20:59:34+00:00
1613,1944,15,9,44.09,2024-12-13 05:48:10+00:00
1614,1709,1,9,1101.49,2024-12-31 08:13:23+00:00
1615,101,11,8,1213.57,2024-02-04 06:55:28+00:00
1616,1766,40,6,161.63,2025-06-29 02:17:54+00:00
1617,220,39,2,602.79,2024-02-12 01:03:09+00:00
1618,382,22,5,1611.21,2024-08-27 22:26:25+00:00
1619,1409,10,6,244.43,2025-11-25 21:26:36+00:00
1620,621,25,10,295.42,2024-05-02 08:50:46+00:00
1621,592,27,8,1520.18,2025-04-26 22:39:02+00:00
1622,675,16,4,1885.19,2025-06-04 14:52:33+00:00
1623,1902,32,8,1577.77,2024-05-14 12:42:14+00:00
1624,1647,32,7,1600.47,2024-02-28 12:33:35+00:00
1625,1893,50,7,1455.25,2025-03-25 22:02:04+00:00
1626,82,5,9,685.74,2024-02-26 05:40:56+00:00
1627,863,7,8,684.56,2024-10-03 21:09:16+00:00
1628,733,43,10,1203.82,2024-06-14 15:53:11+00:00
1629,487,40,9,159.78,2024-04-27 01:49:26+00:00
1630,331,50,1,1215.88,2024-11-30 11:04:15+00:00
1631,404,7,9,1927.1,2024-08-13 04:41:13+00:00
1632,1359,24,1,1761.73,2024-06-08 00:43:13+00:00
1633,1882,23,3,1952.24,2025-05-22 08:40:50+00:00
1634,267,5,6,1641.83,2025-08-15 05:19:56+00:00
1635,401,16,6,1817.9,2025-03-29 07:13:55+00:00
1636,1838,14,4,1751.32,2024-09-26 07:14:47+00:00
1637,892,3,5,466.5,2025-10-12 14:31:40+00:00
1638,309,31,4,656.2,2024-12-12 20:03:16+00:00
1639,1953,47,8,352.16,2025-08-25 20:35:06+00:00
1640,861,46,10,1632.35,2025-01-26 19:02:53+00:00
1641,801,29,3,1184.7,2025-11-03 21:25:41+00:00
1642,900,6,4,473.6,2025-06-19 14:26:14+00:00
1643,471,10,4,1620.56,2024-07-07 08:32:35+00:00
1644,411,42,1,1523.88,2025-07-06 05:29:14+00:00
1645,416,32,4,838.26,2025-01-24 12:00:40+00:00
1646,98,35,4,1602.22,2026-01-04 11:53:55+00:00
1647,1844,6,10,878.65,2024-02-08 22:12:52+00:00
1648,539,41,7,1914.14,2024-02-23 14:12:08+00:00
1649,1641,21,8,259.45,2024-05-26 13:14:31+00:00
1650,641,11,3,1099.46,2024-09-06 16:41:22+00:00
1651,823,4,2,1933.44,2024-11-04 06:45:11+00:00
1652,723,38,9,394.26,2025-06-14 04:17:40+00:00
1653,439,40,9,318.48,2025-05-04 02:07:21+00:00
1654,655,7,1,1203.54,2024-06-09 08:20:05+00:00
1655,44,46,10,1533.02,2025-12-09 08:29:03+00:00
1656,1456,46,5,1425.73,2024-01-19 10:48:35+00:00
1657,1691,26,7,1924.33,2025-08-07 10:24:47+00:00
1658,736,1,3,1417.5,2024-04-14 20:38:07+00:00
1659,1243,32,1,1357.83,2024-04-19 12:37:58+00:00
1660,124,39,7,872.93,2024-06-22 22:39:36+00:00
1661,1358,37,9,1729.64,2025-06-06 02:58:37+00:00
1662,1669,48,6,1719.21,2025-04-28 10:32:09+00:00
1663,774,40,9,85.67,2025-06-12 05:44:02+00:00
1664,1622,38,2,708.99,2025-05-19 12:33:59+00:00
1665,1051,5,2,1166.32,2024-01-23 01:35:55+00:00
1666,1963,26,5,412.21,2025-03-08 05:24:44+00:00
1667,1846,4,6,1437.35,2024-07-27 05:13:38+00:00
1668,1598,47,8,270.44,2025-08-01 03:03:31+00:00
1669,632,26,6,1933.97,2024-04-15 10:05:40+00:00
1670,355,19,2,891.06,2024-06-18 13:55:10+00:00
1671,328,30,9,308.31,2024-07-21 07:42:36+00:00
1672,743,35,5,343.02,2024-05-19 04:08:02+00:00
1673,628,31,4,1521.27,2025-11-09 01:08:29+00:00
1674,500,49,6,1245.63,2024-12-30 03:01:20+00:00
1675,514,13,5,539.46,2025-10-06 09:44:02+00:00
1676,1500,48,9,846.58,2025-05-19 06:02:00+00:00
1677,1794,48,9,1693.51,2024-02-16 04:42:36+00:00
1678,1993,15,4,1305.07,2025-10-07 06:21:55+00:00
1679,524,11,2,1305.54,2024-06-28 00:09:28+00:00
1680,1876,25,4,1923.42,2025-04-19 23:02:11+00:00
1681,1417,3,3,139.3,2024-09-06 02:48:12+00:00
1682,550,49,7,506.85,2024-10-11 05:35:59+00:00
1683,1004,49,2,495.66,2024-08-23 11:41:58+00:00
1684,540,16,4,1086.38,2025-10-22 16:58:44+00:00
1685,1111,29,6,1925.39,2024-11-10 04:52:47+00:00
1686,665,47,5,398.6,2024-06-17 19:42:52+00:00
1687,1299,26,1,560.63,2024-07-20 13:03:16+00:00
1688,1848,43,2,576.7,2025-04-17 12:25:13+00:00
1689,692,40,4,1185.94,2026-01-03 17:26:47+00:00
1690,1944,39,1,661.47,2025-03-15 19:58:01+00:00
1691,370,43,6,1990.0,2024-03-10 08:08:38+00:00
1692,305,37,1,971.79,2025-01-18 23:07:07+00:00
1693,944,29,1,152.0,2025-04-17 17:21:33+00:00
1694,1437,15,1,1929.44,2025-11-07 00:59:51+00:00
1695,299,16,7,954.32,2024-03-17 00:45:02+00:00
1696,1357,33,9,1095.23,2025-04-16 08:30:42+00:00
1697,1592,20,2,736.1,2025-05-17 14:08:06+00:00
1698,649,19,10,399.44,2025-08-29 10:21:45+00:00
1699,1993,33,4,1157.69,2024-05-28 08:03:02+00:00
1700,1716,15,7,209.58,2025-01-02 21:09:15+00:00
1701,1627,45,9,741.41,2025-09-23 21:58:59+00:00
1702,1249,28,9,504.75,2024-03-02 01:22:17+00:00
1703,49,13,2,1631.91,2025-01-10 12:37:15+00:00
1704,1066,12,5,1159.72,2024-11-07 04:21:49+00:00
1705,1946,32,8,1400.9,2024-06-13 20:22:48+00:00
1706,1761,13,3,489.07,2024-12-06 21:45:28+00:00
1707,977,9,8,1499.54,2024-05-17 00:01:08+00:00
1708,1452,10,9,1175.52,2024-12-30 05:44:45+00:00
1709,271,17,1,367.27,2025-01-29 02:54:30+00:00
1710,307,22,10,110.86,2025-02-20 15:32:50+00:00
1711,1135,20,4,1477.38,2025-10-07 21:08:07+00:00
1712,668,14,3,1856.4,2025-01-20 12:50:48+00:00
1713,877,37,2,1624.37,2025-01-26 19:42:51+00:00
1714,1525,39,7,1868.47,2024-12-30 11:34:14+00:00
1715,90,27,4,788.61,2025-11-16 03:11:48+00:00
1716,1524,45,8,184.5,2024-06-27 02:27:04+00:00
1717,1397,16,1,1039.47,2025-07-18 20:38:18+00:00
1718,437,28,5,1584.36,2024-04-17 00:04:01+00:00
1719,438,30,8,366.52,2024-08-22 06:48:58+00:00
1720,1315,11,5,1941.25,2024-01-11 16:53:19+00:00
1721,454,14,5,771.8,2024-11-18 01:19:46+00:00
1722,549,7,2,1301.24,2024-12-19 21:17:06+00:00
1723,882,10,10,1916.82,2025-06-24 09:00:08+00:00
1724,971,46,1,556.17,2025-03-10 11:10:57+00:00
1725,1548,11,8,205.37,2025-11-06 15:26:17+00:00
1726,1331,12,5,320.37,2024-08-12 15:58:44+00:00
1727,462,20,5,1540.17,2024-07-24 12:56:06+00:00
1728,451,10,7,847.23,2024-09-26 21:19:11+00:00
1729,1922,46,6,806.34,2024-01-13 05:50:03+00:00
1730,330,1,6,655.43,2025-07-08 01:38:59+00:00
1731,1095,43,2,1348.91,2025-10-24 07:02:13+00:00
1732,585,6,5,612.66,2024-05-30 18:13:47+00:00
1733,1295,16,10,834.45,2024-09-05 05:59:30+00:00
1734,1890,23,9,601.7,2026-01-05 23:46:22+00:00
1735,835,9,4,1347.24,2025-05-16 23:08:53+00:00
1736,1342,4,1,289.78,2025-05-25 20:18:11+00:00
1737,1152,38,6,1171.83,2025-11-13 03:43:01+00:00
1738,1864,11,3,1712.38,2024-04-10 15:09:35+00:00
1739,1849,27,6,218.1,2025-04-01 16:32:43+00:00
1740,752,44,5,638.19,2024-10-20 10:02:13+00:00
1741,1200,4,10,726.39,2025-11-19 11:31:35+00:00
1742,1154,44,6,327.52,2024-01-13 02:34:43+00:00
1743,1836,13,1,419.82,2025-11-22 22:56:36+00:00
1744,92,48,6,778.84,2024-03-28 20:14:00+00:00
1745,1651,3,4,1454.86,2024-05-16 20:52:53+00:00
1746,1431,10,5,431.2,2024-03-19 21:14:02+00:00
1747,1620,21,3,706.45,2024-10-21 08:09:15+00:00
1748,904,47,6,201.45,2024-02-02 11:23:47+00:00
1749,1281,26,2,1562.04,2025-08-10 15:41:20+00:00
1750,302,16,3,922.19,2024-05-15 22:16:04+00:00
1751,1996,49,1,1842.77,2025-02-03 15:45:55+00:00
1752,1771,33,8,868.52,2024-06-26 02:22:32+00:00
1753,1408,40,6,503.41,2025-09-16 10:32:59+00:00
1754,1584,36,1,812.63,2024-05-14 06:17:30+00:00
1755,1822,26,10,644.99,2025-06-28 03:07:44+00:00
1756,1601,38,4,1092.25,2024-08-04 16:44:22+00:00
1757,271,43,7,1669.67,2024-09-07 21:27:54+00:00
1758,243,23,7,1682.41,2024-10-12 07:19:50+00:00
1759,1001,49,7,1186.07,2024-10-17 10:07:48+00:00
1760,244,28,4,80.7,2024-03-08 19:59:07+00:00
1761,1786,33,3,1380.4,2024-12-26 21:28:41+00:00
1762,1496,27,2,668.52,2025-02-07 22:46:39+00:00
1763,1850,42,6,705.16,2025-09-11 18:05:53+00:00
1764,861,20,1,724.19,2024-12-02 18:12:41+00:00
1765,811,40,2,676.46,2024-04-01 23:56:26+00:00
1766,579,43,1,1867.48,2025-06-30 03:08:20+00:00
1767,1399,45,9,1071.74,2025-05-02 17:27:56+00:00
1768,616,12,9,672.36,2025-11-17 07:41:44+00:00
1769,707,7,2,1111.19,2025-05-03 21:01:40+00:00
1770,519,13,2,836.24,2024-10-05 05:35:01+00:00
1771,1831,43,1,791.26,2025-02-16 16:52:01+00:00
1772,1210,19,8,1984.05,2024-11-03 20:06:09+00:00
1773,452,44,2,1597.06,2024-04-04 00:54:05+00:00
1774,1477,3,7,72.54,2024-03-24 21:25:48+00:00
1775,1149,24,2,931.26,2024-06-24 01:02:48+00:00
1776,1307,9,4,1866.57,2025-09-05 18:57:37+00:00
1777,986,6,4,692.13,2024-08-03 18:08:08+00:00
1778,903,11,10,235.88,2025-08-08 02:06:51+00:00
1779,1222,13,9,921.49,2025-12-02 13:02:59+00:00
1780,1949,35,7,1747.7,2024-04-14 14:48:02+00:00
1781,1958,37,7,174.29,2024-08-30 01:24:59+00:00
1782,32,27,9,980.82,2024-05-21 07:59:18+00:00
1783,449,11,2,141.34,2024-06-10 16:38:51+00:00
1784,1556,21,2,720.32,2024-02-09 16:05:16+00:00
1785,879,4,2,642.72,2024-02-15 21:06:01+00:00
1786,389,15,4,1118.25,2024-11-02 08:41:44+00:00
1787,944,43,2,1682.31,2024-02-24 20:48:14+00:00
1788,340,33,5,1678.88,2024-04-11 06:16:43+00:00
1789,1591,19,1,408.6,2024-05-14 11:56:14+00:00
1790,1012,25,8,454.53,2024-12-09 23:35:10+00:00
1791,1468,49,9,1378.13,2024-11-16 11:21:12+00:00
1792,1301,14,3,984.2,2025-11-11 11:55:22+00:00
1793,969,32,2,1150.31,2024-09-09 09:02:35+00:00
1794,1080,28,5,487.69,2025-04-07 04:46:28+00:00
1795,41,13,7,451.51,2025-03-12 11:27:28+00:00
1796,1375,22,3,1085.94,2024-10-29 00:35:19+00:00
1797,1039,36,5,1729.47,2025-04-15 07:59:41+00:00
1798,1740,46,6,1078.66,2025-06-11 02:06:11+00:00
1799,1051,26,4,1091.79,2026-01-06 12:02:33+00:00
1800,1383,9,8,1787.08,2025-07-13 07:47:50+00:00
1801,110,6,7,1604.15,2024-12-14 01:04:17+00:00
1802,232,31,5,1681.55,2024-04-10 08:03:46+00:00
1803,1129,50,1,1062.25,2024-05-23 14:02:29+00:00
1804,407,25,3,631.33,2024-07-27 19:05:04+00:00
1805,966,1,5,224.42,2025-05-13 00:17:13+00:00
1806,188,32,7,1220.06,2024-08-10 21:48:15+00:00
1807,1282,34,3,191.61,2024-06-15 11:59:03+00:00
1808,1692,5,10,995.19,2025-01-12 08:39:20+00:00
1809,171,2,7,1273.68,2025-08-14 03:34:34+00:00
1810,1820,2,10,1910.8,2025-01-20 13:39:05+00:00
1811,1555,46,5,1325.76,2025-07-14 06:58:15+00:00
1812,279,26,3,1186.17,2025-05-13 18:50:20+00:00
1813,1276,20,9,75.57,2025-12-10 03:38:49+00:00
1814,746,9,9,1909.58,2025-12-12 03:21:53+00:00
1815,1016,38,5,626.3,2024-09-20 16:35:19+00:00
1816,56,23,6,1413.57,2024-02-16 16:49:50+00:00
1817,1653,42,10,1328.43,2025-01-17 18:14:19+00:00
1818,427,20,3,1062.68,2024-01-13 06:15:35+00:00
1819,127,28,7,108.62,2024-06-26 04:48:54+00:00
1820,1890,1,6,1363.36,2025-07-26 08:02:40+00:00
1821,1556,44,3,345.7,2024-03-03 00:31:05+00:00
1822,1877,40,10,1797.08,2025-01-15 15:23:19+00:00
1823,1078,30,1,1329.43,2024-10-19 19:39:55+00:00
1824,149,46,1,124.89,2025-05-20 06:47:49+00:00
1825,583,46,3,1194.59,2025-05-09 09:38:04+00:00
1826,1563,28,2,414.16,2024-05-23 09:14:33+00:00
1827,1302,37,6,1843.8,2024-03-17 11:51:27+00:00
1828,127,39,1,235.75,2024-08-16 03:26:47+00:00
1829,1657,21,10,269.77,2024-01-15 16:41:18+00:00
1830,273,15,7,415.06,2025-03-01 19:39:50+00:00
1831,1337,16,5,864.76,2024-05-31 11:02:10+00:00
1832,1409,44,10,1575.99,2024-10-20 11:54:23+00:00
1833,899,16,7,616.69,2025-07-13 04:32:19+00:00
1834,507,28,1,1350.62,2025-03-17 10:08:58+00:00
1835,1155,46,3,1445.19,2025-07-02 12:57:27+00:00
1836,1681,21,5,800.69,2024-07-04 13:53:18+00:00
1837,239,38,9,401.26,2025-08-21 14:09:32+00:00
1838,872,5,10,1761.96,2024-06-16 12:31:09+00:00
1839,1018,50,6,1717.48,2025-12-27 00:57:03+00:00
1840,1816,25,7,523.71,2024-06-03 04:10:18+00:00
1841,410,23,6,1508.59,2024-04-17 02:59:27+00:00
1842,191,15,5,857.35,2025-11-24 20:27:06+00:00
1843,361,45,3,370.99,2024-10-04 18:35:19+00:00
1844,1922,23,3,460.05,2024-01-16 14:05:22+00:00
1845,325,21,6,1673.6,2025-02-23 18:07:47+00:00
1846,830,8,1,105.5,2025-05-10 09:00:59+00:00
1847,799,26,7,1326.41,2025-04-27 18:04:47+00:00
1848,576,50,8,808.49,2024-03-25 10:39:03+00:00
1849,799,14,3,1272.7,2025-05-11 23:59:12+00:00
1850,459,31,6,1576.1,2024-08-16 15:00:39+00:00
1851,623,21,5,860.12,2024-12-28 09:50:20+00:00
1852,1438,33,3,1615.6,2024-07-29 11:09:53+00:00
1853,1260,6,5,1879.57,2025-07-13 11:30:33+00:00
1854,1692,7,7,538.56,2025-01-19 14:22:55+00:00
1855,242,32,8,1072.05,2025-11-04 21:49:02+00:00
1856,1970,28,7,835.5,2024-10-02 05:14:45+00:00
1857,1542,49,3,1694.76,2024-02-06 17:44:37+00:00
1858,1204,1,1,1614.22,2024-05-12 13:47:05+00:00
1859,546,32,4,541.26,2025-06-11 04:08:21+00:00
1860,1048,43,5,373.74,2024-12-21 02:03:48+00:00
1861,115,45,4,611.06,2024-08-20 12:04:58+00:00
1862,1653,38,6,1064.52,2024-04-08 06:24:07+00:00
1863,153,30,9,611.62,2024-08-05 13:22:24+00:00
1864,105,10,10,1803.89,2024-08-13 12:29:47+00:00
1865,925,6,9,257.46,2024-01-19 13:47:47+00:00
1866,1351,36,6,1994.84,2024-02-11 15:03:09+00:00
1867,1503,11,3,1345.95,2025-02-21 04:59:02+00:00
1868,575,10,6,1493.98,2025-09-29 01:16:01+00:00
1869,633,31,8,1994.77,2024-09-07 07:35:14+00:00
1870,118,14,8,632.49,2025-03-07 22:33:13+00:00
1871,448,3,1,1725.51,2024-06-20 23:17:33+00:00
1872,1764,23,1,644.85,2025-03-30 16:06:44+00:00
1873,1786,35,1,1162.75,2024-10-02 23:09:01+00:00
1874,211,10,2,938.12,2024-05-19 18:55:47+00:00
1875,969,42,10,1115.07,2024-06-29 12:09:04+00:00
1876,243,50,9,1776.26,2025-07-19 11:26:14+00:00
1877,556,35,7,1060.21,2024-12-30 12:16:04+00:00
1878,1310,46,10,1769.07,2025-04-20 03:49:43+00:00
1879,1956,24,4,101.35,2024-12-03 10:10:21+00:00
1880,807,39,7,1423.58,2025-08-01 18:00:49+00:00
1881,108,2,10,1991.27,2024-09-01 02:29:12+00:00
1882,1847,43,8,786.33,2025-11-16 13:48:02+00:00
1883,973,46,6,1365.32,2025-08-09 11:58:16+00:00
1884,1297,29,2,1797.14,2024-11-24 01:11:10+00:00
1885,1134,21,1,1382.04,2025-01-31 07:18:51+00:00
1886,144,8,1,778.28,2024-08-09 21:43:45+00:00
1887,358,5,9,1573.85,2024-11-25 01:28:55+00:00
1888,1187,39,9,608.66,2025-04-09 02:26:10+00:00
1889,1687,2,3,934.54,2024-09-21 16:12:36+00:00
1890,1253,47,6,1530.11,2025-09-01 04:58:05+00:00
1891,929,18,3,1790.56,2025-04-24 18:50:52+00:00
1892,48,15,5,1457.14,2024-04-28 11:51:38+00:00
1893,1312,34,6,1297.19,2024-08-17 03:59:33+00:00
1894,971,24,10,1693.53,2025-09-03 06:07:20+00:00
1895,259,19,2,1451.88,2024-03-12 07:49:32+00:00
1896,721,37,2,1879.84,2024-09-12 11:55:46+00:00
1897,560,33,8,1164.45,2026-01-06 21:00:38+00:00
1898,1110,9,5,264.66,2024-05-22 07:29:44+00:00
1899,502,43,9,1125.1,2025-02-08 04:32:18+00:00
1900,1338,3,6,1459.6,2024-03-13 03:34:22+00:00
1901,214,33,1,1635.69,2024-07-22 10:57:04+00:00
1902,1502,26,5,1794.41,2025-11-11 15:25:01+00:00
1903,859,14,5,1802.32,2025-11-28 04:00:50+00:00
1904,840,32,5,117.69,2024-05-25 07:30:56+00:00
1905,269,47,6,1102.57,2024-01-21 19:32:51+00:00
1906,813,29,3,435.58,2025-04-17 09:10:32+00:00
1907,1423,12,8,917.67,2024-04-20 09:04:20+00:00
1908,593,2,4,1427.25,2025-11-08 12:19:55+00:00
1909,1641,29,3,1274.92,2024-03-17 23:43:35+00:00
1910,1669,14,6,881.9,2025-02-15 15:25:54+00:00
1911,732,13,3,1272.75,2024-06-18 10:23:07+00:00
1912,1456,47,1,1929.95,2025-11-05 15:12:17+00:00
1913,1601,1,4,1367.74,2024-01-26 16:28:16+00:00
1914,616,15,10,223.15,2025-07-26 03:29:31+00:00
1915,761,11,1,816.71,2024-02-09 06:51:32+00:00
1916,187,9,7,455.27,2025-11-05 22:25:29+00:00
1917,295,49,2,1947.5,2025-10-31 21:57:18+00:00
1918,404,49,2,392.59,2025-04-09 17:10:54+00:00
1919,1111,18,5,78.34,2024-05-25 08:00:42+00:00
1920,211,23,6,38.51,2024-02-24 15:16:30+00:00
1921,344,1,1,1176.91,2024-01-19 16:57:27+00:00
1922,1221,23,8,1622.19,2025-06-28 12:18:56+00:00
1923,773,4,7,645.83,2024-05-06 09:18:02+00:00
1924,315,48,3,855.5,2024-06-30 20:35:17+00:00
1925,309,30,10,1558.52,2025-06-07 18:33:51+00:00
1926,177,1,7,1424.03,2025-04-04 19:32:15+00:00
1927,643,29,10,510.32,2024-09-15 13:32:19+00:00
1928,301,30,10,430.73,2025-06-12 15:14:50+00:00
1929,1479,2,4,513.9,2025-02-22 05:51:33+00:00
1930,1378,44,2,1799.41,2025-11-04 11:07:01+00:00
1931,1870,38,5,1976.12,2026-01-06 08:56:46+00:00
1932,347,27,10,859.35,2025-01-10 07:07:43+00:00
1933,646,31,5,1591.66,2025-05-25 07:41:49+00:00
1934,561,13,10,856.28,2025-01-11 12:08:10+00:00
1935,687,26,4,489.84,2025-02-27 04:38:22+00:00
1936,1777,14,9,1374.36,2025-12-30 08:09:42+00:00
1937,696,34,6,1715.68,2024-12-07 14:05:11+00:00
1938,327,27,3,1391.64,2024-04-07 16:11:21+00:00
1939,1236,48,3,777.73,2024-08-31 02:37:28+00:00
1940,468,44,10,1886.02,2024-12-19 21:09:16+00:00
1941,1735,32,4,410.99,2025-08-31 22:12:38+00:00
1942,479,41,4,831.23,2024-10-24 08:37:38+00:00
1943,144,24,9,315.87,2025-05-27 23:53:50+00:00
1944,1597,45,6,209.72,2024-06-06 23:11:59+00:00
1945,235,9,9,1274.68,2025-03-22 01:00:32+00:00
1946,591,42,6,1437.25,2025-11-14 07:09:43+00:00
1947,1421,9,2,601.19,2025-01-05 05:03:21+00:00
1948,580,23,8,847.93,2024-07-07 21:06:12+00:00
1949,1515,32,3,1578.95,2024-06-14 02:02:52+00:00
1950,1768,25,5,1430.08,2024-03-10 07:03:35+00:00
1951,1168,47,6,1257.27,2025-09-09 02:29:37+00:00
1952,127,17,4,1580.51,2024-08-06 18:39:06+00:00
1953,1543,26,8,318.4,2025-05-26 07:17:31+00:00
1954,226,43,3,1855.41,2025-10-29 18:41:30+00:00
1955,1869,17,2,1253.06,2025-04-28 14:32:55+00:00
1956,1227,24,6,738.96,2024-05-11 17:39:01+00:00
1957,897,37,1,1614.46,2024-04-09 08:22:30+00:00
1958,1840,50,7,1027.29,2024-06-02 19:55:41+00:00
1959,1705,36,8,1754.63,2024-09-11 17:54:26+00:00
1960,277,39,6,1318.24,2024-08-02 04:04:07+00:00
1961,456,35,2,836.05,2025-01-09 22:19:34+00:00
1962,536,41,6,1604.84,2024-05-25 21:39:55+00:00
1963,800,21,10,1989.53,2025-11-05 00:18:16+00:00
1964,1661,11,7,782.52,2024-04-21 15:35:12+00:00
1965,1267,7,7,457.09,2025-04-10 11:02:26+00:00
1966,1279,28,5,1411.12,2024-05-17 19:51:58+00:00
1967,500,46,5,804.17,2024-10-17 04:23:05+00:00
1968,1652,6,7,1493.27,2025-12-30 21:24:04+00:00
1969,153,4,2,1833.91,2025-06-06 19:37:00+00:00
1970,1358,41,8,306.94,2024-05-24 05:01:07+00:00
1971,1140,50,1,588.75,2024-08-17 12:06:07+00:00
1972,921,32,4,379.21,2025-02-28 03:02:46+00:00
1973,1157,27,8,653.88,2025-07-07 09:00:49+00:00
1974,301,16,10,1814.29,2024-03-03 15:39:32+00:00
1975,731,31,10,1241.25,2024-08-07 00:55:17+00:00
1976,278,20,10,1779.52,2025-11-18 19:34:44+00:00
1977,922,38,10,1218.65,2025-07-26 12:54:43+00:00
1978,298,40,9,1271.34,2025-12-26 05:48:24+00:00
1979,235,21,5,982.12,2025-05-26 08:08:59+00:00
1980,885,7,5,995.75,2025-01-24 03:33:18+00:00
1981,1762,14,4,179.77,2024-11-14 03:25:38+00:00
1982,1352,28,7,1517.86,2024-11-14 19:55:09+00:00
1983,265,35,7,86.08,2025-04-16 08:59:35+00:00
1984,1404,16,10,1172.37,2024-03-23 04:53:30+00:00
1985,1404,42,4,1803.46,2026-01-09 02:47:12+00:00
1986,1098,16,1,1275.06,2025-08-12 11:05:47+00:00
1987,956,47,2,1024.12,2025-08-03 08:36:05+00:00
1988,1351,40,5,1883.29,2024-06-23 21:13:23+00:00
1989,935,18,3,1637.68,2024-01-14 08:56:08+00:00
1990,867,4,4,945.88,2024-02-21 05:21:28+00:00
1991,506,37,3,121.43,2025-03-16 16:53:44+00:00
1992,589,25,5,754.04,2024-08-01 14:55:33+00:00
1993,719,47,3,421.12,2024-06-19 05:44:06+00:00
1994,991,50,5,838.68,2024-02-04 11:06:08+00:00
1995,55,48,9,1681.69,2025-09-19 13:25:58+00:00
1996,1559,5,9,86.03,2024-04-30 03:47:24+00:00
1997,369,11,8,88.87,2025-08-19 01:47:54+00:00
1998,1919,6,2,1534.19,2025-11-23 01:30:27+00:00
1999,1270,19,10,1860.61,2025-10-19 05:39:01+00:00
2000,1640,26,4,1174.29,2024-01-13 21:06:05+00:00
