stay_guest_id,stay_id,guest_id,created_at
1,481,47219,2025-02-28 00:29:41+00:00
2,1393,95259,2025-07-05 01:35:51+00:00
3,647,26348,2024-07-15 08:44:09+00:00
4,1795,85299,2024-03-09 04:45:08+00:00
5,23,49442,2024-11-04 20:22:04+00:00
6,115,43117,2025-01-02 22:27:40+00:00
7,1556,48155,2025-05-11 20:26:50+00:00
8,1269,27407,2024-01-24 01:44:04+00:00
9,1036,82310,2024-06-22 14:58:13+00:00
10,1219,53974,2025-12-16 06:36:16+00:00
11,1262,9501,2025-11-09 05:50:49+00:00
12,526,104126,2024-05-16 08:55:00+00:00
13,777,16387,2024-03-23 15:07:00+00:00
14,1470,31929,2025-04-16 12:05:31+00:00
15,1243,41755,2024-06-11 05:30:55+00:00
16,293,31583,2025-08-06 05:49:54+00:00
17,1560,86977,2025-01-04 17:30:40+00:00
18,303,67433,2024-10-08 09:07:00+00:00
19,1978,16712,2024-01-25 12:00:28+00:00
20,105,61411,2025-05-28 00:55:43+00:00
21,1242,55438,2025-12-04 14:13:47+00:00
22,17,103910,2025-02-17 09:45:19+00:00
23,636,92231,2024-06-22 00:56:06+00:00
24,436,87260,2024-07-18 09:19:52+00:00
25,1138,808,2025-01-21 14:30:09+00:00
26,1852,68368,2024-09-04 11:05:28+00:00
27,998,32123,2025-05-10 20:31:12+00:00
28,1822,968,2024-10-27 12:32:51+00:00
29,110,88613,2025-08-27 07:08:42+00:00
30,267,41631,2024-12-05 21:53:55+00:00
31,422,99978,2024-07-21 22:22:57+00:00
32,1102,41804,2024-05-06 03:18:10+00:00
33,100,107626,2025-11-11 16:33:52+00:00
34,952,58892,2024-08-19 21:35:46+00:00
35,447,9641,2024-06-23 09:56:21+00:00
36,1021,91893,2024-05-06 15:22:23+00:00
37,1969,103812,2024-11-19 07:28:06+00:00
38,1491,51630,2025-03-07 20:54:47+00:00
39,1461,49897,2025-07-18 04:12:49+00:00
40,1846,63526,2024-03-08 08:49:01+00:00
41,91,73719,2025-08-15 12:39:01+00:00
42,550,65666,2024-06-17 03:04:32+00:00
43,70,43575,2024-03-29 09:13:27+00:00
44,1790,27076,2025-04-19 09:29:39+00:00
45,1484,38980,2025-07-03 23:51:41+00:00
46,1635,34808,2025-11-17 13:29:33+00:00
47,1969,75976,2025-01-31 12:19:06+00:00
48,1274,76189,2024-12-10 17:38:07+00:00
49,1688,39678,2025-08-31 16:30:12+00:00
50,85,71496,2024-02-24 10:51:27+00:00
51,1960,115236,2024-02-16 11:16:14+00:00
52,1995,13253,2024-10-06 18:08:21+00:00
53,1833,111377,2025-04-22 04:56:47+00:00
54,1312,110202,2025-05-18 17:30:16+00:00
55,1459,39828,2025-10-09 23:12:06+00:00
56,900,46402,2025-01-26 13:09:54+00:00
57,258,60293,2025-01-30 11:07:14+00:00
58,9,115001,2024-09-15 10:48:53+00:00
59,454,321,2025-11-17 22:14:32+00:00
60,1691,113864,2025-07-24 15:19:52+00:00
61,979,36181,2025-05-28 21:52:53+00:00
62,1531,12891,2024-11-24 11:42:17+00:00
63,870,63062,2025-01-01 12:49:51+00:00
64,1012,66429,2025-03-05 23:19:43+00:00
65,1920,107647,2025-08-23 23:46:13+00:00
66,1043,69948,2024-08-15 18:34:26+00:00
67,748,40431,2024-01-23 05:11:36+00:00
68,339,37018,2025-09-18 22:29:14+00:00
69,1715,3092,2025-06-30 18:03:03+00:00
70,1526,43519,2024-04-18 07:55:40+00:00
71,796,98504,2024-04-02 08:04:25+00:00
72,1246,74363,2025-05-04 06:43:48+00:00
73,831,30577,2025-05-28 05:21:15+00:00
74,1322,11802,2024-11-21 02:45:07+00:00
75,1430,31848,2026-01-07 15:21:20+00:00
76,1466,92587,2024-10-01 12:39:04+00:00
77,269,47158,2025-09-08 07:31:26+00:00
78,135,11322,2024-04-04 22:59:51+00:00
79,542,6894,2024-02-15 19:21:55+00:00
80,978,8081,2024-11-08 01:46:30+00:00
81,1938,57927,2025-01-05 06:14:09+00:00
82,581,88097,2024-12-13 09:56:16+00:00
83,491,92621,2024-09-01 23:04:28+00:00
84,54,70810,2024-12-23 08:06:24+00:00
85,1269,119213,2025-10-25 05:30:18+00:00
86,155,78807,2025-09-17 17:38:44+00:00
87,81,112112,2024-08-23 01:00:17+00:00
88,1431,2571,2024-10-20 23:32:19+00:00
89,789,72579,2025-05-06 02:39:19+00:00
90,383,51865,2025-02-28 07:55:18+00:00
91,1301,3532,2025-04-16 09:43:19+00:00
92,825,4019,2025-06-15 20:35:15+00:00
93,418,114174,2024-11-07 16:28:53+00:00
94,1554,11351,2025-03-06 12:44:47+00:00
95,592,8571,2025-08-05 22:10:56+00:00
96,1523,105563,2025-12-24 11:24:52+00:00
97,1934,7216,2024-02-04 14:09:49+00:00
98,1405,41739,2025-07-19 19:01:23+00:00
99,525,102927,2025-04-05 05:10:47+00:00
100,1770,111791,2024-07-11 11:09:09+00:00
101,1814,61160,2024-08-24 02:53:26+00:00
102,313,19177,2024-04-22 23:45:58+00:00
103,67,60900,2025-12-25 04:39:39+00:00
104,1000,6269,2025-10-03 06:29:03+00:00
105,696,588,2025-09-15 07:21:42+00:00
106,1529,52086,2024-08-05 12:17:11+00:00
107,1479,24591,2025-07-09 12:31:51+00:00
108,1809,9457,2024-11-01 15:48:35+00:00
109,161,105419,2025-05-30 11:24:03+00:00
110,470,61445,2024-04-08 07:08:59+00:00
111,1189,281,2024-03-10 04:46:52+00:00
112,401,69646,2025-01-05 00:13:42+00:00
113,1551,9833,2025-02-23 12:19:03+00:00
114,1312,118466,2025-12-07 01:09:09+00:00
115,169,486,2024-06-27 07:07:13+00:00
116,1181,5056,2025-11-25 20:02:58+00:00
117,1082,23164,2024-09-29 22:03:02+00:00
118,1011,28336,2025-07-21 07:43:58+00:00
119,481,66312,2025-02-15 11:02:44+00:00
120,1744,79881,2025-06-15 13:01:02+00:00
121,1356,66153,2024-10-31 08:49:50+00:00
122,1253,111373,2024-02-25 21:30:20+00:00
123,1421,47688,2024-05-26 05:18:01+00:00
124,693,82776,2024-06-04 23:57:32+00:00
125,1658,69331,2025-05-10 20:51:43+00:00
126,1557,109890,2024-09-07 03:39:36+00:00
127,810,13463,2024-07-22 10:55:45+00:00
128,1817,82101,2025-12-10 04:11:45+00:00
129,920,44982,2024-02-08 17:59:46+00:00
130,1861,73442,2024-10-05 03:22:35+00:00
131,1408,39486,2025-12-30 06:01:26+00:00
132,24,19190,2024-10-17 21:18:48+00:00
133,633,11456,2025-10-15 05:00:37+00:00
134,135,16171,2024-08-31 20:12:15+00:00
135,927,62583,2024-04-25 02:32:49+00:00
136,1779,15198,2025-11-04 10:48:33+00:00
137,1628,22457,2025-10-03 01:24:47+00:00
138,1350,22111,2024-07-05 03:01:12+00:00
139,102,3213,2025-02-15 09:11:52+00:00
140,1215,94861,2024-11-05 01:30:26+00:00
141,490,82952,2025-09-21 21:23:07+00:00
142,12,89582,2025-12-08 22:28:31+00:00
143,922,24391,2025-10-02 22:11:09+00:00
144,1888,109224,2026-01-08 06:43:09+00:00
145,51,81800,2024-09-07 01:42:56+00:00
146,1536,57308,2025-07-29 15:59:02+00:00
147,627,41093,2024-12-15 16:53:30+00:00
148,997,3738,2024-01-11 21:39:33+00:00
149,1064,39878,2025-07-31 09:20:01+00:00
150,964,111380,2024-08-17 22:19:16+00:00
151,357,111297,2025-06-22 10:33:01+00:00
152,884,42587,2024-04-12 00:36:43+00:00
153,1374,27329,2025-02-03 11:53:50+00:00
154,1827,16631,2024-12-20 21:58:38+00:00
155,614,63748,2024-11-20 16:27:22+00:00
156,809,79193,2025-08-30 09:31:51+00:00
157,807,69781,2024-06-07 06:18:46+00:00
158,268,37173,2025-10-20 05:00:58+00:00
159,340,51273,2024-06-22 04:28:40+00:00
160,552,43229,2025-06-30 13:46:03+00:00
161,1304,39029,2024-11-25 06:13:04+00:00
162,186,33206,2025-02-14 11:56:17+00:00
163,1988,58292,2024-11-10 12:20:32+00:00
164,1964,86717,2024-05-07 02:43:59+00:00
165,1967,27855,2024-08-31 00:35:25+00:00
166,1320,54154,2024-07-14 21:50:39+00:00
167,813,77749,2024-05-03 17:21:39+00:00
168,818,54378,2025-06-29 20:23:16+00:00
169,108,42921,2024-09-17 05:39:45+00:00
170,461,13089,2024-06-15 07:08:53+00:00
171,219,71648,2025-01-18 05:40:27+00:00
172,56,46189,2024-03-05 14:28:54+00:00
173,230,3948,2025-02-03 08:53:19+00:00
174,1676,109510,2024-05-17 21:29:28+00:00
175,1719,79845,2025-06-03 22:37:19+00:00
176,231,51741,2025-01-28 00:49:00+00:00
177,1266,8045,2024-04-05 12:17:13+00:00
178,1380,14735,2024-12-26 16:59:07+00:00
179,1701,3407,2025-04-23 15:12:30+00:00
180,1887,175,2024-09-22 16:52:33+00:00
181,1558,13529,2024-03-03 14:36:16+00:00
182,1708,47744,2025-09-26 03:49:00+00:00
183,665,53241,2025-09-24 16:03:42+00:00
184,1991,111794,2025-09-30 00:05:43+00:00
185,198,95849,2025-05-22 14:03:47+00:00
186,941,93305,2025-01-15 05:19:20+00:00
187,1145,13879,2024-04-11 07:29:42+00:00
188,1400,10689,2024-08-03 08:31:12+00:00
189,1881,33041,2025-03-21 20:25:09+00:00
190,899,101888,2025-05-16 18:22:17+00:00
191,171,98955,2024-12-07 04:49:04+00:00
192,59,96425,2024-12-29 02:06:53+00:00
193,831,5588,2024-02-22 01:33:37+00:00
194,898,3637,2025-04-03 01:21:50+00:00
195,1587,9003,2024-01-16 15:06:01+00:00
196,775,110586,2024-02-14 09:12:36+00:00
197,30,43561,2024-03-01 03:13:28+00:00
198,1073,67534,2025-11-30 06:01:23+00:00
199,933,53170,2025-04-11 00:21:35+00:00
200,450,31040,2025-12-29 19:38:06+00:00
201,1412,10026,2024-08-07 10:29:53+00:00
202,1674,113196,2025-10-24 00:28:20+00:00
203,1246,70968,2025-08-29 19:32:28+00:00
204,734,108715,2024-04-13 21:30:59+00:00
205,1382,32538,2024-01-22 04:28:54+00:00
206,1311,103975,2024-06-02 18:53:13+00:00
207,614,3094,2024-10-10 03:45:41+00:00
208,1443,57391,2025-08-07 04:09:05+00:00
209,109,99289,2024-06-02 13:02:06+00:00
210,1969,81630,2025-08-08 19:06:53+00:00
211,1675,12119,2024-09-18 09:56:01+00:00
212,1605,11081,2024-10-03 14:00:50+00:00
213,1081,15984,2025-10-19 02:39:46+00:00
214,727,30479,2024-10-07 08:38:44+00:00
215,1356,88548,2024-12-29 03:52:41+00:00
216,740,116205,2024-02-02 07:19:09+00:00
217,415,69499,2024-05-19 13:46:53+00:00
218,200,79126,2024-03-19 08:28:12+00:00
219,13,62073,2024-06-15 02:22:32+00:00
220,1587,26239,2024-05-16 00:51:17+00:00
221,1738,52465,2025-06-10 17:53:48+00:00
222,1237,64420,2025-05-01 18:33:02+00:00
223,690,67772,2025-09-22 01:48:03+00:00
224,147,38290,2025-08-03 10:45:46+00:00
225,1944,27743,2025-07-31 11:13:20+00:00
226,1734,35993,2024-06-17 08:41:44+00:00
227,467,99217,2024-04-14 11:25:00+00:00
228,80,75563,2024-10-12 00:23:57+00:00
229,495,85944,2025-06-20 23:53:24+00:00
230,415,119528,2025-12-08 11:07:21+00:00
231,940,35347,2025-03-26 18:51:20+00:00
232,1490,15484,2025-09-27 17:34:58+00:00
233,429,70851,2024-06-05 22:08:21+00:00
234,1653,105345,2025-01-13 04:06:25+00:00
235,1177,2029,2024-07-17 12:46:17+00:00
236,1066,20881,2024-09-14 08:48:16+00:00
237,994,69408,2024-06-22 15:59:15+00:00
238,1003,111544,2026-01-05 09:15:40+00:00
239,558,72660,2024-05-05 19:40:17+00:00
240,219,17882,2024-05-20 07:47:05+00:00
241,1053,110554,2024-11-23 16:41:06+00:00
242,614,74156,2025-05-03 21:11:59+00:00
243,1817,57672,2025-04-28 20:48:08+00:00
244,94,52619,2024-06-08 04:19:35+00:00
245,236,119383,2025-03-09 23:19:33+00:00
246,161,79869,2024-08-07 02:45:07+00:00
247,337,86481,2024-12-02 12:38:26+00:00
248,1339,59357,2024-03-06 03:18:54+00:00
249,1403,57215,2025-12-24 22:27:48+00:00
250,1033,86201,2025-07-23 09:37:02+00:00
251,1142,56269,2024-11-13 20:31:26+00:00
252,869,37249,2024-01-27 02:22:55+00:00
253,1410,78059,2025-01-16 20:39:00+00:00
254,1047,42818,2025-04-22 06:49:48+00:00
255,320,118880,2024-01-11 15:50:25+00:00
256,244,114079,2024-02-22 21:28:01+00:00
257,459,95478,2024-02-11 16:56:32+00:00
258,1811,72845,2025-03-03 01:45:10+00:00
259,1989,49849,2025-05-26 19:20:08+00:00
260,825,39406,2024-08-09 21:41:47+00:00
261,1752,84421,2024-10-26 22:12:21+00:00
262,1211,77286,2024-07-08 11:16:18+00:00
263,304,78396,2025-01-05 21:17:17+00:00
264,1962,61573,2025-01-18 10:25:23+00:00
265,768,85991,2024-06-04 00:13:54+00:00
266,50,54386,2024-05-20 21:14:22+00:00
267,1323,63287,2026-01-09 17:41:00+00:00
268,131,47022,2024-04-02 06:19:17+00:00
269,463,45339,2025-01-13 02:16:59+00:00
270,1774,75421,2025-12-11 03:54:24+00:00
271,1837,25092,2024-02-14 14:23:26+00:00
272,378,38438,2025-01-21 03:40:43+00:00
273,105,2964,2025-12-04 01:00:37+00:00
274,1958,46276,2025-05-04 05:04:18+00:00
275,1459,90337,2025-04-09 00:34:22+00:00
276,1319,27654,2025-08-23 12:12:56+00:00
277,1248,105903,2024-12-31 22:02:31+00:00
278,92,3472,2024-07-16 00:29:51+00:00
279,14,30311,2024-07-11 13:08:13+00:00
280,192,54366,2024-10-07 12:48:02+00:00
281,1074,86267,2024-07-24 00:05:12+00:00
282,1836,25429,2024-11-02 19:55:58+00:00
283,547,80660,2025-01-23 03:58:31+00:00
284,1939,119211,2025-09-04 00:37:58+00:00
285,499,62169,2024-12-03 09:09:20+00:00
286,1721,11068,2025-05-23 05:06:36+00:00
287,1166,38297,2025-06-09 19:02:23+00:00
288,1091,70266,2024-06-30 15:52:04+00:00
289,123,46393,2025-04-12 02:00:22+00:00
290,1922,2617,2024-06-20 10:50:44+00:00
291,16,63193,2024-01-15 05:22:27+00:00
292,1706,30219,2024-07-05 07:23:35+00:00
293,647,27193,2024-11-12 03:38:37+00:00
294,1607,102964,2024-05-24 08:01:48+00:00
295,705,37517,2025-11-28 07:43:44+00:00
296,505,7943,2025-03-24 18:00:05+00:00
297,1486,96164,2025-01-14 07:32:12+00:00
298,1389,115991,2025-01-24 14:02:38+00:00
299,1526,9570,2024-12-06 17:34:25+00:00
300,427,50106,2025-11-01 09:09:20+00:00
301,1347,63063,2025-04-20 21:09:21+00:00
302,431,33906,2024-05-28 05:33:38+00:00
303,1153,86635,2025-12-25 05:26:20+00:00
304,1583,4794,2024-07-01 12:10:18+00:00
305,584,92808,2025-12-09 13:40:32+00:00
306,499,114146,2025-07-16 01:23:19+00:00
307,1757,86411,2025-07-25 21:49:36+00:00
308,1428,116824,2025-07-29 23:29:48+00:00
309,36,55896,2025-02-18 01:57:22+00:00
310,1050,43674,2025-03-29 17:29:53+00:00
311,207,18826,2024-11-16 12:11:58+00:00
312,212,64915,2024-10-19 03:32:29+00:00
313,1324,102747,2025-01-30 10:24:15+00:00
314,1037,56667,2025-10-09 00:00:57+00:00
315,853,68636,2024-12-31 13:16:15+00:00
316,898,765,2024-07-02 18:34:18+00:00
317,1956,81862,2024-03-18 21:30:46+00:00
318,1348,106120,2024-02-26 09:21:02+00:00
319,1397,29422,2025-06-15 14:25:51+00:00
320,416,281,2024-07-28 01:01:55+00:00
321,1040,30903,2024-03-22 08:05:35+00:00
322,1714,83453,2025-07-27 15:17:03+00:00
323,834,8767,2024-09-10 20:42:08+00:00
324,604,72122,2025-02-15 09:39:18+00:00
325,1518,23952,2024-07-25 23:08:39+00:00
326,385,8520,2024-05-05 06:31:51+00:00
327,569,9796,2025-12-15 00:11:30+00:00
328,817,28870,2024-11-12 05:41:57+00:00
329,1310,25592,2025-04-07 00:45:20+00:00
330,1973,29288,2025-01-19 16:47:02+00:00
331,19,1387,2025-04-29 11:46:36+00:00
332,1472,18904,2024-02-23 10:38:33+00:00
333,540,81977,2024-06-01 00:14:48+00:00
334,486,5951,2024-02-07 06:30:43+00:00
335,1120,10711,2025-05-03 16:29:33+00:00
336,191,117825,2024-10-05 16:06:16+00:00
337,13,96076,2025-09-24 18:05:33+00:00
338,148,61544,2024-12-29 08:36:00+00:00
339,470,22657,2025-08-21 02:26:32+00:00
340,253,46876,2025-01-10 22:41:06+00:00
341,1902,69899,2024-03-31 21:56:27+00:00
342,647,72431,2024-11-01 15:15:54+00:00
343,1807,70995,2024-01-13 13:57:57+00:00
344,1648,64967,2024-03-06 10:15:08+00:00
345,389,105626,2025-02-26 19:07:45+00:00
346,449,35986,2025-08-06 15:08:53+00:00
347,1101,38659,2025-05-28 10:39:34+00:00
348,699,79224,2024-09-22 22:06:58+00:00
349,506,77533,2025-10-15 06:22:19+00:00
350,135,28417,2025-01-09 01:28:01+00:00
351,163,10623,2025-09-26 21:17:30+00:00
352,1325,12950,2024-06-08 02:37:02+00:00
353,1876,52700,2024-10-06 18:46:08+00:00
354,686,70631,2024-09-03 12:21:55+00:00
355,1685,97969,2024-04-12 16:20:49+00:00
356,1974,5709,2024-10-22 10:37:54+00:00
357,1556,102992,2025-07-18 18:35:44+00:00
358,141,28132,2025-04-18 06:06:09+00:00
359,983,23035,2024-02-13 17:52:29+00:00
360,839,28316,2026-01-06 14:42:40+00:00
361,641,1285,2024-09-26 10:34:48+00:00
362,149,29793,2025-04-29 02:36:03+00:00
363,133,107630,2025-09-14 08:00:39+00:00
364,1089,49673,2024-09-11 23:22:41+00:00
365,1982,10217,2024-01-30 11:38:53+00:00
366,264,72432,2025-07-13 15:03:36+00:00
367,911,12698,2024-11-09 22:15:45+00:00
368,503,40740,2025-05-28 05:20:52+00:00
369,1198,6538,2025-02-13 14:10:00+00:00
370,1066,115797,2024-01-23 14:45:45+00:00
371,112,48555,2024-03-08 23:41:55+00:00
372,1863,61580,2024-04-15 10:44:07+00:00
373,236,81448,2024-06-24 06:08:08+00:00
374,552,83252,2025-12-24 15:31:17+00:00
375,1994,45915,2024-12-11 15:16:40+00:00
376,1479,118213,2025-05-31 01:15:19+00:00
377,1691,76041,2024-12-04 19:07:28+00:00
378,1141,113559,2024-01-12 18:28:47+00:00
379,497,90814,2025-04-12 07:25:20+00:00
380,231,40446,2025-09-10 08:23:30+00:00
381,1800,41298,2024-08-17 08:41:54+00:00
382,84,46293,2024-11-29 13:18:58+00:00
383,770,54293,2025-02-04 23:32:26+00:00
384,1297,64811,2025-04-11 19:35:16+00:00
385,263,57568,2024-05-03 10:48:58+00:00
386,401,87997,2025-03-22 00:20:05+00:00
387,1829,12491,2024-01-22 02:10:29+00:00
388,1965,100392,2024-05-22 05:28:48+00:00
389,1407,103352,2025-03-28 22:11:33+00:00
390,308,48679,2025-11-21 09:11:31+00:00
391,649,46876,2025-11-06 13:32:56+00:00
392,194,24033,2025-07-18 04:18:13+00:00
393,904,58757,2025-11-12 00:47:54+00:00
394,1628,93222,2025-11-12 00:35:09+00:00
395,194,111886,2025-05-17 11:29:37+00:00
396,492,73794,2025-03-30 01:02:30+00:00
397,1031,13719,2025-03-18 15:20:43+00:00
398,967,72680,2025-12-30 21:28:24+00:00
399,1181,34141,2024-08-19 00:50:00+00:00
400,743,35162,2025-01-21 06:14:04+00:00
401,107,119144,2024-04-22 08:57:39+00:00
402,650,77983,2024-08-04 19:15:27+00:00
403,1194,46497,2025-11-20 10:34:14+00:00
404,703,30234,2025-11-25 06:47:53+00:00
405,661,10733,2025-03-07 09:33:04+00:00
406,1507,69127,2024-03-29 00:05:36+00:00
407,1485,55703,2024-09-13 22:51:40+00:00
408,1641,57903,2024-07-19 15:59:03+00:00
409,411,77670,2025-03-28 03:28:19+00:00
410,377,8445,2024-03-02 03:29:15+00:00
411,1143,118441,2024-10-05 16:27:51+00:00
412,794,44539,2025-09-05 13:23:56+00:00
413,426,117921,2025-01-02 08:52:40+00:00
414,1448,101663,2024-12-30 00:58:54+00:00
415,1174,3662,2025-02-18 15:18:12+00:00
416,775,87052,2025-06-12 20:20:04+00:00
417,878,65469,2024-07-06 19:34:24+00:00
418,1070,92352,2024-05-18 08:10:19+00:00
419,280,46660,2024-10-24 14:13:28+00:00
420,627,88789,2024-08-31 17:31:28+00:00
421,1249,68483,2025-05-04 06:54:49+00:00
422,1252,52364,2024-07-07 10:13:44+00:00
423,811,114045,2025-11-21 03:27:13+00:00
424,590,86778,2024-10-08 21:05:57+00:00
425,664,50982,2025-06-29 07:04:02+00:00
426,1927,82628,2025-04-26 10:16:35+00:00
427,1034,13851,2024-02-20 02:43:18+00:00
428,1606,70975,2024-07-29 14:08:57+00:00
429,705,114061,2024-11-11 16:05:50+00:00
430,68,76020,2024-03-15 00:17:05+00:00
431,1646,101631,2025-05-15 12:22:19+00:00
432,311,36265,2024-02-03 01:58:23+00:00
433,1812,17911,2025-11-13 10:59:25+00:00
434,1422,96086,2025-11-07 12:19:41+00:00
435,315,4049,2024-03-15 04:10:40+00:00
436,820,69038,2024-04-19 11:12:23+00:00
437,536,43560,2025-10-01 15:43:34+00:00
438,1336,4024,2025-08-25 10:44:56+00:00
439,1511,8303,2025-12-18 12:28:25+00:00
440,1741,56909,2024-08-14 21:32:46+00:00
441,1985,88668,2024-07-20 15:31:03+00:00
442,424,54139,2024-07-05 01:55:00+00:00
443,1440,84481,2024-02-19 11:18:00+00:00
444,885,116960,2025-11-14 00:18:25+00:00
445,35,52932,2024-01-15 04:45:25+00:00
446,1639,64158,2024-12-11 22:47:57+00:00
447,732,102294,2025-06-15 22:26:23+00:00
448,967,52269,2024-05-10 11:31:01+00:00
449,1648,42568,2025-07-14 01:41:32+00:00
450,1282,103507,2024-09-22 16:05:29+00:00
451,1588,61851,2025-10-07 15:38:35+00:00
452,1546,53990,2024-03-01 06:17:38+00:00
453,541,36892,2024-07-15 16:09:27+00:00
454,338,83955,2025-07-10 16:49:59+00:00
455,826,14585,2024-01-25 08:35:25+00:00
456,943,20830,2025-01-03 04:09:07+00:00
457,632,79645,2025-11-17 08:45:58+00:00
458,1795,55377,2024-09-10 00:18:27+00:00
459,754,81763,2024-10-23 13:47:49+00:00
460,1818,57670,2025-07-12 06:33:18+00:00
461,937,9215,2025-10-31 13:21:21+00:00
462,391,69229,2024-04-03 04:41:15+00:00
463,1800,34198,2024-02-03 14:11:39+00:00
464,1933,88725,2026-01-03 02:47:58+00:00
465,60,40389,2025-07-16 19:49:57+00:00
466,741,83512,2024-07-01 10:46:52+00:00
467,1519,31574,2025-01-20 18:58:51+00:00
468,221,106520,2024-01-25 05:44:59+00:00
469,1984,47946,2025-06-13 06:44:58+00:00
470,971,85985,2024-10-22 03:10:50+00:00
471,1453,105145,2024-09-11 05:36:57+00:00
472,1604,88665,2025-09-27 23:29:10+00:00
473,1839,98785,2025-01-10 21:09:51+00:00
474,1371,9485,2025-07-18 15:41:48+00:00
475,1697,110194,2025-03-20 13:40:43+00:00
476,1928,99614,2025-09-06 10:12:07+00:00
477,864,118359,2025-02-10 01:26:17+00:00
478,948,84362,2025-02-17 01:44:57+00:00
479,1054,15165,2025-10-08 10:50:20+00:00
480,669,113575,2024-08-30 02:19:06+00:00
481,1718,117062,2024-03-28 17:55:49+00:00
482,844,6452,2024-06-01 21:55:16+00:00
483,1803,81765,2024-05-28 12:32:32+00:00
484,324,83209,2025-12-06 04:13:29+00:00
485,262,1635,2024-07-05 02:57:00+00:00
486,1852,46956,2024-12-10 08:37:12+00:00
487,1891,15749,2025-06-09 21:50:54+00:00
488,1742,69969,2024-04-14 16:31:38+00:00
489,1693,105384,2025-05-02 04:10:31+00:00
490,1600,48349,2025-09-10 21:06:34+00:00
491,1947,48934,2024-01-26 18:30:08+00:00
492,525,4533,2024-06-28 19:43:18+00:00
493,1228,111435,2024-10-15 21:41:54+00:00
494,894,36616,2024-12-21 02:31:56+00:00
495,73,67316,2024-09-08 13:16:48+00:00
496,1067,33100,2024-07-25 09:31:21+00:00
497,1388,21684,2025-01-12 03:42:14+00:00
498,309,97613,2024-08-08 23:03:51+00:00
499,1253,25288,2025-02-12 17:27:26+00:00
500,813,16069,2024-03-14 23:50:31+00:00
501,1897,79655,2024-05-27 18:55:13+00:00
502,68,98258,2025-06-12 05:19:33+00:00
503,1638,45764,2025-06-04 22:58:31+00:00
504,1521,53295,2025-01-23 22:26:53+00:00
505,505,104835,2024-05-26 09:02:54+00:00
506,646,3752,2024-10-31 06:08:27+00:00
507,1572,87872,2025-09-17 04:37:31+00:00
508,1435,98517,2025-06-27 06:30:36+00:00
509,1049,12384,2025-08-04 10:03:18+00:00
510,1109,90465,2024-10-27 11:30:49+00:00
511,786,66876,2025-01-08 00:53:38+00:00
512,859,69597,2024-08-23 11:27:13+00:00
513,668,71600,2024-01-28 07:10:58+00:00
514,537,30284,2025-03-20 03:15:17+00:00
515,1168,1320,2024-07-08 22:17:17+00:00
516,1949,71842,2024-04-14 20:15:30+00:00
517,242,72184,2025-12-16 18:10:38+00:00
518,694,108835,2025-09-25 03:59:05+00:00
519,526,8492,2025-09-13 13:09:43+00:00
520,508,48338,2025-10-15 07:06:06+00:00
521,1360,4698,2025-11-15 23:50:08+00:00
522,1776,98106,2025-06-02 17:19:20+00:00
523,662,912,2024-05-08 04:06:16+00:00
524,580,91349,2025-01-12 11:58:04+00:00
525,1238,10509,2025-07-13 14:44:11+00:00
526,1028,75696,2024-12-15 17:05:42+00:00
527,908,41276,2024-02-09 03:19:12+00:00
528,53,101331,2025-05-04 01:57:36+00:00
529,355,93268,2025-08-08 16:09:40+00:00
530,1123,73155,2025-02-28 07:17:41+00:00
531,1718,43493,2025-12-18 05:58:28+00:00
532,1188,112115,2025-07-05 01:57:23+00:00
533,1994,82094,2024-10-19 20:45:06+00:00
534,1855,101644,2024-10-10 13:46:45+00:00
535,1887,95595,2024-08-11 12:21:28+00:00
536,372,95283,2024-10-26 09:01:53+00:00
537,287,3334,2024-04-05 14:22:32+00:00
538,1001,28628,2024-07-01 11:14:51+00:00
539,1223,65212,2024-08-31 18:13:35+00:00
540,534,78163,2025-06-13 11:22:17+00:00
541,1076,20247,2025-11-10 20:07:36+00:00
542,1946,77505,2026-01-03 08:39:18+00:00
543,1935,51961,2024-04-03 06:50:36+00:00
544,115,102077,2025-06-06 23:40:21+00:00
545,1721,1358,2025-07-14 04:40:38+00:00
546,691,41414,2025-10-31 14:22:19+00:00
547,1579,95958,2024-02-06 11:28:46+00:00
548,848,53927,2025-09-21 15:21:50+00:00
549,396,11185,2025-02-06 17:51:25+00:00
550,838,98939,2025-03-14 00:07:50+00:00
551,278,42007,2024-03-21 02:29:01+00:00
552,1389,90885,2025-03-20 14:57:04+00:00
553,781,102310,2024-05-23 10:11:51+00:00
554,1359,94150,2024-05-08 12:01:10+00:00
555,601,19752,2025-06-21 09:27:19+00:00
556,1127,49726,2024-11-22 04:52:15+00:00
557,1484,14389,2025-07-26 03:36:47+00:00
558,701,9840,2025-06-04 00:31:33+00:00
559,1849,90884,2024-01-19 18:18:04+00:00
560,1059,15057,2024-02-05 08:07:23+00:00
561,1648,78483,2024-09-28 21:28:47+00:00
562,1407,31629,2024-05-03 04:50:36+00:00
563,670,48266,2024-07-08 06:57:52+00:00
564,253,80064,2024-11-01 23:21:22+00:00
565,534,67660,2025-01-30 07:45:00+00:00
566,917,90162,2025-08-13 11:34:43+00:00
567,499,34291,2024-09-06 17:09:16+00:00
568,510,101823,2024-03-18 13:11:04+00:00
569,1753,36090,2025-12-24 11:47:47+00:00
570,1370,103149,2024-04-15 13:04:00+00:00
571,243,87894,2024-07-20 00:34:25+00:00
572,743,84199,2024-02-12 18:45:21+00:00
573,544,92409,2025-09-27 08:04:49+00:00
574,1964,60757,2024-07-22 08:21:45+00:00
575,1631,65790,2024-06-05 22:13:51+00:00
576,934,71043,2024-10-01 16:03:31+00:00
577,1875,48558,2024-12-14 10:59:24+00:00
578,891,74383,2025-07-01 03:48:44+00:00
579,686,93111,2024-06-05 01:42:13+00:00
580,11,25708,2025-03-31 13:04:07+00:00
581,1742,12704,2024-05-31 12:59:21+00:00
582,1376,81691,2025-05-25 16:18:47+00:00
583,158,30893,2025-05-20 12:45:24+00:00
584,956,112657,2025-08-30 01:45:53+00:00
585,1642,118746,2025-11-08 20:04:53+00:00
586,419,37033,2025-06-20 17:17:18+00:00
587,899,9843,2025-10-27 15:44:50+00:00
588,40,65333,2025-02-03 23:29:44+00:00
589,996,89200,2025-08-25 23:53:56+00:00
590,673,24747,2025-11-11 01:18:23+00:00
591,1812,17439,2024-07-07 10:59:09+00:00
592,1741,27740,2025-04-16 22:34:52+00:00
593,431,17691,2024-04-14 04:54:13+00:00
594,447,54318,2024-12-31 13:18:22+00:00
595,1587,9213,2024-08-16 08:43:12+00:00
596,1236,50584,2024-11-23 03:44:43+00:00
597,1869,21809,2024-04-16 11:37:39+00:00
598,1850,89949,2024-06-18 18:08:47+00:00
599,421,106136,2025-12-21 18:02:38+00:00
600,1715,106708,2025-06-30 16:12:34+00:00
601,1130,40251,2025-09-21 00:10:18+00:00
602,1109,78343,2024-03-15 10:06:51+00:00
603,1865,61355,2024-07-18 10:31:52+00:00
604,1955,19473,2025-02-20 08:29:50+00:00
605,1932,50027,2025-03-23 22:55:02+00:00
606,1234,105768,2024-08-10 20:06:06+00:00
607,1668,48495,2024-10-04 10:36:56+00:00
608,534,21409,2024-06-12 20:33:55+00:00
609,535,88945,2025-07-12 10:19:50+00:00
610,1908,59091,2024-08-21 07:08:54+00:00
611,482,87190,2024-11-11 18:20:34+00:00
612,1483,104850,2024-09-12 23:28:40+00:00
613,695,73454,2025-08-28 05:53:34+00:00
614,1135,15220,2025-04-28 19:53:51+00:00
615,615,60165,2025-03-29 20:30:02+00:00
616,898,105698,2024-10-04 19:13:18+00:00
617,144,94276,2024-01-10 21:05:10+00:00
618,1537,23844,2024-11-12 03:13:59+00:00
619,278,7871,2024-07-14 13:11:18+00:00
620,880,3921,2025-01-30 00:13:12+00:00
621,1787,54255,2025-07-28 12:36:12+00:00
622,261,116204,2025-12-02 21:43:15+00:00
623,609,91410,2025-11-18 12:54:37+00:00
624,1971,60550,2025-01-29 18:24:46+00:00
625,538,42832,2024-05-12 10:29:05+00:00
626,1266,48134,2024-01-21 01:56:18+00:00
627,1137,67438,2024-04-24 12:18:37+00:00
628,691,113554,2025-12-29 03:38:36+00:00
629,506,54296,2024-07-21 06:17:48+00:00
630,1970,117439,2024-07-11 15:56:42+00:00
631,327,39697,2024-06-10 23:41:58+00:00
632,1452,50004,2024-08-26 09:02:52+00:00
633,18,17120,2024-12-28 16:29:47+00:00
634,109,105320,2025-01-18 15:01:16+00:00
635,1233,67546,2024-09-10 22:06:25+00:00
636,547,119996,2024-07-30 15:13:15+00:00
637,1837,106969,2026-01-07 06:09:49+00:00
638,356,18955,2025-12-14 04:37:45+00:00
639,1312,119915,2025-07-16 08:25:35+00:00
640,674,5629,2024-02-16 00:12:55+00:00
641,48,44252,2024-08-07 11:45:00+00:00
642,51,82709,2024-04-21 18:26:47+00:00
643,1590,53946,2024-01-26 07:54:16+00:00
644,926,19605,2024-09-10 04:46:24+00:00
645,820,84482,2025-05-15 20:53:11+00:00
646,1056,15327,2024-10-20 19:11:20+00:00
647,128,9469,2024-09-16 02:15:42+00:00
648,209,10078,2025-07-19 19:24:06+00:00
649,820,96506,2024-05-22 02:02:47+00:00
650,1703,67521,2024-03-20 23:42:47+00:00
651,817,28378,2024-11-21 16:04:09+00:00
652,397,78977,2025-06-13 06:51:02+00:00
653,1432,5496,2025-08-16 06:00:09+00:00
654,1210,15171,2025-02-15 19:28:41+00:00
655,728,39222,2024-10-15 10:00:31+00:00
656,1214,31473,2024-12-28 12:53:28+00:00
657,1138,117810,2024-12-04 01:12:56+00:00
658,124,33509,2024-10-28 21:10:58+00:00
659,407,79007,2024-11-28 05:20:29+00:00
660,170,64935,2025-09-26 07:08:11+00:00
661,377,83512,2024-12-26 16:53:24+00:00
662,1967,54454,2024-08-18 04:27:04+00:00
663,1956,50752,2025-04-02 22:55:21+00:00
664,1375,116808,2024-08-28 09:18:31+00:00
665,1438,91933,2025-05-24 19:21:22+00:00
666,43,101641,2024-03-14 20:14:33+00:00
667,267,107437,2024-02-13 10:18:14+00:00
668,1303,72200,2024-03-16 02:26:30+00:00
669,425,90081,2024-08-16 00:08:37+00:00
670,1539,50079,2025-05-30 07:16:53+00:00
671,1349,19350,2025-09-28 12:04:40+00:00
672,957,93466,2024-12-19 07:26:35+00:00
673,731,112148,2024-07-26 19:24:16+00:00
674,467,29056,2024-10-24 16:06:06+00:00
675,78,73228,2024-01-31 14:38:38+00:00
676,1604,71091,2025-10-29 18:46:11+00:00
677,1672,12944,2024-08-30 05:42:03+00:00
678,1888,76130,2025-12-15 05:23:38+00:00
679,1267,93542,2025-09-02 01:45:48+00:00
680,256,31335,2024-05-27 03:59:07+00:00
681,347,14997,2025-04-15 07:53:45+00:00
682,1495,33481,2024-03-26 23:47:08+00:00
683,1093,45294,2025-09-29 07:35:31+00:00
684,665,17373,2024-06-25 00:11:29+00:00
685,1738,49121,2025-08-29 13:34:27+00:00
686,1695,18391,2024-06-07 03:49:34+00:00
687,1989,33867,2024-08-13 18:19:34+00:00
688,543,22471,2025-04-26 10:42:03+00:00
689,1679,29876,2025-09-17 20:41:27+00:00
690,1486,94490,2024-06-23 21:02:31+00:00
691,1193,15345,2025-07-30 23:01:23+00:00
692,1111,4705,2026-01-08 20:14:38+00:00
693,373,41187,2024-07-21 10:59:06+00:00
694,1534,18540,2024-12-20 08:01:58+00:00
695,1418,3633,2024-07-18 15:32:32+00:00
696,773,3551,2025-01-06 14:13:09+00:00
697,383,96,2024-02-16 02:29:12+00:00
698,851,88105,2025-02-14 18:38:55+00:00
699,1017,53822,2024-08-27 03:11:19+00:00
700,1988,1771,2025-11-16 03:22:35+00:00
701,1140,50302,2025-08-09 02:40:54+00:00
702,736,116649,2024-08-28 04:28:59+00:00
703,924,108379,2024-04-05 21:09:54+00:00
704,1243,65550,2024-11-28 01:39:57+00:00
705,1374,81876,2024-02-20 09:18:01+00:00
706,697,103362,2024-09-23 04:35:53+00:00
707,1133,101857,2025-04-22 18:22:59+00:00
708,1462,77520,2025-07-06 18:33:39+00:00
709,597,12473,2024-07-26 20:33:30+00:00
710,1242,111417,2025-05-14 06:51:46+00:00
711,1506,43723,2025-09-01 17:00:37+00:00
712,364,32441,2024-02-09 09:46:06+00:00
713,616,50835,2024-08-07 03:19:45+00:00
714,1848,89546,2025-06-06 05:54:35+00:00
715,1334,90152,2025-11-13 19:37:31+00:00
716,35,54713,2025-01-13 20:04:07+00:00
717,1514,42291,2025-09-14 14:33:07+00:00
718,155,83616,2024-09-30 23:19:48+00:00
719,727,73993,2025-04-07 21:47:16+00:00
720,1192,108567,2024-10-14 03:14:38+00:00
721,1251,99944,2024-12-23 09:38:24+00:00
722,1149,66129,2025-09-23 18:00:21+00:00
723,1099,98209,2024-10-26 22:22:28+00:00
724,1697,52998,2025-08-05 08:52:38+00:00
725,831,33149,2025-03-26 23:55:45+00:00
726,222,21841,2025-01-26 09:42:43+00:00
727,1036,115145,2025-03-09 13:28:08+00:00
728,1857,84246,2025-11-06 16:18:29+00:00
729,1464,23941,2025-07-03 11:58:10+00:00
730,25,95174,2024-02-26 20:54:45+00:00
731,179,72372,2025-10-12 19:48:36+00:00
732,463,20785,2025-06-22 04:38:18+00:00
733,1818,72876,2025-06-05 23:14:01+00:00
734,1405,77724,2025-06-10 11:49:29+00:00
735,438,67244,2025-07-11 12:05:17+00:00
736,363,10270,2025-12-13 07:41:15+00:00
737,334,14341,2024-12-27 14:20:00+00:00
738,1649,46277,2024-04-11 20:39:11+00:00
739,1765,52727,2024-06-26 15:31:33+00:00
740,1387,29352,2025-12-18 21:08:03+00:00
741,951,62128,2024-01-17 22:53:02+00:00
742,843,30135,2025-11-17 01:15:03+00:00
743,624,26540,2024-03-16 22:56:00+00:00
744,1628,70806,2024-09-08 02:58:35+00:00
745,763,82131,2025-11-19 11:18:22+00:00
746,41,90164,2024-11-08 23:05:23+00:00
747,636,87516,2024-06-25 08:31:26+00:00
748,1093,25706,2024-05-07 08:25:08+00:00
749,972,13278,2025-02-20 00:44:05+00:00
750,592,31061,2024-11-19 22:22:53+00:00
751,1423,90346,2025-07-20 14:11:30+00:00
752,914,49013,2025-10-25 22:23:26+00:00
753,1771,116823,2025-11-15 01:56:26+00:00
754,640,73673,2024-06-15 08:38:12+00:00
755,1109,5575,2024-06-21 01:18:32+00:00
756,984,115312,2025-06-05 13:42:44+00:00
757,1178,6630,2025-10-16 09:51:54+00:00
758,477,9868,2025-09-25 17:45:21+00:00
759,1225,102159,2024-09-03 11:37:10+00:00
760,1859,103581,2025-08-26 15:16:34+00:00
761,1951,56647,2025-01-05 14:30:14+00:00
762,1262,71406,2025-09-08 21:34:04+00:00
763,88,88077,2024-08-10 06:30:15+00:00
764,1004,107790,2025-04-09 03:45:40+00:00
765,1945,97649,2024-09-04 17:13:39+00:00
766,369,117565,2024-06-18 22:40:34+00:00
767,271,65864,2024-03-22 00:35:52+00:00
768,1215,3660,2025-12-02 18:01:00+00:00
769,1665,43008,2024-09-17 11:22:58+00:00
770,475,43394,2025-03-01 15:39:30+00:00
771,1260,66108,2025-01-09 19:17:37+00:00
772,891,97890,2024-03-25 08:57:33+00:00
773,284,67081,2024-04-11 06:28:59+00:00
774,1470,61110,2024-12-15 01:50:27+00:00
775,1130,14163,2024-04-07 13:46:38+00:00
776,1526,49988,2025-07-27 09:18:10+00:00
777,1795,32842,2024-04-24 08:04:03+00:00
778,324,116990,2024-02-13 22:25:53+00:00
779,712,105029,2024-04-09 15:34:09+00:00
780,951,145,2024-06-21 18:53:05+00:00
781,1458,37537,2024-07-19 03:53:18+00:00
782,599,94552,2024-12-06 02:33:10+00:00
783,997,15887,2025-06-17 23:22:09+00:00
784,6,5983,2025-11-06 18:24:46+00:00
785,604,30351,2024-02-06 20:50:18+00:00
786,1100,69508,2025-06-19 10:23:01+00:00
787,1001,44161,2025-09-18 19:46:26+00:00
788,715,8751,2025-08-31 02:02:24+00:00
789,1299,88988,2024-04-22 13:04:25+00:00
790,1700,56180,2025-02-25 09:14:51+00:00
791,1307,83602,2024-12-24 19:19:13+00:00
792,1613,78147,2025-01-16 01:25:22+00:00
793,1347,69866,2024-03-05 13:55:30+00:00
794,1167,50180,2025-11-27 10:13:53+00:00
795,1234,110991,2025-01-09 14:08:18+00:00
796,1278,9931,2025-05-11 09:25:50+00:00
797,17,80852,2024-04-13 01:31:40+00:00
798,449,37517,2025-11-16 01:54:40+00:00
799,1557,40923,2025-04-27 14:29:59+00:00
800,1754,108159,2025-03-03 23:57:27+00:00
801,1805,37088,2025-09-08 18:27:03+00:00
802,1559,41268,2024-12-22 21:18:52+00:00
803,969,82318,2025-07-05 10:25:29+00:00
804,1530,9787,2025-03-20 03:47:58+00:00
805,1424,21290,2025-03-05 16:13:55+00:00
806,653,82788,2025-03-21 06:15:06+00:00
807,894,72965,2025-03-11 08:51:48+00:00
808,888,118574,2025-08-04 06:10:22+00:00
809,1436,23649,2025-11-20 06:13:13+00:00
810,1328,59888,2025-01-11 06:50:56+00:00
811,1357,67228,2025-02-19 09:47:11+00:00
812,14,37429,2024-10-13 22:35:42+00:00
813,1838,82903,2024-08-11 20:14:02+00:00
814,1256,9406,2025-06-07 14:18:12+00:00
815,723,94449,2024-02-09 10:37:07+00:00
816,1880,53974,2024-10-05 13:01:01+00:00
817,870,45189,2024-08-20 01:19:17+00:00
818,87,105233,2024-03-07 15:47:32+00:00
819,142,8611,2025-05-19 21:17:09+00:00
820,1750,75571,2025-04-05 01:26:41+00:00
821,1932,64770,2025-12-30 22:58:09+00:00
822,731,41098,2025-10-03 13:16:01+00:00
823,1070,65952,2025-12-12 11:50:58+00:00
824,1588,29789,2024-09-07 08:21:39+00:00
825,1696,1347,2024-10-22 03:25:48+00:00
826,1271,34176,2024-04-27 02:51:07+00:00
827,852,45108,2025-12-07 12:22:04+00:00
828,1029,5221,2024-09-18 07:09:45+00:00
829,298,24803,2025-10-17 04:50:21+00:00
830,1606,54358,2024-06-22 05:51:48+00:00
831,1674,11074,2025-07-28 10:55:12+00:00
832,1743,95702,2024-11-03 00:48:46+00:00
833,106,78928,2025-08-11 01:14:34+00:00
834,1858,81363,2026-01-02 20:44:06+00:00
835,1216,107656,2025-10-30 00:37:04+00:00
836,968,33954,2024-12-06 10:53:33+00:00
837,192,6589,2024-10-08 21:08:12+00:00
838,1225,37353,2025-07-23 00:25:12+00:00
839,1806,88798,2025-04-03 18:28:07+00:00
840,1756,90634,2025-11-02 06:44:30+00:00
841,506,9951,2024-10-26 00:08:53+00:00
842,1444,62194,2025-05-12 12:56:27+00:00
843,1778,58183,2025-08-28 11:16:39+00:00
844,1039,43285,2024-08-31 12:47:42+00:00
845,447,119296,2024-01-21 15:03:59+00:00
846,1547,30248,2025-12-04 03:08:15+00:00
847,915,10263,2025-10-27 10:24:22+00:00
848,910,41146,2024-01-25 20:08:45+00:00
849,1744,115814,2024-05-13 07:26:55+00:00
850,27,110309,2025-07-11 17:18:04+00:00
851,1356,94273,2025-01-01 20:24:06+00:00
852,763,72834,2025-02-23 07:24:47+00:00
853,884,105661,2025-12-08 16:59:36+00:00
854,1535,87912,2025-01-03 17:36:55+00:00
855,1301,10164,2025-01-15 17:04:26+00:00
856,1945,78443,2024-05-19 08:59:36+00:00
857,1107,85277,2024-12-25 04:19:28+00:00
858,1816,107463,2024-09-22 14:26:44+00:00
859,1772,112358,2025-06-28 11:08:30+00:00
860,358,94503,2025-04-16 20:03:40+00:00
861,612,638,2025-06-09 06:25:16+00:00
862,401,27967,2024-06-03 22:22:39+00:00
863,1375,61290,2025-06-29 19:39:22+00:00
864,232,98744,2025-05-22 05:48:16+00:00
865,1605,86093,2024-06-29 20:19:30+00:00
866,1840,26131,2024-06-19 01:14:10+00:00
867,1443,96021,2025-10-05 01:30:18+00:00
868,1216,51711,2024-05-19 20:42:20+00:00
869,61,86012,2025-08-10 17:16:43+00:00
870,844,6390,2024-03-13 02:17:04+00:00
871,1476,94760,2024-12-03 22:23:11+00:00
872,945,59403,2025-09-28 02:31:54+00:00
873,1824,3458,2025-06-10 08:15:10+00:00
874,1983,84544,2025-11-03 07:43:08+00:00
875,494,95594,2025-05-05 15:54:35+00:00
876,1849,3042,2024-03-13 17:12:01+00:00
877,1364,92653,2024-09-16 18:22:58+00:00
878,218,16019,2024-06-15 08:44:29+00:00
879,1683,5314,2024-11-30 06:54:09+00:00
880,139,96809,2024-03-13 02:50:32+00:00
881,1356,1966,2024-05-20 01:48:17+00:00
882,316,55901,2025-02-26 13:33:17+00:00
883,1359,68199,2024-05-12 07:05:39+00:00
884,1734,112020,2025-06-08 19:24:49+00:00
885,467,115099,2024-11-18 02:50:32+00:00
886,545,29314,2025-08-06 18:20:19+00:00
887,1071,84006,2024-12-28 15:50:41+00:00
888,888,115838,2024-10-19 14:50:00+00:00
889,1002,48823,2025-05-19 19:01:45+00:00
890,1520,35278,2024-04-19 10:25:26+00:00
891,1598,53710,2025-08-07 10:19:24+00:00
892,226,18682,2025-12-03 19:42:59+00:00
893,1801,107918,2025-07-25 15:29:16+00:00
894,1617,61308,2025-03-24 01:57:37+00:00
895,623,779,2025-08-23 19:16:09+00:00
896,584,104160,2024-02-08 23:53:12+00:00
897,592,50864,2024-03-07 13:18:33+00:00
898,13,91724,2025-08-04 15:52:45+00:00
899,1320,119037,2025-11-16 06:51:06+00:00
900,1168,39138,2025-02-21 06:16:11+00:00
901,335,5699,2024-12-24 08:29:47+00:00
902,641,91778,2024-12-28 23:47:02+00:00
903,996,57056,2025-07-26 01:40:14+00:00
904,1639,78503,2025-10-28 17:55:07+00:00
905,215,66409,2024-05-21 11:17:14+00:00
906,743,44181,2025-01-15 22:05:34+00:00
907,1117,61548,2024-10-19 22:02:27+00:00
908,982,43017,2024-12-24 05:37:13+00:00
909,1984,72444,2025-07-13 20:42:20+00:00
910,42,111885,2024-02-03 18:54:12+00:00
911,576,92162,2025-10-29 06:48:07+00:00
912,1157,22813,2024-08-01 22:17:04+00:00
913,264,3054,2025-11-18 05:04:22+00:00
914,837,99131,2024-08-08 09:01:49+00:00
915,1808,112505,2025-10-09 19:25:30+00:00
916,1493,101948,2024-06-10 12:11:51+00:00
917,825,37748,2025-03-15 08:05:19+00:00
918,1009,92376,2024-11-16 10:31:36+00:00
919,1572,59441,2025-05-24 23:13:06+00:00
920,300,65820,2024-05-21 13:41:19+00:00
921,1669,80803,2025-01-16 09:41:09+00:00
922,596,7578,2025-05-29 05:12:50+00:00
923,951,85120,2025-12-17 00:08:11+00:00
924,677,67189,2024-06-02 12:19:32+00:00
925,1028,24163,2025-02-05 03:50:32+00:00
926,419,35974,2024-07-21 08:48:43+00:00
927,1005,104665,2025-10-29 08:02:28+00:00
928,1090,42043,2025-11-20 07:22:13+00:00
929,650,78332,2025-10-14 00:03:57+00:00
930,891,95349,2025-02-01 03:21:48+00:00
931,831,42194,2024-09-16 23:38:36+00:00
932,922,80555,2025-10-16 13:02:03+00:00
933,932,40272,2025-05-11 19:21:43+00:00
934,563,14266,2024-04-01 15:01:22+00:00
935,1062,60192,2024-08-03 05:04:58+00:00
936,516,25995,2024-02-07 17:48:00+00:00
937,1273,89676,2024-02-14 20:27:17+00:00
938,1972,108346,2024-06-03 17:50:37+00:00
939,590,66722,2025-03-11 15:30:24+00:00
940,1716,53122,2024-02-05 20:25:53+00:00
941,1460,2466,2024-04-08 22:06:32+00:00
942,1643,68600,2025-10-10 09:48:31+00:00
943,978,74707,2024-09-03 10:45:21+00:00
944,976,132,2025-06-16 18:21:25+00:00
945,1665,4900,2026-01-02 10:26:15+00:00
946,508,36914,2025-05-20 06:40:59+00:00
947,357,53804,2024-11-13 06:27:26+00:00
948,1648,15878,2025-01-22 01:59:36+00:00
949,1956,72200,2025-07-12 22:21:31+00:00
950,569,4756,2025-06-07 03:28:59+00:00
951,1060,83985,2024-05-17 18:15:16+00:00
952,1966,42973,2025-10-07 15:52:25+00:00
953,1397,16888,2025-02-21 16:21:55+00:00
954,967,83006,2025-12-30 09:51:49+00:00
955,1023,102761,2025-11-01 12:23:44+00:00
956,1000,4757,2025-07-11 08:15:57+00:00
957,618,10470,2025-05-10 11:30:27+00:00
958,214,64545,2025-06-25 15:14:09+00:00
959,1476,92912,2025-11-23 22:58:11+00:00
960,98,73334,2025-04-12 10:50:22+00:00
961,168,25224,2024-01-15 01:54:49+00:00
962,1807,90675,2024-03-18 04:08:36+00:00
963,367,5227,2025-08-27 22:37:41+00:00
964,476,7838,2025-06-02 15:20:09+00:00
965,1888,37885,2025-12-15 16:48:33+00:00
966,1433,108628,2024-08-09 08:06:14+00:00
967,1325,68281,2025-03-30 20:54:19+00:00
968,1866,115058,2025-06-13 03:10:19+00:00
969,968,9739,2024-04-24 04:29:45+00:00
970,1405,86016,2025-02-18 23:20:52+00:00
971,265,71848,2025-11-23 01:05:29+00:00
972,982,8287,2024-11-25 00:07:42+00:00
973,1162,20434,2025-07-14 17:41:22+00:00
974,1827,52755,2025-01-06 10:36:34+00:00
975,782,14505,2025-07-31 20:08:20+00:00
976,1755,108634,2024-11-28 14:54:38+00:00
977,1669,74499,2025-05-04 10:42:23+00:00
978,689,22371,2024-05-24 15:57:53+00:00
979,885,64820,2025-07-03 16:42:52+00:00
980,370,22607,2024-03-12 23:51:49+00:00
981,467,59168,2024-04-22 18:08:54+00:00
982,698,69067,2024-01-23 08:06:43+00:00
983,1265,37433,2024-07-27 20:59:56+00:00
984,304,76786,2025-07-06 21:06:31+00:00
985,522,108528,2025-09-01 04:29:17+00:00
986,148,84919,2025-05-13 19:33:58+00:00
987,651,39080,2024-07-18 20:26:57+00:00
988,516,55682,2024-02-22 20:20:41+00:00
989,834,85312,2025-08-08 12:53:43+00:00
990,1511,53511,2025-11-19 22:26:23+00:00
991,918,19714,2024-10-10 22:10:07+00:00
992,1102,79022,2025-01-24 09:42:04+00:00
993,1401,116404,2025-08-05 17:29:45+00:00
994,1948,65609,2025-11-09 23:50:08+00:00
995,1320,29720,2024-10-26 21:52:21+00:00
996,1399,71127,2024-03-23 03:19:01+00:00
997,814,88101,2024-08-29 19:53:12+00:00
998,1978,100775,2025-03-16 11:00:21+00:00
999,1070,71003,2025-12-02 08:39:02+00:00
1000,1517,31992,2025-07-22 08:45:25+00:00
1001,1954,94017,2025-01-19 01:14:52+00:00
1002,1019,57055,2024-12-05 07:59:28+00:00
1003,1948,69142,2025-10-20 04:01:31+00:00
1004,1639,93182,2025-07-09 14:16:15+00:00
1005,1443,104418,2025-09-26 07:45:40+00:00
1006,862,88273,2025-05-18 12:45:59+00:00
1007,1155,5660,2025-06-23 11:30:35+00:00
1008,329,59832,2025-12-08 20:55:46+00:00
1009,1318,97021,2024-12-15 12:56:52+00:00
1010,1071,108939,2025-12-27 16:30:51+00:00
1011,1830,20571,2025-01-04 15:54:09+00:00
1012,1786,38856,2024-10-04 20:02:55+00:00
1013,1741,10979,2025-06-03 04:44:45+00:00
1014,1821,20493,2024-03-24 00:50:11+00:00
1015,738,89879,2025-03-25 16:31:57+00:00
1016,290,38492,2025-02-09 05:40:06+00:00
1017,707,61336,2024-03-06 13:25:53+00:00
1018,1547,67314,2024-05-01 13:46:53+00:00
1019,644,1475,2025-01-17 06:13:09+00:00
1020,1440,87843,2025-10-14 05:15:13+00:00
1021,905,70491,2025-11-05 05:33:13+00:00
1022,1523,98569,2024-02-08 10:12:19+00:00
1023,1099,46875,2024-02-16 19:35:36+00:00
1024,1593,59506,2024-02-26 11:04:02+00:00
1025,428,53491,2025-08-21 09:38:28+00:00
1026,1399,87365,2024-02-15 07:24:44+00:00
1027,1822,71624,2024-07-18 09:26:35+00:00
1028,1294,82121,2025-09-17 06:16:41+00:00
1029,1537,38108,2024-03-14 14:12:51+00:00
1030,1992,29966,2024-01-18 05:19:41+00:00
1031,1327,117420,2025-08-17 09:20:30+00:00
1032,1330,28407,2025-05-09 12:31:06+00:00
1033,956,16221,2024-12-15 15:16:45+00:00
1034,1803,44979,2025-06-15 07:20:15+00:00
1035,666,48232,2025-11-11 07:16:34+00:00
1036,649,103267,2024-12-10 13:51:32+00:00
1037,1413,15183,2024-09-22 15:35:48+00:00
1038,1821,97063,2024-02-13 00:16:22+00:00
1039,1973,7194,2024-08-05 06:41:53+00:00
1040,1408,49483,2025-11-21 14:24:38+00:00
1041,821,95613,2024-10-06 07:41:23+00:00
1042,38,107492,2024-07-07 01:13:49+00:00
1043,189,96261,2025-03-16 21:20:31+00:00
1044,930,50888,2024-06-02 01:43:31+00:00
1045,1434,50105,2025-10-28 21:59:43+00:00
1046,1857,18772,2024-10-16 19:35:15+00:00
1047,1892,110283,2024-10-26 12:06:54+00:00
1048,969,14199,2025-07-29 11:58:49+00:00
1049,1519,23815,2025-03-31 20:37:36+00:00
1050,1196,90484,2024-08-21 03:52:56+00:00
1051,214,36153,2024-08-20 11:29:42+00:00
1052,64,6256,2024-02-20 23:37:26+00:00
1053,1101,73829,2024-01-31 16:11:19+00:00
1054,1547,93442,2025-05-01 03:55:22+00:00
1055,714,44874,2025-11-20 09:16:48+00:00
1056,737,75769,2024-07-09 21:40:37+00:00
1057,1252,3503,2025-08-20 03:13:26+00:00
1058,620,33577,2025-12-09 17:35:25+00:00
1059,1340,102678,2024-01-21 17:48:14+00:00
1060,789,69674,2025-10-28 10:55:16+00:00
1061,1206,98808,2024-09-12 11:49:53+00:00
1062,348,91321,2025-12-30 06:51:08+00:00
1063,552,39295,2025-05-08 17:39:45+00:00
1064,595,7685,2024-08-25 12:41:57+00:00
1065,223,1438,2025-02-13 11:09:30+00:00
1066,1214,85893,2024-05-28 20:10:20+00:00
1067,792,42142,2025-01-21 23:26:35+00:00
1068,281,44942,2024-05-06 10:20:08+00:00
1069,318,84576,2025-05-17 20:44:49+00:00
1070,560,18569,2025-10-03 21:35:34+00:00
1071,436,52057,2025-12-26 10:27:51+00:00
1072,1566,38069,2024-03-20 12:57:18+00:00
1073,1977,75982,2024-05-05 04:16:21+00:00
1074,1087,93274,2024-02-22 17:46:16+00:00
1075,948,30769,2024-12-12 06:51:54+00:00
1076,1219,3495,2024-02-28 08:15:54+00:00
1077,207,46385,2024-01-27 16:17:19+00:00
1078,1975,21515,2024-04-05 06:55:43+00:00
1079,1974,117746,2025-02-05 21:59:48+00:00
1080,1262,83063,2024-01-18 20:58:52+00:00
1081,1667,106842,2025-01-09 19:12:16+00:00
1082,600,49521,2025-08-13 07:31:54+00:00
1083,1917,117845,2025-07-21 09:54:42+00:00
1084,969,69528,2025-07-08 11:17:23+00:00
1085,359,97907,2024-12-01 07:56:22+00:00
1086,561,28525,2025-09-24 04:00:09+00:00
1087,406,117042,2024-12-21 13:09:56+00:00
1088,951,72396,2025-03-27 09:08:30+00:00
1089,186,18880,2025-12-31 21:11:29+00:00
1090,1576,86636,2025-03-02 18:20:31+00:00
1091,327,25959,2025-12-30 03:22:33+00:00
1092,40,102970,2024-09-22 01:18:51+00:00
1093,13,45009,2025-02-17 14:42:13+00:00
1094,1261,75196,2025-02-17 01:21:35+00:00
1095,749,118701,2025-04-06 19:16:14+00:00
1096,753,15161,2025-11-16 06:31:56+00:00
1097,721,101004,2024-05-26 12:13:58+00:00
1098,1064,20182,2024-11-06 00:14:04+00:00
1099,1561,99581,2025-12-08 12:26:25+00:00
1100,1767,86652,2025-02-16 16:28:30+00:00
1101,48,42434,2024-12-30 03:22:21+00:00
1102,1387,72403,2024-04-17 21:58:55+00:00
1103,1943,4574,2025-05-24 13:20:26+00:00
1104,1434,12675,2024-07-07 16:20:58+00:00
1105,1226,15649,2024-05-25 20:09:54+00:00
1106,1647,45525,2025-03-19 11:04:50+00:00
1107,542,63585,2025-04-14 22:24:54+00:00
1108,811,107461,2024-09-28 16:48:46+00:00
1109,797,88400,2024-08-04 15:07:34+00:00
1110,1806,112131,2024-05-03 11:23:26+00:00
1111,486,76620,2024-04-16 11:42:06+00:00
1112,1039,99180,2024-03-02 19:01:21+00:00
1113,127,21874,2024-04-30 09:36:27+00:00
1114,126,102493,2024-11-05 01:01:10+00:00
1115,1177,59418,2024-09-13 17:10:36+00:00
1116,241,97528,2025-07-03 20:08:39+00:00
1117,691,53478,2024-05-15 04:32:13+00:00
1118,1076,100359,2024-08-19 01:35:02+00:00
1119,1806,84238,2024-02-14 00:29:40+00:00
1120,1963,101203,2025-08-09 19:53:33+00:00
1121,1113,68732,2025-08-03 06:59:40+00:00
1122,284,104950,2024-02-16 22:04:22+00:00
1123,1399,25352,2025-04-30 16:34:03+00:00
1124,1692,37538,2025-08-29 05:52:20+00:00
1125,1702,7556,2025-12-05 16:09:20+00:00
1126,387,34752,2024-09-24 17:15:16+00:00
1127,1416,96147,2025-04-25 17:03:56+00:00
1128,1763,116256,2024-05-19 02:32:07+00:00
1129,12,107611,2024-02-11 04:51:50+00:00
1130,432,9188,2024-03-16 13:41:23+00:00
1131,1451,17388,2025-05-21 10:52:23+00:00
1132,1881,36857,2024-03-01 03:54:12+00:00
1133,1454,107897,2024-07-05 03:51:30+00:00
1134,650,21817,2024-12-27 10:28:25+00:00
1135,1554,84033,2025-01-11 11:58:53+00:00
1136,420,36013,2024-05-01 01:28:17+00:00
1137,380,43261,2024-11-11 21:38:28+00:00
1138,143,42609,2024-09-25 01:32:00+00:00
1139,778,103044,2024-03-13 13:17:46+00:00
1140,165,114383,2024-04-07 15:29:05+00:00
1141,109,37281,2024-12-20 15:07:57+00:00
1142,1671,15630,2024-05-25 00:57:08+00:00
1143,165,66647,2025-09-07 04:47:28+00:00
1144,497,94003,2025-06-07 04:26:41+00:00
1145,1737,52976,2024-07-30 02:58:47+00:00
1146,325,18142,2024-10-22 20:02:42+00:00
1147,479,87601,2025-04-25 16:40:50+00:00
1148,888,66554,2025-01-04 13:03:10+00:00
1149,1759,19906,2025-12-15 16:44:01+00:00
1150,557,28875,2024-01-26 06:03:49+00:00
1151,667,13904,2025-01-18 11:01:46+00:00
1152,1526,13177,2025-10-25 09:08:17+00:00
1153,405,58218,2025-04-26 02:50:56+00:00
1154,936,83923,2025-04-21 11:28:30+00:00
1155,412,101744,2024-07-24 16:27:35+00:00
1156,408,65703,2024-10-25 15:53:36+00:00
1157,1185,59833,2024-12-21 00:19:39+00:00
1158,1495,116942,2024-04-27 14:10:57+00:00
1159,1941,54566,2025-02-23 16:59:14+00:00
1160,956,16868,2025-08-13 03:45:58+00:00
1161,1276,48216,2024-02-14 19:22:57+00:00
1162,461,55221,2026-01-01 14:41:26+00:00
1163,876,28082,2025-08-10 06:25:47+00:00
1164,1617,111542,2024-11-20 03:55:59+00:00
1165,801,118776,2024-12-12 16:40:54+00:00
1166,1835,109054,2024-08-26 15:23:04+00:00
1167,1749,88275,2025-12-25 08:26:45+00:00
1168,1089,116638,2024-11-26 05:08:23+00:00
1169,212,81461,2025-09-09 22:13:54+00:00
1170,1695,75522,2024-09-23 07:27:53+00:00
1171,288,10930,2025-08-27 06:53:57+00:00
1172,1885,58422,2024-04-14 21:21:54+00:00
1173,1702,100499,2025-07-03 19:50:08+00:00
1174,1666,33087,2024-10-25 12:24:19+00:00
1175,1803,98118,2025-04-01 09:06:20+00:00
1176,1834,115769,2025-02-11 07:21:25+00:00
1177,591,19472,2024-09-19 04:12:39+00:00
1178,52,99249,2024-02-19 15:30:17+00:00
1179,559,10737,2025-12-12 10:48:53+00:00
1180,867,119873,2025-09-25 06:12:24+00:00
1181,1152,58103,2024-10-31 09:00:34+00:00
1182,1297,83722,2024-06-18 20:12:10+00:00
1183,36,96142,2024-08-14 17:55:59+00:00
1184,934,31023,2024-07-18 16:14:18+00:00
1185,260,20280,2025-01-17 01:35:30+00:00
1186,184,94207,2025-07-11 17:27:36+00:00
1187,56,41713,2025-06-21 16:03:40+00:00
1188,1801,29635,2025-12-11 22:46:14+00:00
1189,29,74231,2024-02-04 12:01:39+00:00
1190,1255,80871,2024-04-16 19:28:05+00:00
1191,1752,2266,2025-05-09 14:47:51+00:00
1192,334,83912,2024-10-22 12:13:07+00:00
1193,1802,15365,2025-09-21 08:35:56+00:00
1194,1089,107224,2025-07-22 23:30:27+00:00
1195,438,85430,2025-06-19 08:14:00+00:00
1196,1344,15134,2024-04-15 04:16:59+00:00
1197,1793,27851,2025-12-21 10:04:22+00:00
1198,1640,15629,2024-05-04 21:17:27+00:00
1199,370,20640,2025-08-20 09:09:27+00:00
1200,1533,59216,2026-01-01 20:01:27+00:00
1201,1822,16520,2025-08-31 07:35:45+00:00
1202,1030,44159,2024-01-17 01:40:14+00:00
1203,32,64380,2025-02-22 23:28:32+00:00
1204,586,56098,2024-09-23 00:24:53+00:00
1205,1277,44318,2024-05-18 18:44:10+00:00
1206,618,90449,2025-06-22 06:13:32+00:00
1207,1614,78622,2025-04-01 04:12:21+00:00
1208,1169,116598,2025-12-15 09:52:29+00:00
1209,1607,79299,2024-12-21 16:40:37+00:00
1210,1747,83149,2025-03-14 03:24:12+00:00
1211,788,10869,2025-05-18 04:02:24+00:00
1212,1459,115846,2025-07-07 22:38:38+00:00
1213,135,25712,2026-01-08 03:09:37+00:00
1214,297,7051,2025-12-19 19:57:39+00:00
1215,463,30488,2024-10-23 11:21:14+00:00
1216,527,30227,2025-09-23 04:30:07+00:00
1217,1014,61865,2024-12-24 21:28:09+00:00
1218,1958,59457,2024-02-23 09:17:32+00:00
1219,1738,74603,2024-02-12 11:35:36+00:00
1220,345,103378,2024-02-03 00:35:36+00:00
1221,1308,74781,2025-08-12 12:19:13+00:00
1222,369,12873,2025-09-16 05:05:16+00:00
1223,487,37443,2024-10-16 06:21:18+00:00
1224,49,8371,2024-08-30 12:27:02+00:00
1225,33,36187,2025-06-11 07:49:18+00:00
1226,1678,54906,2024-10-25 18:55:59+00:00
1227,905,25735,2025-10-31 14:41:28+00:00
1228,130,25490,2024-08-02 09:05:37+00:00
1229,286,113406,2024-10-03 12:59:14+00:00
1230,1263,38937,2025-08-19 22:40:29+00:00
1231,1112,108944,2025-01-27 02:20:03+00:00
1232,1159,49707,2025-05-23 23:00:34+00:00
1233,1149,36756,2024-06-03 08:43:19+00:00
1234,1046,49489,2024-06-15 08:11:21+00:00
1235,1356,76205,2024-01-28 12:03:49+00:00
1236,1550,103656,2025-10-08 22:56:53+00:00
1237,1171,68164,2024-08-16 16:52:37+00:00
1238,426,113,2025-04-21 10:52:18+00:00
1239,1175,75198,2024-09-21 11:04:09+00:00
1240,1894,110292,2025-01-04 22:04:05+00:00
1241,1619,24223,2024-12-21 05:20:19+00:00
1242,783,108268,2024-05-11 19:53:22+00:00
1243,1886,91452,2025-04-06 05:05:45+00:00
1244,1983,119370,2024-02-01 07:37:42+00:00
1245,642,24036,2024-10-06 18:47:40+00:00
1246,858,30120,2025-12-08 05:27:08+00:00
1247,620,59014,2025-09-23 19:23:06+00:00
1248,97,101567,2024-01-15 05:07:08+00:00
1249,849,25752,2024-07-10 11:22:40+00:00
1250,1865,28780,2025-03-09 02:23:26+00:00
1251,1829,106887,2024-03-11 23:49:38+00:00
1252,1052,66016,2024-02-03 08:20:53+00:00
1253,1762,49264,2025-01-07 11:57:19+00:00
1254,1519,61244,2024-06-02 09:31:13+00:00
1255,1054,85611,2025-06-14 21:48:30+00:00
1256,654,76569,2025-12-27 00:38:09+00:00
1257,132,61416,2025-02-14 23:44:40+00:00
1258,997,67328,2024-08-25 17:39:04+00:00
1259,391,54607,2025-06-05 07:05:04+00:00
1260,1942,33227,2024-05-30 14:55:53+00:00
1261,1154,104635,2024-08-21 14:43:17+00:00
1262,1224,71514,2025-06-28 12:27:03+00:00
1263,550,114464,2024-12-26 10:40:41+00:00
1264,382,47613,2025-05-29 21:22:39+00:00
1265,1409,106716,2025-10-25 22:10:51+00:00
1266,1270,65561,2025-02-18 09:06:11+00:00
1267,1811,102130,2024-09-27 01:22:03+00:00
1268,284,32159,2025-02-12 19:18:01+00:00
1269,864,59835,2024-06-17 17:34:32+00:00
1270,397,45805,2024-02-21 17:51:53+00:00
1271,1989,102743,2024-02-08 04:55:27+00:00
1272,243,91058,2025-09-25 08:16:41+00:00
1273,1804,31282,2024-08-25 03:55:42+00:00
1274,644,59205,2024-11-05 18:44:41+00:00
1275,1118,76044,2025-02-01 23:53:32+00:00
1276,1279,80841,2024-05-16 17:29:36+00:00
1277,163,111577,2025-07-29 14:50:30+00:00
1278,222,69422,2024-09-26 11:41:52+00:00
1279,1939,76485,2025-04-02 12:37:57+00:00
1280,1555,50939,2025-02-18 05:52:15+00:00
1281,1064,75247,2024-02-10 13:12:17+00:00
1282,394,20029,2024-06-25 05:53:46+00:00
1283,1422,50935,2025-10-06 16:20:35+00:00
1284,1122,38937,2025-06-07 15:44:19+00:00
1285,1676,18535,2025-07-17 23:38:27+00:00
1286,1278,112059,2024-04-21 07:48:45+00:00
1287,956,24148,2025-12-19 23:50:46+00:00
1288,1743,35397,2024-07-13 12:09:18+00:00
1289,1635,16534,2025-10-08 20:06:54+00:00
1290,116,45531,2025-01-11 10:17:36+00:00
1291,995,77500,2024-01-25 11:12:12+00:00
1292,1152,105868,2025-12-26 00:34:32+00:00
1293,1227,86774,2024-12-12 04:16:26+00:00
1294,1485,87946,2024-11-08 14:55:19+00:00
1295,928,114784,2024-03-20 20:31:42+00:00
1296,55,106455,2025-05-01 14:55:02+00:00
1297,1660,36894,2024-12-08 23:40:59+00:00
1298,1089,104240,2025-09-12 23:07:16+00:00
1299,344,59784,2025-01-02 00:20:00+00:00
1300,1190,30546,2024-10-15 16:33:04+00:00
1301,1522,73440,2025-01-11 22:34:47+00:00
1302,1936,43995,2025-08-27 17:55:07+00:00
1303,1157,58692,2024-07-28 12:59:55+00:00
1304,707,38992,2025-12-31 03:57:40+00:00
1305,1038,63963,2025-03-09 16:51:10+00:00
1306,1629,14781,2024-07-08 12:34:52+00:00
1307,1817,93264,2025-11-17 02:47:05+00:00
1308,1061,55885,2024-09-30 14:57:32+00:00
1309,1491,109826,2025-06-12 22:15:31+00:00
1310,974,44421,2025-06-21 05:19:15+00:00
1311,1119,18613,2025-04-17 14:50:13+00:00
1312,80,106797,2025-01-15 08:08:14+00:00
1313,5,109479,2025-04-05 10:31:53+00:00
1314,667,53513,2025-02-15 02:19:19+00:00
1315,1845,5807,2025-01-31 22:02:02+00:00
1316,849,76303,2024-11-03 11:13:38+00:00
1317,528,37621,2024-08-09 08:20:29+00:00
1318,1877,37542,2024-07-17 14:39:34+00:00
1319,781,5145,2024-12-24 16:00:19+00:00
1320,1087,51050,2024-10-18 21:13:45+00:00
1321,1490,28028,2025-11-25 01:34:32+00:00
1322,1473,86182,2025-10-12 19:57:08+00:00
1323,1920,48498,2024-02-27 18:49:41+00:00
1324,520,83769,2024-09-23 00:52:53+00:00
1325,196,11345,2025-06-17 11:48:23+00:00
1326,1014,21779,2024-12-30 13:23:05+00:00
1327,642,47143,2025-03-20 08:41:33+00:00
1328,847,78617,2025-03-09 23:01:07+00:00
1329,1293,43398,2025-06-25 10:05:20+00:00
1330,1448,111569,2024-10-28 22:54:31+00:00
1331,847,45774,2024-02-12 16:19:12+00:00
1332,1417,39677,2025-03-16 09:51:47+00:00
1333,901,28034,2024-10-05 10:55:58+00:00
1334,1857,52869,2025-05-30 14:02:16+00:00
1335,1112,46490,2026-01-10 03:05:08+00:00
1336,551,95301,2025-06-05 06:08:49+00:00
1337,18,4924,2025-10-19 08:23:25+00:00
1338,136,106185,2025-08-31 03:06:53+00:00
1339,654,102634,2025-07-19 23:44:14+00:00
1340,1142,80066,2025-08-14 00:04:23+00:00
1341,1379,29652,2025-03-15 02:37:13+00:00
1342,1617,102954,2025-11-11 14:39:38+00:00
1343,1916,117111,2025-02-23 23:12:23+00:00
1344,45,119432,2025-11-14 10:00:16+00:00
1345,1804,12832,2024-11-27 11:41:30+00:00
1346,1966,43455,2024-10-01 01:30:41+00:00
1347,276,363,2025-10-26 09:36:27+00:00
1348,443,25854,2024-06-01 04:35:36+00:00
1349,303,62176,2025-01-15 00:47:12+00:00
1350,1980,113927,2024-02-26 01:31:24+00:00
1351,1103,31111,2024-11-25 06:02:36+00:00
1352,671,74684,2025-05-18 12:44:57+00:00
1353,1851,4906,2024-06-28 00:04:01+00:00
1354,1362,68146,2024-03-20 12:20:04+00:00
1355,1369,43465,2025-12-27 15:24:56+00:00
1356,167,80585,2024-01-14 09:59:08+00:00
1357,601,29509,2024-09-28 05:18:12+00:00
1358,1614,87801,2025-06-07 04:44:29+00:00
1359,1458,31027,2024-04-05 04:11:51+00:00
1360,988,104975,2024-12-25 01:20:45+00:00
1361,1127,88800,2025-09-29 07:53:33+00:00
1362,450,115200,2024-09-18 13:43:49+00:00
1363,14,15316,2025-10-21 02:09:36+00:00
1364,1536,72677,2025-10-23 21:02:36+00:00
1365,930,17625,2025-02-16 19:13:32+00:00
1366,976,117152,2024-10-31 09:58:27+00:00
1367,1058,8408,2024-01-22 05:07:26+00:00
1368,954,109264,2024-01-13 05:39:46+00:00
1369,1304,91819,2025-08-18 19:29:50+00:00
1370,1916,57629,2025-09-15 21:10:27+00:00
1371,1966,90671,2025-01-18 04:47:27+00:00
1372,350,100944,2025-07-24 21:10:26+00:00
1373,1704,21286,2024-01-19 16:52:22+00:00
1374,408,76620,2024-09-11 13:41:43+00:00
1375,1227,82367,2025-08-24 14:02:34+00:00
1376,1453,14927,2025-09-06 19:40:05+00:00
1377,722,3303,2025-10-27 07:09:08+00:00
1378,1165,77719,2024-02-09 10:06:32+00:00
1379,690,40180,2025-06-29 16:39:02+00:00
1380,234,29234,2024-07-16 00:46:33+00:00
1381,401,80264,2024-09-07 06:37:24+00:00
1382,383,18782,2024-06-16 14:54:50+00:00
1383,46,21207,2024-12-05 17:07:19+00:00
1384,1319,114739,2024-12-27 04:35:33+00:00
1385,1967,54945,2025-03-23 16:33:53+00:00
1386,1501,66080,2024-06-13 04:50:35+00:00
1387,409,105376,2024-08-06 17:59:43+00:00
1388,747,72494,2025-12-14 01:20:23+00:00
1389,1355,85657,2024-02-02 07:44:40+00:00
1390,1690,68165,2026-01-02 04:31:00+00:00
1391,575,89837,2025-04-10 20:14:42+00:00
1392,1228,53444,2025-03-30 04:38:05+00:00
1393,1812,46533,2025-06-14 09:47:54+00:00
1394,1870,35010,2024-01-30 01:50:30+00:00
1395,1200,90628,2025-05-07 16:04:46+00:00
1396,1918,77475,2025-05-24 12:27:38+00:00
1397,1983,55887,2024-08-25 11:03:33+00:00
1398,99,60829,2025-12-01 09:22:54+00:00
1399,618,46035,2024-10-15 09:55:11+00:00
1400,239,49092,2025-09-13 11:11:06+00:00
1401,980,104882,2025-02-07 05:27:25+00:00
1402,1259,55723,2025-03-29 16:47:24+00:00
1403,1476,78541,2024-01-15 14:42:32+00:00
1404,758,27677,2024-01-19 07:23:18+00:00
1405,38,104607,2025-03-25 06:47:51+00:00
1406,1023,117413,2024-11-30 16:09:48+00:00
1407,674,24209,2025-05-10 13:36:06+00:00
1408,1960,36057,2024-10-21 08:16:25+00:00
1409,88,97297,2024-03-27 22:45:37+00:00
1410,1473,79397,2025-02-26 18:50:29+00:00
1411,567,16580,2024-09-16 07:18:10+00:00
1412,1318,2720,2024-08-08 22:40:45+00:00
1413,341,42480,2025-02-14 12:09:19+00:00
1414,929,45661,2024-02-02 20:45:42+00:00
1415,762,34013,2025-07-03 15:09:22+00:00
1416,612,74174,2025-11-23 09:10:49+00:00
1417,779,12042,2025-10-23 13:21:43+00:00
1418,1645,31053,2024-07-15 05:54:23+00:00
1419,1815,5207,2025-03-21 01:57:58+00:00
1420,1145,45736,2025-03-26 19:12:23+00:00
1421,416,76350,2024-06-10 21:10:41+00:00
1422,747,94079,2024-12-02 07:52:01+00:00
1423,25,17900,2025-04-15 10:00:06+00:00
1424,1262,92656,2025-09-24 09:09:59+00:00
1425,1594,63820,2024-12-12 15:46:47+00:00
1426,234,100089,2024-05-31 01:53:37+00:00
1427,652,30102,2025-08-09 22:59:16+00:00
1428,855,67512,2025-12-27 23:30:23+00:00
1429,676,15580,2024-10-11 20:19:26+00:00
1430,1247,85861,2025-05-22 02:16:14+00:00
1431,1944,113531,2026-01-09 18:03:54+00:00
1432,674,65317,2024-11-20 05:00:40+00:00
1433,168,4778,2025-11-10 17:12:07+00:00
1434,469,80012,2024-03-17 18:38:38+00:00
1435,655,46382,2024-02-27 23:11:41+00:00
1436,851,55216,2024-05-16 11:34:48+00:00
1437,1369,105173,2025-01-23 15:26:49+00:00
1438,206,42062,2025-06-27 22:43:00+00:00
1439,574,91392,2025-10-28 10:51:34+00:00
1440,572,85057,2024-07-23 09:14:51+00:00
1441,100,67162,2024-11-03 13:35:12+00:00
1442,1009,94024,2024-08-11 00:27:38+00:00
1443,1868,61648,2024-02-08 02:39:42+00:00
1444,1101,99424,2025-08-30 14:14:34+00:00
1445,1164,42496,2024-07-04 21:18:50+00:00
1446,291,28129,2024-03-26 05:31:39+00:00
1447,1497,85492,2024-07-28 17:49:01+00:00
1448,1238,55357,2024-12-20 23:30:50+00:00
1449,1706,55889,2025-06-24 10:04:42+00:00
1450,1000,37199,2025-03-20 19:20:52+00:00
1451,1790,108877,2024-07-16 04:15:40+00:00
1452,1554,22907,2024-07-23 07:49:40+00:00
1453,1328,77125,2024-08-05 07:08:53+00:00
1454,1862,65080,2025-08-24 17:03:48+00:00
1455,155,8139,2024-05-16 13:18:46+00:00
1456,369,32930,2024-05-12 11:38:57+00:00
1457,1136,108703,2025-10-29 20:04:58+00:00
1458,349,40883,2024-04-20 09:04:23+00:00
1459,1423,38548,2025-01-19 05:22:46+00:00
1460,819,69754,2025-07-14 21:19:54+00:00
1461,1652,11751,2024-11-29 22:58:11+00:00
1462,923,98017,2024-12-12 08:04:54+00:00
1463,1268,76601,2025-12-24 06:52:17+00:00
1464,454,70645,2024-03-27 01:31:45+00:00
1465,635,19109,2024-02-13 02:12:45+00:00
1466,1926,84261,2025-01-27 16:15:05+00:00
1467,1162,81243,2025-09-09 22:08:12+00:00
1468,540,48667,2025-06-03 19:39:18+00:00
1469,1943,35785,2024-04-19 11:56:04+00:00
1470,1786,52823,2025-10-21 11:02:45+00:00
1471,1894,35127,2024-11-28 16:27:56+00:00
1472,1344,11607,2025-03-10 01:34:23+00:00
1473,608,35644,2024-09-04 01:50:07+00:00
1474,105,21243,2025-11-07 20:17:53+00:00
1475,126,19004,2024-07-01 17:55:43+00:00
1476,1178,107624,2025-05-06 11:09:28+00:00
1477,167,47286,2025-10-03 11:29:27+00:00
1478,1836,61663,2025-04-02 15:41:51+00:00
1479,750,74763,2025-05-09 00:53:24+00:00
1480,820,97273,2024-12-10 17:44:50+00:00
1481,1935,55283,2024-11-16 17:06:35+00:00
1482,406,11648,2024-10-17 22:01:30+00:00
1483,1559,95539,2025-09-04 18:48:35+00:00
1484,1489,66574,2025-06-23 13:12:10+00:00
1485,1918,18532,2024-10-27 03:32:39+00:00
1486,1652,15406,2024-05-24 04:08:29+00:00
1487,437,110347,2025-05-28 12:11:08+00:00
1488,496,68585,2024-10-17 02:41:32+00:00
1489,1505,51263,2024-05-28 23:23:30+00:00
1490,1827,79802,2025-07-21 03:26:11+00:00
1491,1758,31993,2025-10-12 10:17:49+00:00
1492,234,2556,2024-05-23 19:41:59+00:00
1493,1563,60396,2025-11-01 08:41:04+00:00
1494,1110,69829,2025-12-27 15:01:29+00:00
1495,1362,86893,2025-03-13 01:35:40+00:00
1496,1719,82383,2025-09-02 21:02:30+00:00
1497,910,45292,2025-12-28 12:09:17+00:00
1498,304,90692,2024-06-18 08:30:29+00:00
1499,851,89705,2025-12-26 05:52:01+00:00
1500,575,43160,2025-02-26 18:40:07+00:00
1501,1320,117773,2024-06-27 10:17:11+00:00
1502,1316,53202,2025-06-22 08:42:57+00:00
1503,120,64755,2025-10-19 01:47:21+00:00
1504,1077,25577,2024-02-20 11:39:48+00:00
1505,99,106293,2025-12-10 11:37:30+00:00
1506,1236,107055,2024-03-29 12:03:41+00:00
1507,1203,118876,2025-05-16 02:44:02+00:00
1508,1468,43545,2024-07-30 11:32:14+00:00
1509,1631,16722,2025-09-17 15:45:22+00:00
1510,382,97675,2024-11-26 20:35:40+00:00
1511,1884,28585,2024-06-21 21:08:23+00:00
1512,883,64696,2025-02-28 09:27:49+00:00
1513,1380,49663,2025-01-23 21:43:18+00:00
1514,705,110866,2025-06-18 15:33:16+00:00
1515,772,76561,2024-02-18 09:57:02+00:00
1516,1228,51364,2025-04-19 18:38:03+00:00
1517,353,30677,2025-12-02 18:11:02+00:00
1518,1240,62948,2025-01-08 03:29:56+00:00
1519,1776,77008,2024-02-05 01:45:57+00:00
1520,1552,907,2024-09-22 06:45:59+00:00
1521,111,113778,2024-12-11 14:38:35+00:00
1522,66,95374,2025-06-04 00:31:22+00:00
1523,485,94517,2025-08-11 02:37:15+00:00
1524,1267,40757,2025-06-13 11:07:40+00:00
1525,1164,85203,2024-05-06 15:47:18+00:00
1526,1736,82099,2025-08-08 10:56:32+00:00
1527,137,23515,2025-02-10 22:59:00+00:00
1528,601,110990,2024-04-29 03:59:06+00:00
1529,1689,102869,2025-05-31 02:25:46+00:00
1530,976,117752,2024-06-30 22:05:06+00:00
1531,43,98857,2025-01-04 00:24:34+00:00
1532,1804,50687,2024-09-25 04:18:38+00:00
1533,458,86824,2024-02-05 02:40:42+00:00
1534,767,86503,2024-07-07 09:36:57+00:00
1535,773,4891,2024-08-25 01:20:30+00:00
1536,713,81227,2025-09-27 19:37:06+00:00
1537,1494,84734,2024-01-28 12:32:44+00:00
1538,1646,3014,2024-07-06 12:08:10+00:00
1539,1823,82672,2025-02-19 04:14:12+00:00
1540,1002,34564,2024-06-24 14:40:25+00:00
1541,26,20115,2024-11-22 12:21:52+00:00
1542,827,99750,2025-06-28 00:45:53+00:00
1543,140,68097,2025-10-16 14:20:59+00:00
1544,402,8489,2025-05-21 23:33:43+00:00
1545,771,8669,2024-10-25 16:36:51+00:00
1546,1888,46820,2025-11-22 02:33:58+00:00
1547,564,65565,2024-03-14 07:09:00+00:00
1548,473,44922,2024-11-04 21:46:27+00:00
1549,780,17882,2024-02-26 13:51:31+00:00
1550,787,39605,2025-07-30 08:45:56+00:00
1551,882,94951,2025-07-17 19:17:55+00:00
1552,1420,64419,2024-10-24 02:11:36+00:00
1553,1009,49304,2024-09-25 13:19:58+00:00
1554,485,23277,2024-10-13 03:21:41+00:00
1555,661,110149,2024-06-11 05:21:54+00:00
1556,1306,74246,2025-03-26 04:55:59+00:00
1557,742,44242,2025-03-09 04:19:49+00:00
1558,797,54430,2025-06-27 07:19:06+00:00
1559,1380,21107,2024-10-24 08:01:24+00:00
1560,1135,105913,2025-01-15 13:05:00+00:00
1561,90,25767,2024-11-10 14:00:55+00:00
1562,183,74278,2025-02-04 21:08:37+00:00
1563,1745,60489,2024-03-26 19:30:21+00:00
1564,1259,80320,2024-01-25 12:05:14+00:00
1565,1715,51399,2025-05-16 01:09:40+00:00
1566,321,22114,2025-05-19 03:32:50+00:00
1567,1856,71616,2025-08-17 18:40:54+00:00
1568,126,79205,2025-11-05 16:07:27+00:00
1569,1318,104580,2025-08-30 14:35:07+00:00
1570,785,24777,2025-07-21 10:08:44+00:00
1571,1963,53635,2025-08-07 20:52:53+00:00
1572,1476,55088,2025-02-11 23:36:01+00:00
1573,146,62782,2025-07-19 01:41:34+00:00
1574,1425,64348,2025-07-03 18:37:26+00:00
1575,1880,84697,2024-07-26 16:22:51+00:00
1576,19,66302,2025-05-30 16:10:17+00:00
1577,1748,99101,2024-11-16 19:40:24+00:00
1578,1168,13306,2025-03-09 23:39:42+00:00
1579,1239,63106,2024-10-06 02:50:17+00:00
1580,1383,101917,2025-09-30 18:06:26+00:00
1581,371,20235,2025-08-31 14:33:07+00:00
1582,430,36462,2024-02-09 23:30:06+00:00
1583,1269,90134,2025-03-04 07:26:59+00:00
1584,45,84221,2024-06-20 11:55:57+00:00
1585,1417,8915,2024-09-15 20:56:30+00:00
1586,379,103677,2024-02-25 11:00:57+00:00
1587,1733,15593,2025-01-10 06:21:40+00:00
1588,206,97247,2025-10-11 18:12:50+00:00
1589,698,35697,2024-10-28 09:37:26+00:00
1590,648,79357,2025-01-02 08:48:11+00:00
1591,131,49458,2025-08-17 17:51:02+00:00
1592,861,49634,2024-09-20 15:30:50+00:00
1593,700,53017,2024-01-23 20:39:20+00:00
1594,395,73430,2025-12-31 03:00:02+00:00
1595,557,112715,2025-12-19 23:30:07+00:00
1596,117,83276,2025-07-03 19:31:10+00:00
1597,1972,18007,2024-01-29 23:28:18+00:00
1598,1628,70970,2024-07-21 15:10:38+00:00
1599,702,64509,2025-05-03 06:22:15+00:00
1600,32,119915,2025-08-21 10:25:59+00:00
1601,105,62509,2024-12-02 01:39:41+00:00
1602,1263,63046,2024-11-04 19:48:09+00:00
1603,1249,25732,2024-01-26 22:15:13+00:00
1604,634,119,2024-07-28 13:03:32+00:00
1605,1219,43551,2025-10-27 15:31:45+00:00
1606,1254,7826,2024-11-12 23:17:48+00:00
1607,625,16679,2025-12-24 02:47:27+00:00
1608,534,2107,2025-03-16 12:39:44+00:00
1609,809,35830,2025-07-17 09:31:31+00:00
1610,1220,83960,2025-08-05 08:07:13+00:00
1611,173,21581,2025-09-09 04:36:32+00:00
1612,1478,118864,2025-05-07 14:56:58+00:00
1613,682,102456,2024-12-13 07:12:37+00:00
1614,819,18966,2025-10-15 04:51:36+00:00
1615,691,19806,2025-12-08 20:40:56+00:00
1616,1538,31588,2024-06-14 15:10:43+00:00
1617,375,20783,2025-08-14 17:14:24+00:00
1618,1003,119376,2025-11-09 01:10:44+00:00
1619,471,68001,2024-06-26 11:12:27+00:00
1620,1263,106638,2025-12-14 09:58:27+00:00
1621,755,86241,2024-05-09 12:35:29+00:00
1622,226,12572,2025-04-08 18:54:10+00:00
1623,404,97147,2024-04-01 15:38:03+00:00
1624,709,96994,2024-04-08 15:21:46+00:00
1625,1587,1658,2024-04-08 11:03:58+00:00
1626,1177,103140,2025-07-21 23:32:10+00:00
1627,1836,64898,2024-05-03 11:10:29+00:00
1628,1542,97778,2024-12-18 08:26:17+00:00
1629,506,110388,2025-10-06 22:10:02+00:00
1630,1377,34854,2024-09-17 15:57:10+00:00
1631,1941,99683,2024-06-26 16:41:25+00:00
1632,628,72456,2024-08-23 20:10:42+00:00
1633,503,58658,2025-01-05 04:52:45+00:00
1634,1717,3140,2025-03-16 02:58:55+00:00
1635,1723,101005,2025-07-31 13:16:40+00:00
1636,1149,6757,2024-07-31 15:13:10+00:00
1637,169,78837,2025-12-23 18:48:27+00:00
1638,1002,26526,2024-02-18 14:40:19+00:00
1639,1229,110356,2026-01-09 20:42:39+00:00
1640,312,55400,2025-09-09 08:16:53+00:00
1641,955,8940,2025-02-06 06:17:11+00:00
1642,643,118131,2024-05-04 00:12:45+00:00
1643,371,50092,2025-01-14 22:40:28+00:00
1644,1693,62398,2025-02-25 17:34:53+00:00
1645,1648,38974,2024-06-18 04:15:04+00:00
1646,1359,67638,2025-05-16 09:41:12+00:00
1647,675,80536,2025-12-13 19:23:39+00:00
1648,1444,21846,2024-07-15 05:18:39+00:00
1649,1583,36870,2024-02-15 02:50:01+00:00
1650,1239,78482,2025-01-11 04:53:58+00:00
1651,573,59675,2025-04-15 07:22:03+00:00
1652,71,18114,2025-03-06 02:07:39+00:00
1653,950,25942,2024-03-26 04:26:23+00:00
1654,467,55343,2024-01-31 00:24:24+00:00
1655,1103,33937,2024-10-03 03:02:46+00:00
1656,1353,110008,2024-04-04 20:16:14+00:00
1657,1450,33079,2024-07-23 08:37:25+00:00
1658,278,14294,2024-07-09 02:02:08+00:00
1659,22,20886,2024-10-18 07:15:56+00:00
1660,713,109777,2025-03-27 05:11:55+00:00
1661,783,51643,2024-08-21 18:28:21+00:00
1662,1627,78328,2024-04-14 13:14:26+00:00
1663,1409,7608,2024-08-20 12:29:06+00:00
1664,1817,67157,2025-09-01 23:23:09+00:00
1665,60,108978,2026-01-03 23:21:02+00:00
1666,697,105795,2024-05-27 09:21:37+00:00
1667,1117,13044,2025-07-30 19:26:46+00:00
1668,419,53254,2024-07-25 16:31:08+00:00
1669,477,17946,2024-11-20 09:35:10+00:00
1670,1664,84279,2025-02-28 08:32:48+00:00
1671,1284,14663,2025-07-19 16:28:18+00:00
1672,1187,83456,2025-06-11 22:24:44+00:00
1673,1644,26253,2026-01-07 18:10:31+00:00
1674,171,27327,2025-05-17 04:28:00+00:00
1675,1530,48682,2024-11-19 00:20:00+00:00
1676,951,35142,2024-08-19 13:03:21+00:00
1677,219,51508,2024-09-28 20:22:26+00:00
1678,1416,39843,2024-11-21 15:35:33+00:00
1679,523,75494,2025-08-17 07:57:12+00:00
1680,45,19137,2024-07-20 00:14:40+00:00
1681,1418,47715,2025-03-01 08:07:20+00:00
1682,851,92184,2024-10-12 01:47:55+00:00
1683,1687,32470,2025-09-09 20:57:01+00:00
1684,743,8207,2025-07-17 15:04:29+00:00
1685,318,61538,2025-01-16 11:45:33+00:00
1686,155,4885,2025-06-29 15:10:29+00:00
1687,1073,82423,2024-08-24 18:12:31+00:00
1688,287,76001,2024-03-08 17:02:38+00:00
1689,1745,65366,2025-06-03 12:38:06+00:00
1690,1900,82231,2024-07-17 16:37:55+00:00
1691,1915,56411,2024-08-26 09:11:00+00:00
1692,934,96838,2025-04-23 04:54:59+00:00
1693,435,56865,2026-01-05 18:42:19+00:00
1694,149,59579,2025-03-05 18:24:18+00:00
1695,1287,116510,2025-07-28 07:34:56+00:00
1696,1829,47628,2025-03-31 17:44:22+00:00
1697,361,109263,2025-05-22 10:40:55+00:00
1698,633,21990,2024-03-27 09:35:48+00:00
1699,613,114209,2024-10-03 05:05:02+00:00
1700,9,73861,2024-10-31 16:25:49+00:00
1701,708,50634,2025-10-22 22:48:31+00:00
1702,759,73520,2024-11-06 21:57:43+00:00
1703,167,10336,2025-02-05 12:15:59+00:00
1704,730,42943,2024-04-01 07:32:09+00:00
1705,215,17131,2025-05-22 15:05:03+00:00
1706,1034,10632,2025-12-21 13:45:05+00:00
1707,738,23600,2025-09-16 13:25:26+00:00
1708,1542,28251,2025-04-08 02:06:18+00:00
1709,1176,73997,2025-02-11 16:03:08+00:00
1710,1453,3601,2024-10-17 17:50:36+00:00
1711,1738,88834,2025-01-29 08:28:45+00:00
1712,1692,96054,2024-10-16 05:02:32+00:00
1713,1867,63923,2024-12-09 23:27:45+00:00
1714,74,10443,2025-02-04 21:22:16+00:00
1715,930,40111,2025-05-20 19:47:04+00:00
1716,1741,46973,2025-09-04 16:49:32+00:00
1717,1938,97540,2025-04-10 13:39:00+00:00
1718,438,91498,2025-11-09 17:05:14+00:00
1719,174,78317,2026-01-09 08:30:31+00:00
1720,1433,72555,2024-06-02 16:05:55+00:00
1721,1351,16735,2025-08-15 23:06:13+00:00
1722,1210,22181,2025-01-06 21:01:41+00:00
1723,1653,899,2024-04-04 16:23:05+00:00
1724,720,69426,2025-05-08 00:22:48+00:00
1725,957,45030,2024-09-29 13:26:06+00:00
1726,1740,41916,2024-07-26 17:06:16+00:00
1727,974,109750,2025-05-27 18:29:21+00:00
1728,1225,47453,2025-11-04 00:56:36+00:00
1729,621,31033,2025-08-05 22:26:53+00:00
1730,854,115538,2025-06-21 17:18:37+00:00
1731,235,20560,2024-08-18 18:07:52+00:00
1732,1386,107529,2024-04-12 01:24:47+00:00
1733,70,70004,2024-10-30 03:29:28+00:00
1734,1100,48306,2024-12-09 20:26:31+00:00
1735,575,99185,2024-05-07 04:09:55+00:00
1736,1608,48964,2025-01-20 01:39:47+00:00
1737,466,4177,2024-09-04 14:24:52+00:00
1738,1733,84511,2025-08-19 20:07:02+00:00
1739,1907,82343,2025-12-14 22:21:42+00:00
1740,501,16410,2025-04-13 21:32:36+00:00
1741,663,4958,2024-06-09 11:18:05+00:00
1742,754,46443,2025-07-16 04:06:50+00:00
1743,757,119763,2025-11-08 13:30:43+00:00
1744,1927,109217,2025-08-16 04:36:05+00:00
1745,1927,12552,2024-06-26 14:02:24+00:00
1746,1608,58988,2025-07-13 04:03:17+00:00
1747,962,110656,2025-01-01 15:45:19+00:00
1748,1833,114353,2024-09-01 21:12:28+00:00
1749,1682,19486,2024-11-26 04:33:59+00:00
1750,969,49215,2025-07-21 07:44:57+00:00
1751,1480,74382,2024-09-08 17:08:03+00:00
1752,868,66064,2025-12-19 06:09:10+00:00
1753,1136,64486,2024-09-16 15:10:09+00:00
1754,8,59946,2024-09-30 15:21:53+00:00
1755,890,36343,2024-05-14 09:46:33+00:00
1756,940,30432,2024-11-13 09:19:46+00:00
1757,1679,64024,2025-01-22 22:42:55+00:00
1758,432,66941,2024-05-13 09:42:17+00:00
1759,650,8491,2025-06-10 00:46:51+00:00
1760,1322,70955,2024-02-07 15:11:40+00:00
1761,107,32137,2025-11-11 10:30:40+00:00
1762,227,88601,2025-11-19 02:54:25+00:00
1763,954,28861,2025-11-07 14:32:40+00:00
1764,1778,17444,2025-07-01 20:55:36+00:00
1765,856,116975,2024-12-09 08:15:10+00:00
1766,350,26101,2024-12-25 04:46:56+00:00
1767,772,50624,2024-12-19 11:33:23+00:00
1768,1930,86207,2025-12-26 10:11:28+00:00
1769,1733,63321,2024-02-18 07:09:26+00:00
1770,1938,44902,2025-01-31 06:57:49+00:00
1771,53,15819,2025-12-02 08:07:57+00:00
1772,77,57911,2025-05-12 11:12:16+00:00
1773,1874,76277,2024-01-20 13:44:30+00:00
1774,1989,15172,2025-04-19 05:26:05+00:00
1775,1138,80787,2024-02-19 18:10:31+00:00
1776,1695,63929,2025-03-21 21:16:18+00:00
1777,1929,119914,2024-02-21 13:15:14+00:00
1778,1338,105758,2024-05-08 12:44:18+00:00
1779,1869,88543,2024-09-04 18:30:17+00:00
1780,853,98072,2024-10-17 02:37:16+00:00
1781,1778,27949,2025-09-07 12:52:30+00:00
1782,1715,91780,2025-01-14 06:46:53+00:00
1783,1745,16460,2024-10-26 10:03:42+00:00
1784,1592,106117,2025-08-16 14:20:11+00:00
1785,530,23751,2024-03-08 12:39:27+00:00
1786,1020,8363,2025-05-20 05:57:24+00:00
1787,1650,95,2025-04-19 05:19:36+00:00
1788,1110,33474,2025-02-05 04:13:03+00:00
1789,569,116890,2025-04-21 04:40:40+00:00
1790,1901,82619,2024-06-02 11:59:26+00:00
1791,1647,24473,2024-02-22 06:26:17+00:00
1792,1294,102327,2025-03-16 18:58:15+00:00
1793,1961,9600,2025-04-09 04:47:24+00:00
1794,929,105851,2025-04-15 12:51:41+00:00
1795,1995,62182,2024-09-20 03:54:39+00:00
1796,1268,109870,2025-12-09 13:02:43+00:00
1797,1070,71910,2024-06-18 16:24:34+00:00
1798,476,82129,2025-02-21 05:10:14+00:00
1799,51,35225,2025-01-18 17:11:18+00:00
1800,1130,102168,2024-10-19 05:45:14+00:00
1801,201,115160,2025-08-06 07:51:56+00:00
1802,1386,104935,2025-03-08 09:30:08+00:00
1803,198,94719,2024-01-22 12:45:10+00:00
1804,1793,91565,2024-08-30 16:20:39+00:00
1805,1229,107768,2025-11-11 19:39:29+00:00
1806,156,81676,2025-03-26 01:43:31+00:00
1807,585,80862,2024-12-20 21:47:02+00:00
1808,766,93396,2024-08-13 17:16:37+00:00
1809,106,19434,2025-12-11 16:28:22+00:00
1810,1816,27404,2024-08-17 17:18:31+00:00
1811,56,52696,2026-01-06 06:49:42+00:00
1812,794,89035,2024-11-03 20:33:20+00:00
1813,142,10710,2024-10-10 06:47:54+00:00
1814,1612,86478,2024-06-15 12:39:17+00:00
1815,1721,81265,2025-07-23 18:22:08+00:00
1816,1326,95335,2025-08-11 01:29:02+00:00
1817,177,78164,2025-11-24 12:57:59+00:00
1818,1386,73081,2024-02-24 00:44:59+00:00
1819,612,85046,2025-11-05 20:06:33+00:00
1820,1202,33178,2024-08-25 22:56:42+00:00
1821,366,54686,2025-05-14 14:32:18+00:00
1822,1492,89467,2025-05-07 15:59:19+00:00
1823,930,25572,2024-05-02 20:59:59+00:00
1824,592,35738,2024-12-04 10:43:53+00:00
1825,892,91977,2024-03-19 23:21:27+00:00
1826,806,77913,2024-04-22 00:21:32+00:00
1827,154,101232,2025-02-05 13:44:54+00:00
1828,1860,108826,2024-02-24 20:19:03+00:00
1829,14,17920,2024-10-19 06:23:59+00:00
1830,635,43629,2024-04-11 06:10:55+00:00
1831,1367,1318,2024-01-11 11:30:09+00:00
1832,1531,65155,2024-07-22 04:12:51+00:00
1833,1091,68105,2025-07-17 08:24:57+00:00
1834,1094,40319,2025-01-19 16:09:39+00:00
1835,1359,72559,2025-01-24 10:54:43+00:00
1836,1285,80027,2024-12-17 20:22:35+00:00
1837,1471,113973,2024-05-12 19:18:23+00:00
1838,654,63867,2024-04-08 17:05:40+00:00
1839,1028,36812,2024-05-14 02:15:21+00:00
1840,1164,81622,2025-06-14 12:40:43+00:00
1841,1338,34450,2024-07-24 12:45:10+00:00
1842,128,5670,2024-10-05 14:57:50+00:00
1843,1318,20077,2024-07-06 11:26:57+00:00
1844,1908,54823,2024-06-26 07:19:59+00:00
1845,516,27677,2024-08-25 18:52:58+00:00
1846,756,103485,2025-03-28 05:49:59+00:00
1847,792,1842,2025-11-26 15:27:09+00:00
1848,904,66010,2024-11-20 07:48:45+00:00
1849,785,32656,2025-11-07 13:09:02+00:00
1850,156,11233,2024-03-25 12:05:25+00:00
1851,1947,79759,2024-08-07 13:12:05+00:00
1852,1087,112594,2025-01-16 10:07:55+00:00
1853,877,24406,2024-02-16 10:31:20+00:00
1854,782,20845,2024-12-07 17:34:21+00:00
1855,1022,105667,2025-03-01 02:22:47+00:00
1856,1700,42841,2024-08-05 13:32:51+00:00
1857,303,105674,2025-04-12 06:23:36+00:00
1858,290,88790,2025-01-18 01:15:18+00:00
1859,1989,30674,2024-04-04 02:58:30+00:00
1860,1171,33475,2024-12-28 15:36:10+00:00
1861,1974,83047,2025-06-23 18:36:29+00:00
1862,1148,54038,2024-08-09 01:07:06+00:00
1863,371,38023,2024-09-02 06:49:39+00:00
1864,192,94993,2024-09-12 03:32:59+00:00
1865,218,78856,2025-05-05 10:10:45+00:00
1866,1692,14088,2025-02-22 18:01:47+00:00
1867,778,29512,2024-09-11 22:13:29+00:00
1868,1291,4761,2025-11-03 20:54:23+00:00
1869,252,81686,2025-04-12 14:06:19+00:00
1870,1419,60487,2024-05-10 18:20:44+00:00
1871,1598,40447,2025-10-08 10:21:58+00:00
1872,1062,5768,2024-10-01 19:03:27+00:00
1873,849,5524,2024-03-02 10:21:33+00:00
1874,1921,113697,2025-01-17 20:55:30+00:00
1875,436,15264,2025-08-11 10:54:17+00:00
1876,233,15071,2025-03-21 05:33:54+00:00
1877,663,114211,2024-10-28 05:25:47+00:00
1878,1489,3785,2025-07-21 14:18:22+00:00
1879,1529,99933,2024-12-27 06:18:46+00:00
1880,1362,75187,2025-09-18 06:55:15+00:00
1881,959,119682,2024-09-18 07:53:53+00:00
1882,1269,4667,2024-04-20 13:08:36+00:00
1883,788,51183,2024-12-29 20:16:39+00:00
1884,631,42726,2024-04-14 18:45:01+00:00
1885,483,119636,2025-07-20 22:06:24+00:00
1886,189,80596,2025-03-03 20:35:24+00:00
1887,1714,103657,2025-07-15 08:58:42+00:00
1888,1767,7480,2025-03-09 14:29:32+00:00
1889,1929,33498,2025-08-23 11:45:53+00:00
1890,1375,89187,2025-11-15 11:14:40+00:00
1891,240,91395,2024-10-29 18:51:12+00:00
1892,323,83048,2025-05-06 08:26:59+00:00
1893,1021,9970,2025-04-17 06:47:55+00:00
1894,48,68514,2024-04-20 22:55:28+00:00
1895,58,21489,2024-05-15 11:56:16+00:00
1896,310,40288,2024-09-18 18:00:24+00:00
1897,1346,201,2025-01-31 12:28:37+00:00
1898,1367,87824,2024-09-18 04:32:19+00:00
1899,1274,98943,2024-11-18 05:39:05+00:00
1900,985,5988,2024-10-01 08:12:18+00:00
1901,1202,74272,2024-06-16 10:13:00+00:00
1902,1009,69054,2024-01-12 19:11:58+00:00
1903,1075,93225,2024-03-22 19:23:32+00:00
1904,772,11009,2024-12-13 22:03:02+00:00
1905,777,71886,2024-09-11 09:36:09+00:00
1906,1186,98533,2024-07-21 12:11:53+00:00
1907,234,30198,2025-03-08 14:04:46+00:00
1908,1857,65739,2024-12-14 00:33:03+00:00
1909,1400,63087,2025-07-14 12:35:21+00:00
1910,680,119532,2025-02-28 16:53:16+00:00
1911,385,50486,2024-06-03 06:42:07+00:00
1912,576,66716,2025-08-16 06:56:14+00:00
1913,559,42026,2024-01-18 05:51:27+00:00
1914,920,58705,2025-02-07 15:54:22+00:00
1915,374,31414,2024-06-27 06:19:45+00:00
1916,1076,29413,2024-04-15 16:15:03+00:00
1917,1902,27511,2024-11-11 18:43:09+00:00
1918,737,29760,2025-11-29 16:38:10+00:00
1919,443,65886,2025-05-25 16:23:18+00:00
1920,524,26350,2025-06-11 04:41:02+00:00
1921,1951,116924,2025-08-13 00:26:25+00:00
1922,594,85870,2025-08-15 11:40:26+00:00
1923,673,63004,2025-10-29 08:26:07+00:00
1924,1817,113114,2024-04-14 13:57:09+00:00
1925,1869,7938,2025-04-27 01:50:34+00:00
1926,1014,115689,2024-05-11 18:46:00+00:00
1927,504,107794,2025-10-26 13:17:35+00:00
1928,2000,8302,2025-12-17 14:27:04+00:00
1929,1753,52045,2025-01-15 02:18:48+00:00
1930,41,58323,2025-07-19 22:17:57+00:00
1931,1263,63071,2025-08-02 09:37:07+00:00
1932,1830,70882,2025-11-05 08:34:11+00:00
1933,1072,45093,2024-10-11 11:21:31+00:00
1934,731,13428,2024-10-28 05:55:59+00:00
1935,38,19840,2024-11-18 06:27:31+00:00
1936,726,21598,2024-11-29 11:19:40+00:00
1937,580,3905,2025-12-06 13:34:25+00:00
1938,803,76149,2025-09-27 12:59:52+00:00
1939,1930,24252,2025-06-16 23:31:40+00:00
1940,1237,101405,2026-01-07 06:18:04+00:00
1941,1539,108623,2025-10-26 07:12:24+00:00
1942,1574,71976,2025-01-16 19:15:18+00:00
1943,1979,8268,2024-11-12 20:47:49+00:00
1944,1246,65882,2024-06-16 00:04:44+00:00
1945,846,13867,2025-06-20 09:10:59+00:00
1946,187,26104,2025-08-31 07:20:39+00:00
1947,1582,25294,2025-01-07 19:53:50+00:00
1948,1987,18163,2024-10-30 13:40:30+00:00
1949,1745,75734,2024-10-26 16:19:11+00:00
1950,1810,68319,2024-12-20 13:01:19+00:00
1951,1975,86975,2025-01-05 16:29:33+00:00
1952,480,31204,2025-05-03 00:35:27+00:00
1953,842,15104,2024-12-06 14:48:14+00:00
1954,1073,89715,2025-03-12 00:55:26+00:00
1955,1436,60601,2025-11-21 08:09:31+00:00
1956,165,16113,2024-03-20 02:46:40+00:00
1957,1415,107365,2024-10-07 11:37:10+00:00
1958,412,71046,2026-01-05 12:19:08+00:00
1959,1178,59987,2024-03-23 01:16:17+00:00
1960,1254,100020,2025-11-03 06:47:33+00:00
1961,1732,34615,2025-12-13 22:47:45+00:00
1962,1158,18252,2025-04-18 21:48:34+00:00
1963,1910,14679,2024-10-25 05:59:36+00:00
1964,37,67432,2025-03-09 18:25:22+00:00
1965,1024,1925,2024-10-30 12:59:34+00:00
1966,1520,108436,2024-09-05 06:55:27+00:00
1967,665,92264,2025-11-08 19:21:34+00:00
1968,1544,98807,2025-04-09 13:09:36+00:00
1969,1759,4139,2024-01-13 02:52:08+00:00
1970,1533,8848,2025-05-05 16:33:48+00:00
1971,230,78217,2025-11-03 03:29:58+00:00
1972,1950,89401,2024-04-05 00:05:57+00:00
1973,1215,25543,2025-06-29 22:47:47+00:00
1974,1693,58675,2025-12-24 06:56:48+00:00
1975,968,88362,2024-02-18 11:05:49+00:00
1976,1870,53465,2024-12-18 05:19:42+00:00
1977,1539,80232,2024-09-01 03:34:39+00:00
1978,764,86686,2024-10-14 11:59:14+00:00
1979,1470,79509,2024-08-17 12:22:26+00:00
1980,1783,100931,2025-04-21 19:27:01+00:00
1981,957,29141,2024-04-27 23:03:43+00:00
1982,1238,29350,2025-02-05 03:44:02+00:00
1983,151,6705,2025-06-02 00:10:32+00:00
1984,1186,100895,2024-06-08 15:01:24+00:00
1985,416,13043,2024-05-22 20:32:02+00:00
1986,12,33596,2024-08-13 00:33:32+00:00
1987,544,65109,2025-04-12 18:45:11+00:00
1988,12,32980,2025-06-15 23:40:06+00:00
1989,1951,72747,2025-11-11 21:38:28+00:00
1990,1735,84079,2025-04-11 06:04:08+00:00
1991,1421,105913,2025-07-14 10:13:17+00:00
1992,1573,108275,2024-02-08 05:15:23+00:00
1993,1348,767,2024-06-16 12:49:23+00:00
1994,114,29247,2024-03-16 21:22:32+00:00
1995,1485,83051,2024-03-19 04:07:15+00:00
1996,674,80414,2024-09-17 09:43:22+00:00
1997,236,21033,2025-11-11 10:17:41+00:00
1998,471,57235,2025-05-23 23:10:03+00:00
1999,855,106470,2025-08-24 16:08:53+00:00
2000,321,1892,2025-04-01 05:27:18+00:00
